100,1607974225551
93.827156,1607974225652
93.75,1607974225752
93.80165,1607974225853
94.020615,1607974225954
93.80165,1607974226055
93.75,1607974226155
94.020615,1607974226256
93.80165,1607974226357
93.80165,1607974226457
93.76299,1607974226558
94.00827,1607974226659
93.81443,1607974226760
93.80165,1607974226860
93.76299,1607974226961
93.99586,1607974227062
93.81443,1607974227163
93.80165,1607974227263
93.77593,1607974227364
93.81443,1607974227465
93.81443,1607974227566
93.80165,1607974227666
93.958336,1607974227767
93.80165,1607974227868
91.32231,1607974227969
93.81443,1607974228070
93.75,1607974228170
94.00827,1607974228271
93.81443,1607974228372
93.80165,1607974228473
93.81443,1607974228573
93.94572,1607974228674
93.80165,1607974228775
93.81443,1607974228876
93.80165,1607974228976
93.77593,1607974229077
93.99586,1607974229178
93.81443,1607974229279
93.81443,1607974229379
93.75,1607974229480
94.00827,1607974229581
93.81443,1607974229682
93.80165,1607974229782
93.76299,1607974229883
94.00827,1607974229984
93.81443,1607974230085
93.80165,1607974230185
93.76299,1607974230286
93.99586,1607974230387
93.81443,1607974230488
93.81443,1607974230588
93.94572,1607974230689
93.81443,1607974230790
93.81443,1607974230891
93.76026,1607974231018
94.020615,1607974231119
93.80165,1607974231219
93.76299,1607974231320
93.80165,1607974231421
94.020615,1607974231522
93.80165,1607974231622
93.75,1607974231723
94.00827,1607974231824
93.81443,1607974231925
93.75,1607974232025
94.00827,1607974232126
93.81443,1607974232227
93.80165,1607974232327
93.75,1607974232428
94.00827,1607974232529
93.81443,1607974232630
93.75,1607974232730
93.81443,1607974232831
93.99586,1607974232932
93.827156,1607974233032
90.81419,1607974233133
93.81443,1607974233234
93.827156,1607974233335
93.81443,1607974233435
93.958336,1607974233536
93.80165,1607974233637
93.81443,1607974233738
93.81443,1607974233838
93.94572,1607974233939
93.81443,1607974234040
93.81443,1607974234140
93.76299,1607974234241
94.00827,1607974234342
93.81443,1607974234443
93.80165,1607974234543
93.958336,1607974234644
93.81443,1607974234745
93.81443,1607974234846
93.81443,1607974234946
93.73695,1607974235047
94.2268,1607974235148
93.80165,1607974235249
93.81443,1607974235349
93.94572,1607974235450
93.827156,1607974235551
94.00827,1607974235652
93.80165,1607974235753
93.81443,1607974235853
93.75,1607974235954
94.00827,1607974236055
93.81443,1607974236156
93.80165,1607974236257
93.75,1607974236357
93.81443,1607974236458
93.80165,1607974236559
94.00827,1607974236660
93.81443,1607974236760
93.75,1607974236861
93.81443,1607974236962
94.409935,1607974237063
93.81443,1607974237164
93.80165,1607974237264
93.75,1607974237365
94.00827,1607974237466
93.81443,1607974237567
93.81443,1607974237668
94.00827,1607974237768
93.75,1607974237869
93.81443,1607974237970
93.81443,1607974238071
94.00827,1607974238172
89.39709,1607974238272
93.827156,1607974238373
93.81443,1607974238474
95.24794,1607974238575
95.454544,1607974238676
95.24794,1607974238777
95.21829,1607974238877
95.46392,1607974238978
95.86777,1607974239079
95.454544,1607974239180
95.04132,1607974239280
95.42619,1607974239381
95.661156,1607974239482
95.04132,1607974239583
94.855965,1607974239684
95.454544,1607974239784
95.634094,1607974239885
95.03106,1607974239986
95.454544,1607974240087
95.679016,1607974240187
95.841995,1607974240288
95.850624,1607974240389
98.35051,1607974240490
95.46392,1607974240591
97.07725,1607974240691
95.86777,1607974240792
96.28866,1607974240893
96.07438,1607974240994
98.55967,1607974241095
97.10744,1607974241195
96.0334,1607974241296
96.900826,1607974241397
96.28866,1607974241498
96.694214,1607974241598
96.450935,1607974241699
96.900826,1607974241800
96.49485,1607974241901
97.72727,1607974242002
96.041664,1607974242102
97.54601,1607974242204
98.5567,1607974242305
96.48033,1607974242406
98.5567,1607974242506
98.121086,1607974242607
96.694214,1607974242708
98.151955,1607974242809
97.72727,1607974242910
97.52577,1607974243010
97.291664,1607974243111
96.49485,1607974243212
98.35051,1607974243313
97.71784,1607974243413
98.333336,1607974243514
97.736626,1607974243615
96.88796,1607974243716
99.38271,1607974243816
97.07725,1607974243917
96.701035,1607974244018
97.30849,1607974244119
97.31959,1607974244220
97.73196,1607974244320
97.79559,1607974244424
97.083336,1607974244525
99.18201,1607974244627
97.31405,1607974244728
96.53061,1607974244829
98.333336,1607974244930
96.91358,1607974245031
96.900826,1607974245132
97.73196,1607974245233
98.121086,1607974245333
96.90722,1607974245434
98.144325,1607974245535
96.28099,1607974245636
96.900826,1607974245736
96.450935,1607974245837
99.17355,1607974245938
96.701035,1607974246039
98.35051,1607974246140
98.132774,1607974246240
97.55601,1607974246343
96.08247,1607974246444
97.52066,1607974246545
95.859215,1607974246645
96.50206,1607974246746
97.28601,1607974246847
96.90722,1607974246948
96.90722,1607974247049
98.53862,1607974247149
96.08247,1607974247250
96.91358,1607974247351
97.10145,1607974247452
97.5052,1607974247552
97.31405,1607974247653
96.89441,1607974247754
98.97119,1607974247855
97.52066,1607974247955
96.0334,1607974248056
97.93814,1607974248157
96.4876,1607974248258
96.28866,1607974248358
96.86192,1607974248459
100,1607974248560
96.694214,1607974248661
96.50924,1607974248761
98.11716,1607974248862
98.34711,1607974248963
97.08172,1607974249070
97.52577,1607974249171
98.762886,1607974249272
96.900826,1607974249373
97.71784,1607974249473
97.71784,1607974249574
97.11935,1607974249675
97.095436,1607974249776
99.175255,1607974249877
96.900826,1607974249978
98.15951,1607974250080
99.58848,1607974250181
97.52066,1607974250281
96.08247,1607974250383
98.55372,1607974250483
98.7526,1607974250584
97.72727,1607974250685
98.76033,1607974250786
96.28099,1607974250887
97.72727,1607974250987
96.28866,1607974251089
97.31405,1607974251189
96.4657,1607974251290
97.92961,1607974251391
97.31959,1607974251492
97.10744,1607974251593
97.93388,1607974251694
96.28866,1607974251795
97.10145,1607974251895
97.93388,1607974251997
96.32653,1607974252098
97.07725,1607974252199
97.53087,1607974252300
97.31405,1607974252401
97.10145,1607974252501
98.3368,1607974252602
97.30849,1607974252703
98.55372,1607974252804
95.757576,1607974252906
99.791664,1607974253007
96.31902,1607974253109
95.661156,1607974253209
95.83333,1607974253310
98.24219,1607974253417
95.670105,1607974253518
98.55372,1607974253619
97.1134,1607974253720
98.55372,1607974253820
95.61586,1607974253921
97.31959,1607974254022
97.1134,1607974254123
97.52066,1607974254224
96.89441,1607974254324
96.458336,1607974254425
97.39479,1607974254529
97.30849,1607974254630
95.841995,1607974254730
97.722565,1607974254831
95.918365,1607974254932
97.07725,1607974255033
97.1134,1607974255134
97.52577,1607974255235
97.515526,1607974255335
97.46588,1607974255442
97.31959,1607974255544
96.900826,1607974255644
97.49478,1607974255745
98.140495,1607974255846
96.08247,1607974255947
96.08247,1607974256048
97.31959,1607974256148
96.28866,1607974256250
96.68737,1607974256351
97.341515,1607974256453
97.94239,1607974256554
95.051544,1607974256654
95.881386,1607974256782
94.86653,1607974256883
95.454544,1607974256984
97.91667,1607974257084
96.694214,1607974257185
97.52066,1607974257286
97.30849,1607974257387
95.25773,1607974257487
94.80249,1607974257588
97.31959,1607974257689
96.06625,1607974257790
97.31405,1607974257890
96.666664,1607974257991
97.52577,1607974258092
96.89441,1607974258193
96.701035,1607974258294
98.121086,1607974258394
97.31959,1607974258495
98.140495,1607974258596
96.48033,1607974258697
96.08247,1607974258798
96.3039,1607974258898
97.91667,1607974258999
97.52066,1607974259100
97.52066,1607974259201
97.93814,1607974259301
97.10744,1607974259403
97.10744,1607974259503
96.86848,1607974259604
97.10744,1607974259705
99.175255,1607974259806
96.08247,1607974259906
96.659706,1607974260007
98.34711,1607974260108
97.31959,1607974260209
97.52577,1607974260309
96.450935,1607974260410
98.144325,1607974260511
96.516396,1607974260612
97.10145,1607974260713
98.34369,1607974260814
97.52577,1607974260915
95.47325,1607974261015
98.53557,1607974261116
96.28866,1607974261217
96.07438,1607974261318
97.52066,1607974261418
96.8815,1607974261519
96.49485,1607974261620
96.900826,1607974261721
95.661156,1607974261821
97.07725,1607974261922
96.50206,1607974262023
98.75776,1607974262124
96.296295,1607974262224
98.121086,1607974262325
97.1134,1607974262426
99.58678,1607974262527
96.28099,1607974262628
96.707825,1607974262729
96.68737,1607974262830
96.458336,1607974262930
98.144325,1607974263031
99.17355,1607974263132
96.701035,1607974263233
96.28099,1607974263333
95.50102,1607974263436
100,1607974263536
98.32636,1607974263637
99.58763,1607974263738
96.694214,1607974263839
96.49485,1607974263939
97.708336,1607974264040
96.28866,1607974264141
96.88796,1607974264242
96.09054,1607974264342
97.5,1607974264443
97.1134,1607974264544
96.694214,1607974264645
96.06625,1607974264746
97.73196,1607974264846
96.0499,1607974264947
96.07438,1607974265048
96.6805,1607974265149
96.296295,1607974265249
96.875,1607974265350
98.34369,1607974265451
97.93388,1607974265552
98.35051,1607974265652
96.900826,1607974265753
95.020744,1607974265854
98.3368,1607974265955
96.78715,1607974266059
97.73196,1607974266159
96.875,1607974266260
96.49485,1607974266361
96.4876,1607974266462
98.34711,1607974266562
97.5,1607974266663
97.54601,1607974266764
97.912315,1607974266865
97.22222,1607974266970
98.97751,1607974267072
96.875,1607974267172
96.28099,1607974267273
95.87629,1607974267374
96.900826,1607974267475
96.694214,1607974267575
96.05809,1607974267676
96.4876,1607974267777
96.68737,1607974267878
96.694214,1607974267978
94.57203,1607974268079
95.25773,1607974268180
98.140495,1607974268281
94.628105,1607974268381
94.98956,1607974268482
97.1831,1607974268586
97.3251,1607974268686
98.333336,1607974268787
97.93388,1607974268888
95.87629,1607974268989
96.90722,1607974269090
98.74739,1607974269190
98.5567,1607974269291
96.74134,1607974269393
99.171844,1607974269494
97.31959,1607974269594
97.912315,1607974269695
97.1134,1607974269796
97.92961,1607974269897
95.88477,1607974269998
98.96694,1607974270098
97.698746,1607974270199
95.267494,1607974270300
98.140495,1607974270401
95.86777,1607974270501
94.583336,1607974270602
95.71428,1607974270704
95.04132,1607974270805
91.85803,1607974270905
91.1157,1607974271006
92.16495,1607974271107
90.72165,1607974271208
92.90188,1607974271308
96.4876,1607974271409
96.08247,1607974271510
94.83471,1607974271611
97.10145,1607974271711
95.625,1607974271812
94.84536,1607974271913
96.4876,1607974272014
94.84536,1607974272114
94.57203,1607974272215
94.855965,1607974272316
96.28099,1607974272417
95.051544,1607974272517
97.2973,1607974272618
94.6502,1607974272719
94.83471,1607974272820
95.2381,1607974272921
93.19588,1607974273022
92.7686,1607974273122
92.90188,1607974273223
95.06173,1607974273324
98.35051,1607974273425
95.87629,1607974273525
94.78079,1607974273626
95.2381,1607974273727
96.07438,1607974273828
94.6502,1607974273928
94.57203,1607974274029
92.827866,1607974274131
94.9187,1607974274233
95.859215,1607974274334
96.701035,1607974274434
94.78079,1607974274535
94.84536,1607974274636
96.48033,1607974274737
94.639175,1607974274837
94.57203,1607974274938
94.855965,1607974275039
96.07438,1607974275140
95.04132,1607974275240
96.12278,1607974275370
97.10145,1607974275471
96.91358,1607974275572
97.1134,1607974275672
99.79123,1607974275773
96.694214,1607974275874
97.10744,1607974275975
96.89441,1607974276075
97.708336,1607974276176
96.900826,1607974276277
97.52066,1607974276378
97.52577,1607974276479
98.765434,1607974276580
98.35051,1607974276681
97.31959,1607974276781
99.164925,1607974276882
95.03106,1607974276983
96.296295,1607974277084
96.91992,1607974277186
97.31959,1607974277287
98.77551,1607974277389
97.31405,1607974277490
96.07438,1607974277590
97.708336,1607974277691
97.73196,1607974277792
96.694214,1607974277893
98.144325,1607974277994
97.15447,1607974278096
97.93814,1607974278197
95.625,1607974278298
97.33607,1607974278400
98.96907,1607974278501
97.13702,1607974278602
98.3368,1607974278703
97.10744,1607974278804
97.93814,1607974278905
97.52066,1607974279005
96.659706,1607974279106
97.31405,1607974279207
98.144325,1607974279308
97.10744,1607974279408
94.78079,1607974279509
94.6502,1607974279610
97.30849,1607974279711
95.46392,1607974279811
96.21451,1607974279943
95.208336,1607974280044
97.74128,1607974280146
96.707825,1607974280246
96.450935,1607974280347
96.49485,1607974280448
97.10744,1607974280549
96.08247,1607974280650
97.07725,1607974280750
96.90722,1607974280851
99.58678,1607974280952
97.53087,1607974281053
97.31405,1607974281153
97.49478,1607974281254
96.28866,1607974281355
97.93814,1607974281456
99.01575,1607974281561
97.703545,1607974281662
96.48033,1607974281763
97.11935,1607974281864
98.5567,1607974281965
97.2973,1607974282065
97.510376,1607974282166
96.09054,1607974282267
96.68737,1607974282368
96.694214,1607974282468
98.1289,1607974282569
96.28099,1607974282670
94.639175,1607974282771
95.24794,1607974282871
97.7131,1607974282972
94.628105,1607974283073
95.04132,1607974283174
96.89441,1607974283274
96.97581,1607974283378
97.10145,1607974283479
96.666664,1607974283579
97.10744,1607974283680
97.1134,1607974283781
98.588715,1607974283884
98.35051,1607974283985
97.93388,1607974284086
98.76033,1607974284187
97.72727,1607974284287
94.80249,1607974284388
96.06625,1607974284489
95.06173,1607974284590
99.17355,1607974284691
97.92531,1607974284791
98.55073,1607974284892
98.144325,1607974284993
96.694214,1607974285094
96.701035,1607974285195
97.49478,1607974285295
96.28866,1607974285396
98.76033,1607974285497
96.42147,1607974285602
98.35051,1607974285702
96.86848,1607974285803
95.86777,1607974285904
98.04561,1607974286032
95.661156,1607974286132
97.912315,1607974286233
97.52577,1607974286334
96.49485,1607974286435
96.89441,1607974286535
97.291664,1607974286636
97.72727,1607974286737
96.28866,1607974286838
96.516396,1607974286940
98.55967,1607974287041
95.04132,1607974287142
94.59459,1607974287242
94.83471,1607974287343
95.454544,1607974287444
98.35051,1607974287545
98.35051,1607974287645
96.23431,1607974287746
95.04132,1607974287847
94.84536,1607974287948
94.628105,1607974288049
94.81328,1607974288149
95.01039,1607974288250
95.07187,1607974288351
97.30849,1607974288452
96.82539,1607974288557
97.515526,1607974288658
97.0297,1607974288762
98.53862,1607974288863
97.72727,1607974288964
96.694214,1607974289065
96.28099,1607974289165
98.541664,1607974289266
96.90722,1607974289367
93.19588,1607974289468
97.92961,1607974289568
96.25,1607974289669
96.4876,1607974289770
97.171715,1607974289873
96.48033,1607974289974
97.52577,1607974290075
95.87629,1607974290176
97.52066,1607974290277
97.703545,1607974290377
97.53087,1607974290478
97.72727,1607974290579
97.10744,1607974290680
95.87629,1607974290780
97.48954,1607974290881
97.93814,1607974290982
96.4876,1607974291083
98.140495,1607974291184
97.71784,1607974291284
96.47302,1607974291385
98.144325,1607974291486
97.31405,1607974291587
97.5052,1607974291687
95.661156,1607974291788
96.4876,1607974291889
97.10744,1607974291990
97.93814,1607974292091
96.28099,1607974292192
96.701035,1607974292292
96.86848,1607974292393
97.93814,1607974292494
96.89441,1607974292595
96.28866,1607974292695
97.28601,1607974292796
98.78788,1607974292899
98.15951,1607974293000
97.52577,1607974293101
97.291664,1607974293202
96.694214,1607974293303
96.48033,1607974293404
98.5567,1607974293504
97.93388,1607974293605
97.91667,1607974293706
98.55073,1607974293807
97.52577,1607974293908
96.3039,1607974294009
97.1134,1607974294109
97.291664,1607974294210
97.10145,1607974294311
96.49485,1607974294412
96.89441,1607974294512
95.82464,1607974294613
96.701035,1607974294714
96.90722,1607974294815
97.31405,1607974294916
96.93251,1607974295018
99.79757,1607974295120
97.5052,1607974295221
97.035576,1607974295326
97.7131,1607974295427
97.722565,1607974295528
96.900826,1607974295629
97.52066,1607974295729
96.52351,1607974295831
96.4657,1607974295932
98.964806,1607974296033
98.5567,1607974296134
98.140495,1607974296235
97.73196,1607974296335
97.5,1607974296436
97.54601,1607974296538
96.900826,1607974296638
98.541664,1607974296739
98.77301,1607974296841
96.4657,1607974296941
96.68737,1607974297042
96.694214,1607974297143
96.49485,1607974297244
98.144325,1607974297344
96.850395,1607974297451
97.30849,1607974297552
95.661156,1607974297652
95,1607974297753
96.28099,1607974297854
96.49485,1607974297955
97.10744,1607974298055
97.5,1607974298156
100,1607974298257
97.31405,1607974298358
96.694214,1607974298458
98.53862,1607974298559
97.53087,1607974298660
95.661156,1607974298761
96.900826,1607974298862
97.708336,1607974298962
97.52066,1607974299063
97.31959,1607974299164
96.694214,1607974299265
96.694214,1607974299365
96.4657,1607974299466
99.58763,1607974299567
92.63804,1607974299668
96.28099,1607974299769
97.10744,1607974299870
98.3368,1607974299971
100,1607974300073
96.86192,1607974300174
97.52577,1607974300275
96.08247,1607974300376
96.07438,1607974300476
97.291664,1607974300577
97.31405,1607974300678
97.52577,1607974300779
97.31405,1607974300880
97.515526,1607974300980
96.2578,1607974301081
97.31959,1607974301182
97.72727,1607974301283
96.27329,1607974301383
96.8815,1607974301484
97.72727,1607974301585
98.35051,1607974301686
97.722565,1607974301787
96.89441,1607974301887
96.36363,1607974301991
96.52351,1607974302093
96.458336,1607974302193
96.28099,1607974302294
94.84536,1607974302395
95.267494,1607974302496
97.912315,1607974302596
97.95082,1607974302698
96.701035,1607974302799
96.28866,1607974302900
98.34369,1607974303000
96.0499,1607974303101
97.31959,1607974303202
96.701035,1607974303303
97.722565,1607974303403
97.28601,1607974303504
96.90722,1607974303605
97.31959,1607974303706
99.380165,1607974303806
98.541664,1607974303907
94.00827,1607974304008
96.49485,1607974304109
95.87629,1607974304209
97.703545,1607974304310
95.86777,1607974304411
96.900826,1607974304512
98.97119,1607974304612
97.52852,1607974304722
95,1607974304823
98.17444,1607974304926
96.49485,1607974305026
96.938774,1607974305129
96.90722,1607974305229
96.4876,1607974305330
96.25,1607974305431
98.55372,1607974305532
96.900826,1607974305633
97.53087,1607974305733
98.96694,1607974305835
96.900826,1607974305936
95.850624,1607974306036
96.458336,1607974306137
97.93814,1607974306238
97.515526,1607974306339
96.90722,1607974306439
99.583336,1607974306540
96.49485,1607974306641
96.900826,1607974306742
96.900826,1607974306842
99.375,1607974306943
96.694214,1607974307044
97.31405,1607974307145
96.694214,1607974307246
97.755104,1607974307347
96.86192,1607974307448
97.10744,1607974307549
96.4876,1607974307650
98.96907,1607974307750
96.68737,1607974307851
98.1289,1607974307952
96.28099,1607974308053
96.49485,1607974308154
97.52066,1607974308255
96.89441,1607974308355
97.0894,1607974308456
97.63313,1607974308561
98.3368,1607974308662
95.04132,1607974308763
97.31405,1607974308864
98.76033,1607974308965
97.912315,1607974309065
97.31959,1607974309166
96.701035,1607974309267
96.89441,1607974309368
96.296295,1607974309468
96.86192,1607974309569
97.244095,1607974309674
98.3368,1607974309775
96.08247,1607974309876
99.18201,1607974309978
96.900826,1607974310079
98.140495,1607974310179
96.6805,1607974310280
98.144325,1607974310381
98.96694,1607974310482
95.90164,1607974310583
97.31959,1607974310684
94.639175,1607974310785
97.3251,1607974310886
97.722565,1607974310987
97.93388,1607974311088
96.701035,1607974311189
97.10744,1607974311290
97.52577,1607974311391
96.28099,1607974311492
97.10744,1607974311593
98.13664,1607974311694
96.49485,1607974311795
96.900826,1607974311896
97.93388,1607974311997
98.144325,1607974312098
97.72727,1607974312199
96.701035,1607974312300
99.58763,1607974312401
97.30849,1607974312502
96.707825,1607974312603
97.722565,1607974312704
97.535934,1607974312805
97.31405,1607974312906
97.10744,1607974313007
96.49485,1607974313108
97.52066,1607974313209
97.1134,1607974313310
96.90722,1607974313411
97.708336,1607974313512
96.27329,1607974313613
98.35391,1607974313714
96.47302,1607974313814
96.6736,1607974313915
97.515526,1607974314016
97.93388,1607974314117
95.46392,1607974314218
95.83333,1607974314318
97.515526,1607974314419
97.53087,1607974314520
97.92961,1607974314621
94.23868,1607974314722
98.34711,1607974314823
97.02381,1607974314928
93.305435,1607974315028
96.09054,1607974315129
96.694214,1607974315230
95.661156,1607974315331
96.4876,1607974315432
96.49485,1607974315532
96.666664,1607974315633
97.31405,1607974315734
96.4876,1607974315835
98.96694,1607974315935
96.25,1607974316036
96.49485,1607974316137
94.82401,1607974316238
96.07438,1607974316338
94.98956,1607974316439
95.47325,1607974316540
95.661156,1607974316641
97.10145,1607974316741
94.78079,1607974316842
94.639175,1607974316943
94.68303,1607974317045
95.24794,1607974317146
98.762886,1607974317246
93.958336,1607974317347
96.48033,1607974317448
95.661156,1607974317549
95.86777,1607974317649
98.15951,1607974317751
97.095436,1607974317852
96.90722,1607974317953
96.4876,1607974318054
97.31405,1607974318154
94.375,1607974318255
95.03106,1607974318356
94.83471,1607974318457
96.4876,1607974318557
94.15449,1607974318658
95.06173,1607974318759
94.82401,1607974318860
95.859215,1607974318961
96.900826,1607974319061
95.83333,1607974319162
96.49485,1607974319263
95.051544,1607974319364
95.03106,1607974319464
95.625,1607974319565
95.661156,1607974319666
95.88477,1607974319767
95.679016,1607974319868
94.628105,1607974319968
97.5,1607974320069
99.02152,1607974320176
97.95082,1607974320277
95.416664,1607974320378
96.694214,1607974320479
95.63492,1607974320583
94.78079,1607974320684
97.10744,1607974320785
94.639175,1607974320886
94.82401,1607974320986
95.52529,1607974321094
95.04132,1607974321195
95.86777,1607974321295
97.28601,1607974321396
94.94949,1607974321498
95.051544,1607974321600
95.051544,1607974321700
94.97908,1607974321801
95.267494,1607974321902
96.27329,1607974322003
95.670105,1607974322103
94.80249,1607974322204
97.72727,1607974322305
97.31405,1607974322406
94.628105,1607974322506
96.6736,1607974322607
97.13702,1607974322709
94.409935,1607974322810
96.6,1607974322914
99.380165,1607974323015
96.07438,1607974323116
95.03106,1607974323216
95.82464,1607974323317
95.24794,1607974323418
98.144325,1607974323519
96.900826,1607974323620
95.18072,1607974323723
95.634094,1607974323824
96.707825,1607974323925
95.03106,1607974324026
97.93388,1607974324127
94.82401,1607974324227
98.34025,1607974324328
96.4876,1607974324429
95.051544,1607974324530
97.10744,1607974324631
97.93814,1607974324732
93.181816,1607974324832
92.88703,1607974324933
92.7686,1607974325034
92.975204,1607974325135
90.70248,1607974325235
90.852394,1607974325336
91.32231,1607974325437
95.44513,1607974325538
95.06173,1607974325638
94.56067,1607974325739
95.24794,1607974325840
94.855965,1607974325941
97.10145,1607974326041
97.083336,1607974326142
96.2406,1607974326252
95.24794,1607974326353
98.121086,1607974326454
97.72727,1607974326555
95.25773,1607974326656
97.52066,1607974326757
95.670105,1607974326858
94.639175,1607974326959
97.722565,1607974327059
96.6736,1607974327160
96.694214,1607974327261
95.092026,1607974327362
97.49478,1607974327463
94.82401,1607974327564
95.46392,1607974327665
97.10145,1607974327765
95.208336,1607974327866
94.84536,1607974327967
96.12245,1607974328068
96.041664,1607974328169
97.52577,1607974328270
95.652176,1607974328371
96.49485,1607974328471
94.769875,1607974328572
94.639175,1607974328673
95.670105,1607974328774
95.86777,1607974328874
96.666664,1607974328975
97.31405,1607974329076
95.44513,1607974329177
94.61698,1607974329278
96.701035,1607974329378
98.95833,1607974329479
97.52066,1607974329580
95.86777,1607974329681
96.88109,1607974329787
94.56067,1607974329888
96.3039,1607974329989
96.76768,1607974330092
96.694214,1607974330193
95.859215,1607974330294
96.31902,1607974330396
94.43299,1607974330497
94.00827,1607974330597
96.652725,1607974330698
97.73196,1607974330799
94.82401,1607974330900
95.661156,1607974331001
95.416664,1607974331101
95.051544,1607974331202
94.43299,1607974331303
95.859215,1607974331404
95.83333,1607974331504
94.421486,1607974331605
95.859215,1607974331706
96.91992,1607974331807
96.28866,1607974331908
97.708336,1607974332008
95.2381,1607974332109
96.08247,1607974332210
96.08247,1607974332311
94.57203,1607974332411
95.859215,1607974332512
94.43299,1607974332613
96.296295,1607974332713
97.07113,1607974332814
94.60581,1607974332915
96.49485,1607974333016
99.793816,1607974333116
97.28601,1607974333217
98.97119,1607974333318
95.652176,1607974333419
94.44444,1607974333519
96.666664,1607974333620
95.24794,1607974333721
94.421486,1607974333822
97.94239,1607974333923
96.48033,1607974334024
94.83471,1607974334124
97.49478,1607974334225
97.1134,1607974334326
96.68737,1607974334427
96.694214,1607974334527
96.25,1607974334628
97.736626,1607974334729
96.900826,1607974334830
95.86777,1607974334931
96.28099,1607974335031
96.450935,1607974335132
97.93814,1607974335233
94.43299,1607974335334
95.04132,1607974335434
94.36325,1607974335535
96.89441,1607974335636
97.52066,1607974335737
94.84536,1607974335837
95.82464,1607974335938
98.144325,1607974336039
95.670105,1607974336140
96.4876,1607974336240
95.198326,1607974336341
95.46392,1607974336442
95.04132,1607974336543
96.4876,1607974336644
96.49485,1607974336744
97.2973,1607974336845
95.04132,1607974336946
94.202896,1607974337047
94.83471,1607974337147
95.198326,1607974337248
95.07187,1607974337349
98.55967,1607974337450
95.24794,1607974337550
98.74477,1607974337651
94.628105,1607974337752
95.88477,1607974337853
96.68737,1607974337953
95.42619,1607974338054
94.628105,1607974338155
95.22863,1607974338259
95.24794,1607974338360
95.82464,1607974338461
96.09054,1607974338562
97.31405,1607974338663
94.83471,1607974338763
97.912315,1607974338864
95.91002,1607974338966
95.679016,1607974339067
95.86777,1607974339167
97.28601,1607974339268
94.68303,1607974339369
95.454544,1607974339470
95.661156,1607974339571
94.83471,1607974339672
95.87629,1607974339773
96.28099,1607974339874
95.83333,1607974339975
98.151955,1607974340076
94.409935,1607974340177
94.214874,1607974340277
95.83333,1607974340378
95.454544,1607974340479
96.91358,1607974340580
91.94215,1607974340680
98.53557,1607974340781
95.46392,1607974340882
96.28099,1607974340983
94.43299,1607974341083
96.450935,1607974341184
95.679016,1607974341285
96.27329,1607974341386
97.1134,1607974341486
94.375,1607974341587
96.68737,1607974341688
94.628105,1607974341789
96.296295,1607974341889
95.859215,1607974341990
95.4071,1607974342091
94.628105,1607974342192
94.84536,1607974342293
96.4657,1607974342393
95.951416,1607974342496
97.10145,1607974342596
94.15449,1607974342697
95.03106,1607974342798
94.83471,1607974342899
94.61698,1607974342999
96.09856,1607974343101
95.2381,1607974343202
95.670105,1607974343303
96.900826,1607974343403
94.98956,1607974343504
95.86777,1607974343605
94.83471,1607974343706
96.296295,1607974343806
99.373695,1607974343907
97.85575,1607974344014
95,1607974344114
95.44513,1607974344215
96.28866,1607974344316
95.2381,1607974344417
94.98956,1607974344517
95.670105,1607974344618
96.28099,1607974344719
94.214874,1607974344819
96.666664,1607974344920
96.694214,1607974345021
95.25773,1607974345122
94.83471,1607974345222
95,1607974345323
98.76033,1607974345424
97.92961,1607974345525
94.84536,1607974345625
93.541664,1607974345726
94.877045,1607974345827
97.07725,1607974345928
97.72727,1607974346029
95.10204,1607974346130
97.7131,1607974346231
96.694214,1607974346332
95.44513,1607974346433
95.859215,1607974346533
95.634094,1607974346634
94.421486,1607974346735
96.900826,1607974346836
96.07438,1607974346936
95.83333,1607974347037
95.661156,1607974347138
94.00827,1607974347239
98.97959,1607974347341
95.03106,1607974347442
96.4876,1607974347543
95.051544,1607974347644
97.30849,1607974347744
96.68737,1607974347845
95.652176,1607974347946
95.86777,1607974348047
95.2381,1607974348147
93.13929,1607974348248
95.86777,1607974348349
95.04132,1607974348450
94.03292,1607974348550
98.125,1607974348651
95.03106,1607974348752
96.4876,1607974348853
95.91002,1607974348954
96.74952,1607974349063
97.708336,1607974349164
94.628105,1607974349265
96.694214,1607974349366
96.68737,1607974349467
94.166664,1607974349567
95.04132,1607974349668
97.31405,1607974349769
95.46392,1607974349870
95.87629,1607974349970
96.875,1607974350071
95.051544,1607974350172
97.515526,1607974350273
95.25773,1607974350374
96.694214,1607974350474
94.28571,1607974350576
95.416664,1607974350677
93.80165,1607974350778
94.43299,1607974350879
95.25773,1607974350979
95.82464,1607974351080
96.07438,1607974351181
96.28099,1607974351282
97.10744,1607974351383
94.43299,1607974351484
96.06625,1607974351584
94.583336,1607974351685
93.67347,1607974351787
96.07438,1607974351888
94.421486,1607974351988
95.58574,1607974352111
94.80249,1607974352212
93.608246,1607974352313
94.628105,1607974352414
96.28099,1607974352515
94.43299,1607974352615
95,1607974352716
95.24794,1607974352817
95.04132,1607974352918
95.04132,1607974353018
95.21829,1607974353119
94.409935,1607974353220
94.61698,1607974353321
96.3039,1607974353421
95.61586,1607974353522
98.35051,1607974353623
95.86777,1607974353724
95.25773,1607974353824
97.07725,1607974353925
94.47853,1607974354026
94.628105,1607974354127
95.04132,1607974354229
95.051544,1607974354329
94.583336,1607974354430
96.701035,1607974354531
96.900826,1607974354632
96.89441,1607974354732
96.25,1607974354833
95.87629,1607974354934
95.04132,1607974355035
96.07438,1607974355135
94.78079,1607974355236
96.27329,1607974355337
96.09856,1607974355438
94.60581,1607974355538
97.921,1607974355639
95.670105,1607974355740
95.87629,1607974355841
94.82401,1607974355942
94.79167,1607974356042
95.03106,1607974356143
96.09054,1607974356244
95.850624,1607974356345
96.694214,1607974356445
95.21829,1607974356546
97.10744,1607974356647
96.09054,1607974356748
97.10145,1607974356848
95.9847,1607974356957
94.78079,1607974357058
96.49485,1607974357159
95.051544,1607974357260
97.510376,1607974357361
95.03106,1607974357461
95,1607974357562
94.84536,1607974357663
95.46392,1607974357764
97.53087,1607974357865
95.815895,1607974357965
97.1134,1607974358066
95.051544,1607974358167
94.6502,1607974358268
96.4876,1607974358368
95.198326,1607974358469
94.43299,1607974358570
95.652176,1607974358671
95.454544,1607974358772
94.84536,1607974358872
95.22968,1607974358991
96.79715,1607974359107
96.456696,1607974359214
94.2268,1607974359315
95.04132,1607974359416
93.608246,1607974359516
96.69065,1607974359662
95.83333,1607974359762
95.652176,1607974359863
94.639175,1607974359964
95.284874,1607974360069
96.666664,1607974360170
97.73196,1607974360271
94.421486,1607974360372
98.140495,1607974360473
95.267494,1607974360573
96.44352,1607974360674
95.25773,1607974360775
94.47732,1607974360881
100,1607974360982
95.82505,1607974361086
93.34719,1607974361187
97.93388,1607974361288
94.421486,1607974361389
95.86777,1607974361489
95.679016,1607974361590
99.373695,1607974361691
95.661156,1607974361792
96.28099,1607974361893
94.117645,1607974361996
96.701035,1607974362096
97.28601,1607974362197
93.40206,1607974362298
92.975204,1607974362399
92.7686,1607974362500
92.70833,1607974362600
92.975204,1607974362701
92.78351,1607974362802
95.19867,1607974362927
96.24217,1607974363028
96.08247,1607974363129
95.33469,1607974363231
95.634094,1607974363332
94.855965,1607974363433
95.859215,1607974363534
96.09054,1607974363634
94.78079,1607974363735
97.515526,1607974363836
96.89441,1607974363937
95.46392,1607974364038
93.80165,1607974364138
96.05809,1607974364239
97.30849,1607974364340
97.10744,1607974364441
96.062996,1607974364546
94.46721,1607974364649
99.38271,1607974364749
99.164925,1607974364850
95.24794,1607974364951
95.44513,1607974365052
96.296295,1607974365153
94.61698,1607974365254
95.24794,1607974365355
95.25773,1607974365456
96.900826,1607974365556
97.07725,1607974365657
97.31959,1607974365758
95.87629,1607974365859
98.76033,1607974365959
94.583336,1607974366060
95.670105,1607974366161
94.82401,1607974366262
94.855965,1607974366362
97.708336,1607974366463
97.10145,1607974366564
97.72727,1607974366665
99.58763,1607974366766
95.25773,1607974366867
94.409935,1607974366968
96.08247,1607974367069
94.43299,1607974367169
95.82464,1607974367270
94.421486,1607974367371
95.87629,1607974367472
94.84127,1607974367577
100,1607974367678
97.52066,1607974367779
96.05523,1607974367884
93.55509,1607974367985
95.454544,1607974368086
96.4876,1607974368187
96.707825,1607974368287
94.583336,1607974368388
98.140495,1607974368489
94.83471,1607974368590
96.900826,1607974368690
96.659706,1607974368791
95.859215,1607974368892
96.707825,1607974368993
94.53442,1607974369096
94.84536,1607974369196
96.041664,1607974369297
95.2381,1607974369402
97.93388,1607974369503
96.07438,1607974369604
99.17355,1607974369704
95.82464,1607974369805
96.49485,1607974369906
94.44444,1607974370007
95.2381,1607974370107
94.98956,1607974370208
95.25773,1607974370309
96.900826,1607974370410
94.2268,1607974370511
94.83471,1607974370612
94.639175,1607974370713
95.652176,1607974370814
95.04132,1607974370914
94.375,1607974371015
97.736626,1607974371116
94.639175,1607974371217
95.859215,1607974371318
100,1607974371418
98.55372,1607974371519
96.08247,1607974371620
95.661156,1607974371721
93.75,1607974371821
99.79339,1607974371922
96.32653,1607974372024
95.46392,1607974372125
94.00827,1607974372226
94.214874,1607974372327
96.8815,1607974372427
94.97992,1607974372530
95.416664,1607974372631
98.5567,1607974372732
95.454544,1607974372833
95.696724,1607974372935
98.96907,1607974373035
95.625,1607974373136
93.40206,1607974373237
97.95501,1607974373339
94.43299,1607974373440
97.52066,1607974373541
95.652176,1607974373641
97.703545,1607974373742
96.296295,1607974373843
95.2381,1607974373944
95.661156,1607974374044
95.61586,1607974374145
95.24794,1607974374246
95.04132,1607974374347
93.608246,1607974374447
97.7131,1607974374548
97.31405,1607974374649
94.61698,1607974374750
95.87629,1607974374850
97.5,1607974374951
95.86777,1607974375052
93.827156,1607974375153
95.04132,1607974375254
96.875,1607974375354
96.4876,1607974375455
94.81328,1607974375556
96.28866,1607974375657
96.86848,1607974375757
97.341515,1607974375859
95.06173,1607974375960
96.49485,1607974376061
96.89441,1607974376161
94.79167,1607974376262
94.84536,1607974376363
94.409935,1607974376464
94.43299,1607974376564
94.14226,1607974376665
97.3306,1607974376766
96.06625,1607974376867
95.634094,1607974376967
97.7131,1607974377068
98.18182,1607974377171
94.82401,1607974377271
97.921,1607974377372
95.454544,1607974377473
94.83471,1607974377574
95.267494,1607974377674
97.0894,1607974377775
95.661156,1607974377876
95.2381,1607974377977
94.6502,1607974378078
93.608246,1607974378178
95.416664,1607974378279
95.652176,1607974378380
94.83471,1607974378481
96.07438,1607974378581
94.36325,1607974378682
95.68788,1607974378783
94.61698,1607974378884
95.24794,1607974378984
98.95833,1607974379085
94.83471,1607974379186
94.82401,1607974379287
92.975204,1607974379387
93.52818,1607974379488
95.46392,1607974379589
93.19588,1607974379690
95.03106,1607974379790
93.541664,1607974379891
94.00827,1607974379992
96.90722,1607974380093
93.1677,1607974380193
92.9314,1607974380294
93.78882,1607974380395
95.88477,1607974380496
93.80165,1607974380596
99.164925,1607974380697
93.81443,1607974380798
93.1677,1607974380899
95.092026,1607974381001
96.0499,1607974381101
97.93388,1607974381202
95.04132,1607974381303
94.6502,1607974381404
94.769875,1607974381504
91.097305,1607974381605
96.90722,1607974381706
93.827156,1607974381807
96.458336,1607974381908
93.59504,1607974382008
95.454544,1607974382109
95.06173,1607974382210
98.55372,1607974382311
93.970894,1607974382411
96.4876,1607974382512
93.19588,1607974382613
95.2381,1607974382713
95.4071,1607974382814
95.454544,1607974382915
94.23868,1607974383016
93.58178,1607974383116
94.386696,1607974383217
94.628105,1607974383318
97.31405,1607974383419
96.68737,1607974383520
94.36325,1607974383620
96.09054,1607974383721
95.86777,1607974383822
99.17355,1607974383923
94.83471,1607974384023
96.875,1607974384124
94.83471,1607974384225
98.762886,1607974384326
94.48669,1607974384436
96.694214,1607974384536
97.912315,1607974384637
96.50924,1607974384738
95.04132,1607974384839
95.44513,1607974384939
96.25,1607974385040
95.051544,1607974385141
95.670105,1607974385242
95.86777,1607974385343
95.87629,1607974385444
96.89441,1607974385545
94.628105,1607974385645
96.666664,1607974385746
93.1677,1607974385847
93.20988,1607974385948
96.28099,1607974386048
99.17355,1607974386150
93.181816,1607974386251
93.181816,1607974386352
94.6502,1607974386453
93.333336,1607974386553
95.87629,1607974386654
93.59504,1607974386755
93.78882,1607974386855
96.86848,1607974386956
94.855965,1607974387057
95.86777,1607974387158
96.28099,1607974387258
97.5,1607974387359
95.04132,1607974387460
95.03106,1607974387561
95.87629,1607974387662
94.56067,1607974387762
94.214874,1607974387863
98.144325,1607974387964
96.07438,1607974388065
95.051544,1607974388165
94.583336,1607974388266
94.639175,1607974388367
95.652176,1607974388468
96.4876,1607974388568
94.386696,1607974388669
99.58678,1607974388770
95.30612,1607974388871
97.72727,1607974388972
93.73695,1607974389073
94.020615,1607974389174
92.35537,1607974389275
90.92783,1607974389375
91.875,1607974389476
94.00827,1607974389577
96.08247,1607974389678
96.49485,1607974389778
94.12998,1607974389879
93.415634,1607974389980
95.859215,1607974390081
96.90722,1607974390181
93.94572,1607974390282
95.670105,1607974390383
96.694214,1607974390484
95,1607974390584
95.44513,1607974390685
96.08247,1607974390786
93.99586,1607974390887
94.2268,1607974390987
95.21829,1607974391088
94.83471,1607974391189
95.051544,1607974391290
94.2268,1607974391391
95.652176,1607974391492
96.27329,1607974391593
94.82401,1607974391694
94.36393,1607974391823
96.07438,1607974391924
93.58178,1607974392025
95.86777,1607974392126
95.42619,1607974392226
97.31405,1607974392327
95.87629,1607974392428
95.54656,1607974392530
96.458336,1607974392631
98.34711,1607974392732
96.49485,1607974392833
97.31405,1607974392933
94.769875,1607974393034
94.44444,1607974393135
96.28099,1607974393236
96.91358,1607974393336
95.61586,1607974393437
95.24794,1607974393538
95.86777,1607974393639
93.80165,1607974393739
94.79167,1607974393840
96.900826,1607974393941
94.747086,1607974394048
95.86777,1607974394148
96.35627,1607974394252
94.23868,1607974394353
97.92531,1607974394454
96.50924,1607974394555
97.722565,1607974394656
95.625,1607974394756
96.28866,1607974394857
94.628105,1607974394958
97.10145,1607974395059
94.83471,1607974395159
93.76299,1607974395260
95.020744,1607974395361
95.051544,1607974395462
95.850624,1607974395562
96.2578,1607974395663
96.4876,1607974395764
96.28866,1607974395865
94.409935,1607974395965
95.25773,1607974396067
95.04132,1607974396167
94.57203,1607974396268
95.10204,1607974396370
96.041664,1607974396470
95.90164,1607974396571
96.450935,1607974396672
96.49485,1607974396773
96.4876,1607974396874
96.28866,1607974396974
95,1607974397075
93.78882,1607974397176
98.5567,1607974397277
95.46392,1607974397377
93.52818,1607974397478
96.09054,1607974397579
97.31959,1607974397680
94.82401,1607974397780
95.83333,1607974397881
94.00827,1607974397982
97.45596,1607974398088
96.24217,1607974398188
97.10744,1607974398289
96.07438,1607974398390
94.00827,1607974398491
97.1134,1607974398592
95.491806,1607974398694
98.140495,1607974398795
96.71458,1607974398896
95.01039,1607974398996
94.60581,1607974399097
91.75258,1607974399198
91.34021,1607974399299
96.450935,1607974399399
94.84536,1607974399500
94.020615,1607974399601
96.06625,1607974399701
97.083336,1607974399802
95.454544,1607974399903
95.04132,1607974400004
95.46392,1607974400105
95.82464,1607974400205
94.61698,1607974400306
96.72387,1607974400439
93.77593,1607974400540
96.27329,1607974400641
93.827156,1607974400742
96.694214,1607974400842
96.25,1607974400943
95.454544,1607974401044
94.421486,1607974401145
96.28866,1607974401245
95,1607974401346
95.051544,1607974401447
100,1607974401548
96.643105,1607974401666
95.661156,1607974401767
95.4071,1607974401867
97.31959,1607974401968
96.7118,1607974402075
95.4071,1607974402176
95.24794,1607974402277
93.78882,1607974402378
95.670105,1607974402479
96.28099,1607974402579
98.01193,1607974402684
95.61586,1607974402785
95.670105,1607974402886
94.421486,1607974402987
96.48033,1607974403087
95.42619,1607974403188
97.736626,1607974403289
94.628105,1607974403390
95.44513,1607974403490
96.25,1607974403591
94.61698,1607974403692
95.86777,1607974403793
98.5567,1607974403893
96.041664,1607974403994
95.44513,1607974404095
94.84536,1607974404196
93.388435,1607974404296
95.198326,1607974404397
95.22821,1607974404498
95.47325,1607974404599
95.1417,1607974404702
96.374626,1607974404840
95.24794,1607974404941
94.83471,1607974405041
97.7131,1607974405142
97.31405,1607974405243
95.04132,1607974405344
93.181816,1607974405444
93.15353,1607974405545
93.13929,1607974405646
92.98969,1607974405747
93.40206,1607974405848
93.78882,1607974405949
97.73196,1607974406049
97.083336,1607974406150
96.07438,1607974406251
95.051544,1607974406352
97.52066,1607974406452
95,1607974406553
94.00827,1607974406654
96.07438,1607974406755
97.10744,1607974406856
95.634094,1607974406956
97.72727,1607974407057
95.50781,1607974407163
96.8815,1607974407264
96.27329,1607974407365
93.59504,1607974407466
94.639175,1607974407566
94.79167,1607974407667
96.694214,1607974407768
96.721306,1607974407870
96.24766,1607974407981
94.43299,1607974408082
94.855965,1607974408182
95.208336,1607974408283
95.50102,1607974408385
95.03106,1607974408485
95.21829,1607974408586
95.2381,1607974408687
95.24794,1607974408788
97.31405,1607974408888
95,1607974408989
94.61698,1607974409090
95.04132,1607974409191
95.24794,1607974409291
94.78079,1607974409392
95.2381,1607974409493
97.94239,1607974409594
96.4876,1607974409694
95.4071,1607974409795
94.82401,1607974409896
95.47325,1607974409997
96.694214,1607974410097
96.05263,1607974410208
96.875,1607974410309
97.10744,1607974410410
95.051544,1607974410511
94.00827,1607974410611
96.86848,1607974410712
97.1134,1607974410813
96.08247,1607974410914
97.31405,1607974411014
96.86192,1607974411115
95.670105,1607974411216
94.020615,1607974411317
95.661156,1607974411417
97.28601,1607974411518
95.04132,1607974411619
97.11935,1607974411720
96.900826,1607974411820
94.769875,1607974411921
94.639175,1607974412022
95.454544,1607974412123
96.28099,1607974412223
94.79167,1607974412324
98.140495,1607974412425
92.577324,1607974412526
95.86777,1607974412626
95.82464,1607974412727
95.454544,1607974412828
94.421486,1607974412929
94.82401,1607974413029
95.01039,1607974413130
94.83471,1607974413231
93.81443,1607974413332
96.05809,1607974413432
95.416664,1607974413533
94.84536,1607974413634
99.38271,1607974413735
94.375,1607974413835
96.06625,1607974413936
98.96907,1607974414037
94.43299,1607974414138
94.78079,1607974414238
95.25773,1607974414339
94.78957,1607974414442
100,1607974414543
96.694214,1607974414644
96.28099,1607974414745
94.202896,1607974414845
96.041664,1607974414946
94.84536,1607974415047
94.82401,1607974415148
95.670105,1607974415248
98.121086,1607974415349
95.051544,1607974415450
95.670105,1607974415551
96.27329,1607974415652
96.900826,1607974415752
96.24217,1607974415853
96.4876,1607974415954
95.91002,1607974416056
94.00827,1607974416157
97.7131,1607974416257
95.24794,1607974416358
93.59504,1607974416459
95.87629,1607974416560
96.24217,1607974416660
95.28689,1607974416762
96.49485,1607974416862
94.80249,1607974416963
96.4876,1607974417064
93.827156,1607974417165
97.515526,1607974417266
95.99237,1607974417375
92.827866,1607974417476
95.198326,1607974417577
94.639175,1607974417678
94.06953,1607974417780
95.24794,1607974417881
95.25773,1607974417982
97.73196,1607974418083
96.659706,1607974418183
97.1134,1607974418284
96.90722,1607974418385
94.95968,1607974418488
95.03106,1607974418588
96.041664,1607974418689
95.051544,1607974418790
94.83471,1607974418891
94.83471,1607974418992
95,1607974419092
95.859215,1607974419193
93.81443,1607974419294
95.435684,1607974419395
94.84536,1607974419495
94.047615,1607974419601
95.06173,1607974419702
95.661156,1607974419803
97.1134,1607974419903
94.57203,1607974420004
95.859215,1607974420105
94.2268,1607974420206
93.58178,1607974420307
92.916664,1607974420407
93.6214,1607974420508
93.58178,1607974420609
93.58178,1607974420710
93.81443,1607974420810
93.76299,1607974420911
94.202896,1607974421012
93.59504,1607974421113
93.608246,1607974421213
93.73695,1607974421314
93.80165,1607974421415
93.99586,1607974421516
94.020615,1607974421616
93.77593,1607974421717
94.202896,1607974421818
94.020615,1607974421919
93.40206,1607974422019
93.31941,1607974422120
94.020615,1607974422221
93.99586,1607974422322
94.214874,1607974422422
92.30769,1607974422523
93.78882,1607974422624
93.80165,1607974422725
93.6214,1607974422825
93.71069,1607974422926
93.59504,1607974423027
93.6214,1607974423128
93.80165,1607974423228
93.94572,1607974423329
93.58178,1607974423430
93.40206,1607974423531
93.80165,1607974423631
93.958336,1607974423732
93.59504,1607974423833
93.78882,1607974423934
93.415634,1607974424034
93.73695,1607974424135
93.81443,1607974424236
94.214874,1607974424337
94.202896,1607974424437
93.548386,1607974424541
93.80165,1607974424642
93.80165,1607974424743
94.020615,1607974424844
93.80165,1607974424944
93.958336,1607974425045
92.98969,1607974425146
93.9834,1607974425247
93.81443,1607974425347
93.541664,1607974425448
94.020615,1607974425549
93.77593,1607974425650
93.80165,1607974425751
93.59504,1607974425851
93.541664,1607974425952
93.40206,1607974426053
94.020615,1607974426154
93.608246,1607974426255
93.99586,1607974426356
93.99586,1607974426456
93.970894,1607974426557
93.40206,1607974426658
93.608246,1607974426759
93.78882,1607974426859
93.73695,1607974426960
92.7686,1607974427061
94.2268,1607974427162
94.00827,1607974427262
93.94572,1607974427363
93.608246,1607974427464
94.020615,1607974427565
91.097305,1607974427666
93.81443,1607974427767
93.52818,1607974427867
93.80165,1607974427968
93.181816,1607974428069
94.00827,1607974428170
94.214874,1607974428270
93.76299,1607974428371
94.19087,1607974428472
93.608246,1607974428573
93.78882,1607974428673
93.541664,1607974428775
93.86503,1607974428876
93.541664,1607974428976
93.388435,1607974429077
94.2268,1607974429178
93.80165,1607974429279
93.75,1607974429379
94.202896,1607974429480
93.80165,1607974429581
93.6214,1607974429682
93.75,1607974429782
93.9834,1607974429883
93.81443,1607974429984
92.975204,1607974430085
94.421486,1607974430185
93.958336,1607974430286
94.00827,1607974430387
93.839836,1607974430488
93.77593,1607974430588
93.75,1607974430689
93.81443,1607974430790
93.81443,1607974430891
93.78882,1607974430991
93.125,1607974431092
93.99586,1607974431193
94.00827,1607974431294
93.48269,1607974431395
93.541664,1607974431496
93.80165,1607974431597
93.81443,1607974431698
92.33955,1607974431799
92.259415,1607974431899
93.81443,1607974432000
93.608246,1607974432101
91.94215,1607974432201
92.5,1607974432302
92.35537,1607974432403
92.148766,1607974432504
92.546585,1607974432604
92.0668,1607974432705
88.4058,1607974432806
92.16495,1607974432907
92.16495,1607974433008
93.80165,1607974433108
92.70833,1607974433209
91.95876,1607974433310
91.94215,1607974433411
91.546394,1607974433511
92.05021,1607974433612
91.94215,1607974433713
91.546394,1607974433814
92.11618,1607974433914
91.51138,1607974434015
91.51138,1607974434116
91.95876,1607974434217
91.75258,1607974434317
91.841,1607974434418
91.71843,1607974434519
91.358025,1607974434620
92.148766,1607974434720
92.083336,1607974434821
91.94215,1607974434922
92.148766,1607974435023
91.546394,1607974435123
91.875,1607974435224
91.75258,1607974435325
91.97531,1607974435426
91.92547,1607974435526
91.94215,1607974435627
91.94215,1607974435728
91.89189,1607974435829
92.11618,1607974435930
91.52893,1607974436031
91.92547,1607974436131
91.68399,1607974436232
91.95876,1607974436333
92.11618,1607974436434
91.95876,1607974436534
92.05021,1607974436635
91.92547,1607974436736
91.95876,1607974436837
92.0668,1607974436937
91.56378,1607974437038
91.908714,1607974437139
92.16495,1607974437240
91.908714,1607974437340
91.908714,1607974437441
91.92547,1607974437542
91.95876,1607974437642
92.008194,1607974437745
92.148766,1607974437846
90.10309,1607974437947
91.32231,1607974438047
92.0668,1607974438148
91.546394,1607974438249
91.75258,1607974438350
91.85803,1607974438450
92.1325,1607974438551
91.94215,1607974438652
91.735535,1607974438753
91.85803,1607974438853
91.546394,1607974438954
91.94215,1607974439055
91.1157,1607974439156
91.6318,1607974439256
91.75258,1607974439357
91.56378,1607974439458
91.735535,1607974439559
91.51138,1607974439659
91.25,1607974439760
93.03279,1607974439861
93.181816,1607974439963
95.051544,1607974440064
96.89441,1607974440165
94.409935,1607974440266
91.95876,1607974440367
90.10309,1607974440467
90.81419,1607974440568
91.52893,1607974440669
89.669426,1607974440770
89.669426,1607974440870
89.561584,1607974440971
89.669426,1607974441072
89.21162,1607974441173
89.375,1607974441273
89.27835,1607974441374
89.64803,1607974441475
89.27835,1607974441575
89.166664,1607974441676
89.440994,1607974441777
89.484535,1607974441878
89.669426,1607974441978
89.561584,1607974442079
89.02692,1607974442180
89.64803,1607974442281
89.300415,1607974442381
89.561584,1607974442483
89.54918,1607974442583
89.561584,1607974442684
89.462814,1607974442785
89.462814,1607974442885
88.796684,1607974442986
89.440994,1607974443087
89.233955,1607974443188
89.669426,1607974443288
89.561584,1607974443389
89.484535,1607974443490
89.64803,1607974443591
89.50617,1607974443691
89.53975,1607974443792
89.32238,1607974443893
89.60499,1607974443994
89.27835,1607974444094
89.35281,1607974444195
89.50617,1607974444296
89.440994,1607974444397
89.64803,1607974444497
89.21162,1607974444598
90.26915,1607974444699
89.462814,1607974444800
89.39709,1607974444900
89.27835,1607974445001
89.233955,1607974445102
89.87603,1607974445202
89.166664,1607974445303
89.669426,1607974445404
89.462814,1607974445505
89.27835,1607974445605
89.39709,1607974445706
89.484535,1607974445807
89.83402,1607974445908
89.462814,1607974446008
89.35281,1607974446109
89.462814,1607974446210
89.462814,1607974446311
89.233955,1607974446411
89.58333,1607974446512
89.462814,1607974446613
89.669426,1607974446714
89.189186,1607974446814
89.440994,1607974446915
89.85507,1607974447016
89.27835,1607974447116
89.58333,1607974447217
90.495865,1607974447318
91.34021,1607974447419
91.1157,1607974447519
89.53975,1607974447620
89.440994,1607974447721
89.50617,1607974447822
89.484535,1607974447922
89.33054,1607974448023
89.04959,1607974448124
89.50617,1607974448225
89.12134,1607974448325
89.669426,1607974448426
89.484535,1607974448527
89.50617,1607974448628
89.35281,1607974448728
89.440994,1607974448829
89.462814,1607974448930
89.09465,1607974449031
89.561584,1607974449131
89.87603,1607974449232
89.27835,1607974449333
89.64803,1607974449434
89.58333,1607974449534
89.64803,1607974449635
89.462814,1607974449736
89.462814,1607974449836
89.39709,1607974449937
89.85507,1607974450038
89.233955,1607974450139
89.50617,1607974450239
89.30818,1607974450340
89.71194,1607974450441
89.256195,1607974450542
89.64803,1607974450642
89.58333,1607974450743
89.69072,1607974450844
89.440994,1607974450944
89.166664,1607974451045
89.69072,1607974451146
89.669426,1607974451247
89.27835,1607974451347
89.375,1607974451448
89.64803,1607974451549
89.484535,1607974451650
89.561584,1607974451750
89.27835,1607974451851
88.63636,1607974451952
89.27835,1607974452052
88.93528,1607974452153
87.577644,1607974452254
90.08264,1607974452355
90.495865,1607974452455
91.66667,1607974452556
90.08264,1607974452657
89.69072,1607974452758
89.62656,1607974452858
86.875,1607974452959
86.74948,1607974453060
87.03704,1607974453161
86.776855,1607974453261
86.847595,1607974453362
87.010315,1607974453463
87.010315,1607974453564
86.847595,1607974453664
86.983475,1607974453765
87.16356,1607974453866
87.03704,1607974453966
86.192474,1607974454067
86.15702,1607974454168
87.19008,1607974454269
86.43006,1607974454369
85.979385,1607974454470
86.36364,1607974454571
87.16356,1607974454671
86.72199,1607974454772
86.983475,1607974454873
86.983475,1607974454974
87.26514,1607974455074
86.80412,1607974455175
85.56701,1607974455276
84.29752,1607974455376
84.375,1607974455477
86.18557,1607974455578
86.3354,1607974455678
83.81743,1607974455779
84.29752,1607974455880
87.44856,1607974455981
86.74948,1607974456081
87.47391,1607974456182
87.42268,1607974456283
87.42268,1607974456384
87.47391,1607974456484
87.44856,1607974456585
87.39669,1607974456686
87.577644,1607974456787
87.47391,1607974456887
87.44856,1607974456988
87.39669,1607974457089
86.51452,1607974457189
86.69439,1607974457290
86.983475,1607974457391
86.983475,1607974457492
86.62552,1607974457592
86.666664,1607974457693
86.54244,1607974457794
86.128365,1607974457895
86.570244,1607974457995
87.11018,1607974458096
86.570244,1607974458197
86.80412,1607974458297
86.01253,1607974458398
87.60331,1607974458499
87.3706,1607974458600
87.62887,1607974458700
87.26514,1607974458801
87.60331,1607974458902
87.19008,1607974459003
87.26514,1607974459103
87.2428,1607974459204
88.19876,1607974459305
89.484535,1607974459405
87.916664,1607974459506
87.577644,1607974459607
87.42268,1607974459708
87.291664,1607974459808
87.42268,1607974459909
87.42268,1607974460010
87.3706,1607974460110
87.26514,1607974460211
87.42268,1607974460312
86.74948,1607974460413
86.59794,1607974460513
86.07069,1607974460614
86.36364,1607974460715
86.36364,1607974460816
86.041664,1607974460916
86.391754,1607974461017
86.3354,1607974461118
86.18557,1607974461218
86.875,1607974461319
87.42268,1607974461420
87.577644,1607974461521
87.318085,1607974461621
87.39669,1607974461722
87.39669,1607974461823
87.39669,1607974461923
87.291664,1607974462024
87.3706,1607974462125
87.42268,1607974462226
87.577644,1607974462326
87.318085,1607974462427
87.60331,1607974462528
87.42268,1607974462629
87.26514,1607974462729
87.2165,1607974462830
87.3706,1607974462931
87.42268,1607974463031
86.45833,1607974463132
86.983475,1607974463233
86.80412,1607974463333
87.02929,1607974463434
87.2428,1607974463535
87.551865,1607974463636
87.44856,1607974463736
87.525986,1607974463837
84.504135,1607974463938
84.29752,1607974464039
85.23908,1607974464139
86.776855,1607974464240
86.18557,1607974464341
86.391754,1607974464441
87.056366,1607974464542
87.60331,1607974464643
87.39669,1607974464744
87.39669,1607974464844
87.47391,1607974464945
87.42268,1607974465046
87.010315,1607974465147
87.318085,1607974465247
87.13693,1607974465348
87.44856,1607974465449
87.577644,1607974465549
87.291664,1607974465650
87.42268,1607974465751
87.39669,1607974465851
87.11018,1607974465952
86.95652,1607974466053
87.60331,1607974466154
87.60331,1607974466254
87.291664,1607974466355
87.39669,1607974466456
87.42268,1607974466557
87.551865,1607974466657
87.5,1607974466758
87.44856,1607974466859
87.577644,1607974466960
87.11018,1607974467060
87.80992,1607974467161
87.39669,1607974467262
87.80992,1607974467362
87.525986,1607974467463
87.42268,1607974467564
87.42268,1607974467665
87.551865,1607974467765
87.5,1607974467866
87.60331,1607974467967
87.784676,1607974468067
86.666664,1607974468168
87.80992,1607974468269
87.42268,1607974468370
87.577644,1607974468470
87.525986,1607974468571
86.128365,1607974468672
87.39669,1607974468773
87.62887,1607974468873
87.5,1607974468974
87.39669,1607974469075
87.62887,1607974469175
87.47391,1607974469276
87.60331,1607974469377
87.577644,1607974469478
87.62887,1607974469578
87.318085,1607974469679
87.577644,1607974469780
87.2165,1607974469880
87.238495,1607974469981
87.39669,1607974470082
87.16356,1607974470183
87.42268,1607974470283
87.291664,1607974470384
87.62887,1607974470485
87.577644,1607974470586
87.5,1607974470686
87.2165,1607974470787
87.75933,1607974470888
87.44856,1607974470988
87.291664,1607974471089
87.75933,1607974471190
87.2165,1607974471291
87.577644,1607974471391
87.525986,1607974471492
87.39669,1607974471593
87.577644,1607974471694
87.291664,1607974471794
87.62887,1607974471895
87.551865,1607974471996
87.44856,1607974472096
87.47391,1607974472197
87.42268,1607974472298
87.551865,1607974472399
87.577644,1607974472499
87.3444,1607974472600
87.577644,1607974472701
87.42268,1607974472801
87.5,1607974472902
87.44856,1607974473003
87.3706,1607974473104
87.42268,1607974473204
87.238495,1607974473305
87.39669,1607974473406
87.62887,1607974473507
87.39669,1607974473607
86.666664,1607974473708
86.983475,1607974473809
87.3706,1607974473909
87.291664,1607974474010
87.577644,1607974474111
87.39669,1607974474212
87.65432,1607974474312
87.5,1607974474413
86.18557,1607974474514
86.51452,1607974474615
86.2213,1607974474715
87.60331,1607974474816
87.42268,1607974474917
87.3444,1607974475017
87.525986,1607974475118
87.39669,1607974475219
87.3706,1607974475320
87.60331,1607974475420
87.291664,1607974475521
87.5502,1607974475624
87.5,1607974475725
87.62887,1607974475826
87.62887,1607974475926
87.318085,1607974476027
87.3706,1607974476128
87.2165,1607974476229
87.60331,1607974476329
87.5,1607974476430
87.39669,1607974476531
87.577644,1607974476632
87.3706,1607974476732
87.5,1607974476833
87.42268,1607974476934
87.551865,1607974477035
87.13693,1607974477135
87.19008,1607974477236
87.577644,1607974477337
87.551865,1607974477437
87.525986,1607974477538
87.577644,1607974477639
87.60331,1607974477740
87.60331,1607974477840
87.291664,1607974477941
87.80992,1607974478042
87.3706,1607974478143
87.60331,1607974478243
87.68267,1607974478344
87.44856,1607974478445
87.60331,1607974478545
87.26514,1607974478646
87.83505,1607974478747
84.53608,1607974478848
86.95652,1607974478948
87.11018,1607974479049
87.19008,1607974479150
87.3706,1607974479251
87.39669,1607974479351
87.5,1607974479452
87.42268,1607974479553
87.60331,1607974479654
87.62887,1607974479754
87.291664,1607974479855
87.73389,1607974479956
87.83505,1607974480056
86.90228,1607974480157
87.42268,1607974480258
87.60331,1607974480359
87.3706,1607974480459
87.083336,1607974480560
87.42268,1607974480661
87.577644,1607974480762
87.5,1607974480862
87.577644,1607974480963
87.60331,1607974481064
87.39669,1607974481164
87.5,1607974481265
87.577644,1607974481366
87.42268,1607974481467
87.60331,1607974481567
87.525986,1607974481668
87.39669,1607974481769
87.784676,1607974481869
87.318085,1607974481970
87.39669,1607974482071
87.42268,1607974482172
87.39669,1607974482272
87.291664,1607974482373
87.577644,1607974482474
87.39669,1607974482575
87.5,1607974482675
87.80992,1607974482776
87.42268,1607974482877
87.60331,1607974482977
87.26514,1607974483078
87.44856,1607974483179
87.577644,1607974483280
87.62887,1607974483380
87.238495,1607974483481
87.44856,1607974483582
87.3706,1607974483683
87.39669,1607974483783
87.26514,1607974483884
86.36364,1607974483985
87.269,1607974484086
87.19008,1607974484186
87.5,1607974484287
87.75933,1607974484388
87.39669,1607974484488
87.3444,1607974484589
87.551865,1607974484690
87.44856,1607974484791
87.60331,1607974484891
87.291664,1607974484992
87.577644,1607974485093
87.42268,1607974485194
87.13693,1607974485294
87.577644,1607974485395
87.2165,1607974485496
87.39669,1607974485597
87.4477,1607974485697
87.03704,1607974485798
87.60331,1607974485899
87.39669,1607974485999
87.056366,1607974486100
87.60331,1607974486201
87.2165,1607974486302
87.577644,1607974486402
87.42268,1607974486504
87.551865,1607974486605
87.60331,1607974486706
87.2428,1607974486806
87.525986,1607974486907
87.3706,1607974487008
87.42268,1607974487109
87.16356,1607974487209
87.525986,1607974487310
87.39669,1607974487411
87.39669,1607974487512
87.32106,1607974487613
87.26514,1607974487714
87.577644,1607974487815
87.39669,1607974487916
87.19008,1607974488016
87.73389,1607974488117
87.39669,1607974488218
87.42268,1607974488319
87.525986,1607974488419
87.60331,1607974488520
87.60331,1607974488621
87.42268,1607974488721
87.525986,1607974488822
87.551865,1607974488923
87.42268,1607974489024
86.51452,1607974489124
87.083336,1607974489225
87.3706,1607974489326
87.60331,1607974489427
87.291664,1607974489527
87.577644,1607974489628
87.62887,1607974489729
87.75933,1607974489830
87.5,1607974489930
87.39669,1607974490031
87.39669,1607974490132
87.577644,1607974490232
87.5,1607974490333
87.39669,1607974490434
87.62887,1607974490535
87.3706,1607974490635
87.291664,1607974490736
87.80992,1607974490837
87.2165,1607974490938
87.3706,1607974491038
87.47391,1607974491139
87.2165,1607974491240
87.42268,1607974491341
87.63103,1607974491441
87.65432,1607974491542
87.62887,1607974491643
87.577644,1607974491743
87.5,1607974491844
87.62887,1607974491945
87.19008,1607974492046
87.784676,1607974492146
87.47391,1607974492247
87.42268,1607974492348
87.577644,1607974492449
87.60331,1607974492549
87.318085,1607974492650
87.80992,1607974492751
87.42268,1607974492851
87.5,1607974492952
87.16356,1607974493053
87.83505,1607974493154
87.80992,1607974493254
87.291664,1607974493355
87.60331,1607974493456
87.62887,1607974493557
87.577644,1607974493657
87.916664,1607974493758
88.223145,1607974493859
88.016525,1607974493960
87.083336,1607974494060
88.63636,1607974494161
87.99172,1607974494262
87.83505,1607974494362
87.68267,1607974494463
87.80992,1607974494564
88.04124,1607974494665
88.19876,1607974494765
87.916664,1607974494866
88.04124,1607974494967
87.80992,1607974495068
88.04124,1607974495168
88.125,1607974495269
88.06584,1607974495370
87.80992,1607974495471
87.89144,1607974495571
87.99172,1607974495672
87.62887,1607974495773
88.19876,1607974495873
87.916664,1607974495974
87.784676,1607974496075
88.04124,1607974496176
87.80992,1607974496276
88.100204,1607974496377
88.04124,1607974496478
88.17427,1607974496579
87.860085,1607974496679
87.916664,1607974496780
88.19876,1607974496881
88.04124,1607974496981
87.291664,1607974497082
88.19876,1607974497183
87.88501,1607974497284
88.19876,1607974497385
88.125,1607974497485
87.784676,1607974497586
88.016525,1607974497687
88.24742,1607974497787
87.73389,1607974497888
87.99172,1607974497989
87.577644,1607974498090
87.88501,1607974498190
88.100204,1607974498291
88.016525,1607974498392
88.016525,1607974498493
87.99172,1607974498593
87.89144,1607974498694
88.04124,1607974498795
87.80992,1607974498896
88.100204,1607974498996
87.62887,1607974499097
88.19876,1607974499198
87.80992,1607974499299
87.5,1607974499399
87.80992,1607974499500
87.99172,1607974499601
88.06584,1607974499701
88.100204,1607974499802
87.80992,1607974499903
88.016525,1607974500004
87.784676,1607974500104
87.966805,1607974500205
88.223145,1607974500306
87.860085,1607974500406
88.07532,1607974500507
88.04124,1607974500608
87.80992,1607974500709
88.016525,1607974500809
87.86611,1607974500910
87.83505,1607974501011
87.80992,1607974501112
87.89144,1607974501212
88.016525,1607974501313
87.99172,1607974501414
87.784676,1607974501515
88.04124,1607974501615
87.916664,1607974501716
87.83505,1607974501817
87.99172,1607974501917
87.916664,1607974502018
87.784676,1607974502119
87.99172,1607974502220
87.860085,1607974502320
88.07532,1607974502421
88.016525,1607974502522
88.04124,1607974502623
87.94179,1607974502723
88.17427,1607974502824
88.016525,1607974502925
87.80992,1607974503025
87.94179,1607974503126
87.99172,1607974503227
87.83505,1607974503328
87.99172,1607974503428
87.916664,1607974503529
88.016525,1607974503630
87.99172,1607974503731
87.83505,1607974503831
87.89144,1607974503932
87.80992,1607974504033
87.860085,1607974504134
88.17427,1607974504234
87.75933,1607974504335
87.323944,1607974504439
87.99172,1607974504540
87.80992,1607974504641
87.656906,1607974504741
88.223145,1607974504842
87.42268,1607974504943
88.223145,1607974505043
87.291664,1607974505144
88.04124,1607974505245
87.80992,1607974505346
87.99172,1607974505446
87.94179,1607974505547
87.80992,1607974505648
88.016525,1607974505749
87.708336,1607974505849
87.19008,1607974505950
87.19008,1607974506051
87.2165,1607974506151
88.07532,1607974506252
87.83505,1607974506353
88.17427,1607974506454
87.80992,1607974506554
87.916664,1607974506655
88.19876,1607974506756
87.80992,1607974506857
88.19876,1607974506957
87.73389,1607974507058
87.3706,1607974507159
87.60331,1607974507260
87.318085,1607974507360
87.784676,1607974507461
87.860085,1607974507562
87.99172,1607974507662
87.89144,1607974507763
87.62887,1607974507864
88.04124,1607974507965
87.89144,1607974508065
87.39669,1607974508166
87.83505,1607974508267
87.577644,1607974508367
87.291664,1607974508468
87.83505,1607974508569
87.19008,1607974508670
87.4477,1607974508770
88.04124,1607974508871
88.016525,1607974508972
87.60331,1607974509073
87.60331,1607974509173
87.916664,1607974509274
87.99172,1607974509375
87.99172,1607974509476
87.13693,1607974509576
87.80992,1607974509677
87.83505,1607974509778
88.016525,1607974509878
87.4477,1607974509979
87.39669,1607974510080
87.80992,1607974510181
88.016525,1607974510281
87.75933,1607974510382
87.80992,1607974510483
87.99172,1607974510584
87.73389,1607974510684
87.966805,1607974510785
87.44856,1607974510886
87.83505,1607974510986
87.26514,1607974511087
87.577644,1607974511188
87.62887,1607974511289
87.784676,1607974511389
87.708336,1607974511490
87.99172,1607974511591
87.65432,1607974511692
87.86611,1607974511792
88.223145,1607974511893
87.83505,1607974511994
87.19008,1607974512094
87.708336,1607974512195
87.62887,1607974512296
87.784676,1607974512397
87.80992,1607974512498
88.07532,1607974512598
87.860085,1607974512699
88.19876,1607974512800
87.62887,1607974512900
87.89144,1607974513001
87.42268,1607974513102
87.80992,1607974513203
87.39669,1607974513303
87.68267,1607974513404
87.83505,1607974513505
87.80992,1607974513606
87.89144,1607974513706
87.860085,1607974513807
87.99172,1607974513908
87.60331,1607974514009
87.551865,1607974514109
88.016525,1607974514210
88.24742,1607974514311
87.83505,1607974514411
87.86611,1607974514512
87.80992,1607974514613
86.570244,1607974514714
87.47391,1607974514814
87.551865,1607974514915
87.83505,1607974515016
87.62887,1607974515116
87.26514,1607974515217
87.70492,1607974515318
87.68267,1607974515419
87.44856,1607974515520
87.99172,1607974515621
88.04124,1607974515722
88.223145,1607974515823
87.2165,1607974515923
87.291664,1607974516024
87.966805,1607974516125
87.60331,1607974516226
87.83505,1607974516326
88.100204,1607974516427
87.83505,1607974516528
87.784676,1607974516629
87.62887,1607974516729
87.5,1607974516830
88.04124,1607974516931
87.80992,1607974517031
87.5,1607974517132
87.65432,1607974517233
87.784676,1607974517334
87.784676,1607974517434
87.4477,1607974517535
87.67967,1607974517636
87.99172,1607974517737
87.73389,1607974517837
87.60331,1607974517938
88.016525,1607974518039
87.39669,1607974518139
87.656906,1607974518240
87.65432,1607974518341
88.4058,1607974518442
88.016525,1607974518542
87.5,1607974518643
87.80992,1607974518744
87.60331,1607974518845
87.47391,1607974518945
88.04124,1607974519046
87.5,1607974519148
87.39669,1607974519249
87.62887,1607974519350
87.68267,1607974519450
87.577644,1607974519551
87.83505,1607974519652
88.016525,1607974519752
82.46347,1607974519853
87.39669,1607974519954
87.62887,1607974520055
87.784676,1607974520155
87.73389,1607974520256
88.17427,1607974520357
87.99172,1607974520458
87.75933,1607974520558
87.525986,1607974520659
88.016525,1607974520760
87.80992,1607974520860
87.68267,1607974520961
87.65432,1607974521062
87.966805,1607974521163
87.62887,1607974521263
87.291664,1607974521364
88.04124,1607974521465
88.17427,1607974521566
87.80992,1607974521666
87.5,1607974521767
87.860085,1607974521868
87.60331,1607974521969
87.238495,1607974522069
87.860085,1607974522170
87.966805,1607974522271
88.24742,1607974522371
87.708336,1607974522472
87.99172,1607974522573
87.62887,1607974522674
87.525566,1607974522775
87.708336,1607974522876
87.99172,1607974522977
87.44856,1607974523078
87.75933,1607974523178
87.318085,1607974523279
87.94179,1607974523380
87.88501,1607974523481
88.125,1607974523581
87.83505,1607974523682
87.75933,1607974523783
87.83505,1607974523883
87.525986,1607974523984
87.16356,1607974524085
87.99172,1607974524186
88.016525,1607974524286
88.125,1607974524387
87.42268,1607974524488
88.016525,1607974524588
87.89144,1607974524689
87.67967,1607974524790
88.016525,1607974524891
86.391754,1607974524991
87.47391,1607974525092
87.80992,1607974525193
87.62887,1607974525293
87.916664,1607974525394
87.99172,1607974525495
87.62887,1607974525596
87.784676,1607974525696
87.89144,1607974525797
87.99172,1607974525898
87.860085,1607974525999
87.291664,1607974526099
87.3706,1607974526200
87.62887,1607974526301
87.62887,1607974526401
87.26514,1607974526502
88.04124,1607974526603
87.60331,1607974526704
87.99172,1607974526804
87.708336,1607974526905
87.80992,1607974527006
87.42268,1607974527107
87.966805,1607974527207
87.94179,1607974527308
87.42268,1607974527409
87.784676,1607974527509
87.5,1607974527610
87.80992,1607974527711
88.016525,1607974527812
87.966805,1607974527912
87.525986,1607974528013
87.784676,1607974528114
87.44856,1607974528215
