100,1607962376728
68.181816,1607962376828
67.916664,1607962376929
67.975204,1607962377029
68.05846,1607962377130
68.45361,1607962377231
68.6598,1607962377331
68.125,1607962377432
68.46473,1607962377533
68.51852,1607962377633
68.26723,1607962377734
68.388435,1607962377835
68.388435,1607962377935
68.125,1607962378036
68.115944,1607962378137
68.106995,1607962378237
68.26723,1607962378338
68.53002,1607962378439
68.181816,1607962378539
68.19127,1607962378640
68.181816,1607962378741
68.6598,1607962378841
68.125,1607962378942
68.388435,1607962379043
68.125,1607962379143
67.975204,1607962379244
68.181816,1607962379344
67.84969,1607962379445
68.51852,1607962379546
68.53002,1607962379646
67.60563,1607962379750
67.359665,1607962379851
67.62887,1607962379952
67.56198,1607962380052
67.70833,1607962380153
67.07819,1607962380254
66.80498,1607962380354
66.80498,1607962380455
67.84232,1607962380555
67.98337,1607962380656
68.388435,1607962380757
68.388435,1607962380857
68.333336,1607962380958
68.53002,1607962381059
68.333336,1607962381159
68.6598,1607962381260
68.6598,1607962381360
68.125,1607962381461
68.53002,1607962381562
68.59504,1607962381662
67.98337,1607962381763
67.9089,1607962381864
67.5,1607962381964
68.04124,1607962382065
68.59504,1607962382166
68.39917,1607962382266
68.60707,1607962382367
68.31276,1607962382467
68.26723,1607962382568
68.45361,1607962382669
68.53002,1607962382769
68.19127,1607962382870
68.6598,1607962382971
68.115944,1607962383071
67.916664,1607962383172
67.975204,1607962383273
68.24743,1607962383373
68.39917,1607962383474
68.53002,1607962383575
68.45361,1607962383675
68.333336,1607962383776
68.388435,1607962383877
68.59504,1607962383977
68.333336,1607962384078
67.975204,1607962384179
68.59504,1607962384279
67.98337,1607962384380
68.115944,1607962384481
67.7686,1607962384581
67.77547,1607962384682
68.6598,1607962384783
68.59504,1607962384884
68.333336,1607962384984
68.53002,1607962385085
68.53002,1607962385186
68.24743,1607962385286
67.916664,1607962385387
68.388435,1607962385488
68.388435,1607962385588
68.05846,1607962385689
68.29269,1607962385792
68.125,1607962385892
68.45361,1607962385993
68.59504,1607962386094
68.181816,1607962386194
68.19127,1607962386295
68.115944,1607962386396
67.83505,1607962386496
68.125,1607962386597
68.53002,1607962386698
68.53002,1607962386798
68.115944,1607962386899
68.25726,1607962387000
68.32298,1607962387100
68.25726,1607962387201
68.46473,1607962387302
68.45361,1607962387403
67.98337,1607962387503
68.45361,1607962387604
68.32298,1607962387705
68.388435,1607962387805
67.63486,1607962387906
68.25726,1607962388007
68.59504,1607962388107
70.06237,1607962388208
69.896904,1607962388309
72.40664,1607962388409
70.83333,1607962388510
73.81443,1607962388611
68.53002,1607962388711
69.583336,1607962388812
73.084885,1607962388913
69.484535,1607962389013
69.583336,1607962389114
69.83471,1607962389215
78.05383,1607962389316
71.18998,1607962389416
71.19341,1607962389517
72.37113,1607962389618
71.22153,1607962389718
71.72557,1607962389819
71.07438,1607962389920
71.63561,1607962390020
71.458336,1607962390121
71.4579,1607962390222
73.76033,1607962390322
71.72557,1607962390423
72.25673,1607962390524
75.619835,1607962390625
70.563675,1607962390725
69.69072,1607962390826
73.084885,1607962390927
76.701035,1607962391027
73.64017,1607962391128
73.45679,1607962391229
73.084885,1607962391329
71.30977,1607962391430
75.20661,1607962391531
71.84265,1607962391632
71.78423,1607962391732
71.4876,1607962391833
74.380165,1607962391934
71.4876,1607962392034
71.60752,1607962392135
71.13402,1607962392236
71.36929,1607962392336
69.85447,1607962392437
71.900826,1607962392538
71.07438,1607962392639
71.816284,1607962392739
78.05383,1607962392840
71.22153,1607962392941
71.604935,1607962393041
68.81497,1607962393142
71.42857,1607962393243
71.22153,1607962393343
71.18998,1607962393444
71.694214,1607962393545
72.25673,1607962393645
71.25,1607962393746
70.53942,1607962393847
73.29193,1607962393948
71.78423,1607962394048
71.39875,1607962394149
76.190475,1607962394250
71.28099,1607962394350
73.23651,1607962394451
71.546394,1607962394552
77.639755,1607962394653
71.39875,1607962394753
76.397514,1607962394854
70.515465,1607962394955
72.025055,1607962395055
71.28099,1607962395156
73.40206,1607962395257
72.72727,1607962395357
70.893974,1607962395458
70.30927,1607962395559
71.84265,1607962395659
71.10187,1607962395760
71.22153,1607962395861
72.083336,1607962395961
75.514404,1607962396062
72.19917,1607962396163
71.30977,1607962396263
71.546394,1607962396364
79.13223,1607962396465
72.67081,1607962396565
69.502075,1607962396666
72.40664,1607962396767
71.4876,1607962396867
71.60752,1607962396968
72.31405,1607962397069
71.22153,1607962397170
72.557175,1607962397270
71.57676,1607962397371
76.434425,1607962397472
71.72557,1607962397572
72.97297,1607962397673
71.39918,1607962397774
72.31405,1607962397874
72.34927,1607962397975
82.36514,1607962398076
73.45679,1607962398177
71.875,1607962398277
72.46377,1607962398378
71.63561,1607962398479
72.42798,1607962398579
71.25,1607962398680
73.29193,1607962398781
73.55372,1607962398881
72.97297,1607962398982
71.95876,1607962399083
69.628105,1607962399184
74.84407,1607962399284
72.577324,1607962399385
72.04969,1607962399486
74.07407,1607962399586
71.458336,1607962399687
71.84265,1607962399788
71.8107,1607962399888
71.458336,1607962399989
70.454544,1607962400090
71.28099,1607962400191
69.44444,1607962400296
70.454544,1607962400397
73.55372,1607962400497
69.9793,1607962400598
72.31405,1607962400699
71.694214,1607962400800
69.64657,1607962400900
70.04132,1607962401001
73.76033,1607962401102
70.60042,1607962401202
78.37838,1607962401303
71.84265,1607962401403
71.25,1607962401504
71.95876,1607962401605
71.75258,1607962401706
71.63561,1607962401806
71.22153,1607962401907
73.49896,1607962402008
72.16495,1607962402108
71.51767,1607962402209
71.95876,1607962402310
71.16183,1607962402411
73.81443,1607962402511
72.025055,1607962402612
72.52066,1607962402713
75.619835,1607962402813
73.23651,1607962402914
72.16495,1607962403015
71.42857,1607962403116
76.190475,1607962403216
71.25,1607962403317
71.19341,1607962403418
73.23651,1607962403518
75.7764,1607962403619
71.16183,1607962403720
72.46377,1607962403821
70.893974,1607962403921
72.577324,1607962404022
71.22153,1607962404123
74.94824,1607962404223
72.14429,1607962404328
72.37113,1607962404428
71.458336,1607962404529
71.42857,1607962404630
71.75258,1607962404730
78.705635,1607962404831
70.72165,1607962404932
72.484604,1607962405033
72.25673,1607962405133
73.125,1607962405234
71.546394,1607962405335
78.26087,1607962405435
71.93347,1607962405536
71.63561,1607962405637
84.12371,1607962405738
72.40664,1607962405838
70.772446,1607962405939
82.47423,1607962406040
72.67081,1607962406140
71.39875,1607962406241
70.57613,1607962406342
73.76033,1607962406442
71.30977,1607962406543
74.7412,1607962406644
72.10744,1607962406744
72.291664,1607962406845
71.57676,1607962406946
71.95876,1607962407046
69.79167,1607962407147
72.25673,1607962407248
74.17355,1607962407349
70.30927,1607962407449
72.557175,1607962407550
70.515465,1607962407651
71.22153,1607962407751
70.68607,1607962407852
72.72727,1607962407953
73.443985,1607962408053
70.27027,1607962408154
71.78423,1607962408255
70.454544,1607962408356
71.25,1607962408456
71.84265,1607962408557
72.37113,1607962408657
69.7286,1607962408758
73.55372,1607962408859
69.896904,1607962408960
72.86013,1607962409060
71.28099,1607962409161
70.24794,1607962409261
71.33891,1607962409362
70.661156,1607962409463
72.10744,1607962409564
75,1607962409664
75.208336,1607962409765
71.95876,1607962409866
71.9917,1607962409966
70,1607962410067
71.546394,1607962410168
69.83471,1607962410269
73.38877,1607962410369
70.24794,1607962410470
73.084885,1607962410570
70.35491,1607962410671
71.900826,1607962410772
72.25673,1607962410872
71.93347,1607962410973
76.28866,1607962411074
71.28099,1607962411174
70.661156,1607962411275
72.14137,1607962411376
73.045265,1607962411477
69.9793,1607962411578
71.25,1607962411678
72.63374,1607962411779
71.546394,1607962411880
74.380165,1607962411980
70.208336,1607962412081
77.77778,1607962412182
71.900826,1607962412282
70.625,1607962412383
76.44628,1607962412484
71.63561,1607962412585
69.896904,1607962412685
71.25,1607962412786
72.25673,1607962412887
70.72165,1607962412987
70.208336,1607962413088
71.014496,1607962413189
75.20661,1607962413289
69.79167,1607962413390
72.10744,1607962413491
72.72727,1607962413592
71.458336,1607962413692
71.604935,1607962413793
75.20661,1607962413894
70.18633,1607962413994
72.19917,1607962414095
70.39338,1607962414196
71.604935,1607962414296
72.803345,1607962414397
69.95885,1607962414498
70.60042,1607962414599
74.06639,1607962414699
70.68607,1607962414800
73.045265,1607962414901
71.900826,1607962415001
70.416664,1607962415102
72.16495,1607962415203
71.07438,1607962415304
71.57676,1607962415404
69.91701,1607962415505
71.75258,1607962415606
70.86777,1607962415706
71.72557,1607962415807
72.577324,1607962415908
69.896904,1607962416009
74.63617,1607962416109
70.14614,1607962416210
72.42798,1607962416311
70.39338,1607962416411
72.19917,1607962416512
73.91304,1607962416613
70.10309,1607962416714
72.04969,1607962416814
70.33195,1607962416915
72.04969,1607962417016
69.772255,1607962417116
72.083336,1607962417217
70.24794,1607962417318
72.16495,1607962417419
71.604935,1607962417519
71.18998,1607962417620
70.39338,1607962417721
74.58678,1607962417822
71.8107,1607962417922
71.041664,1607962418023
71.84265,1607962418124
73.608246,1607962418224
72.557175,1607962418325
72.72727,1607962418426
70.33195,1607962418527
74.012474,1607962418627
69.69072,1607962418728
70.39338,1607962418829
71.75258,1607962418929
69.375,1607962419030
73.34711,1607962419131
69.421486,1607962419231
70.27027,1607962419332
70.16461,1607962419433
69.772255,1607962419533
67.42738,1607962419634
67.49482,1607962419735
67.975204,1607962419835
72.23382,1607962419936
67.56198,1607962420037
69.9793,1607962420137
69.85447,1607962420238
76.81159,1607962420339
70.04132,1607962420439
72.291664,1607962420540
67.975204,1607962420641
69.628105,1607962420742
67.359665,1607962420842
69.772255,1607962420943
68.181816,1607962421044
69.35818,1607962421144
67.84232,1607962421245
69.83471,1607962421346
70.454544,1607962421446
69.79167,1607962421547
72.72727,1607962421648
69.772255,1607962421748
76.09148,1607962421849
76.65289,1607962421950
74.17355,1607962422051
70.10309,1607962422151
72.5,1607962422252
68.45361,1607962422353
69.565216,1607962422453
69.583336,1607962422554
67.975204,1607962422655
69.83471,1607962422755
67.151764,1607962422856
69.83471,1607962422957
70.39338,1607962423057
70.06237,1607962423158
74.380165,1607962423259
69.565216,1607962423360
67.567566,1607962423460
69.83471,1607962423561
67.49482,1607962423662
67.69547,1607962423762
67.70833,1607962423863
75.619835,1607962423964
69.628105,1607962424064
67.42738,1607962424165
68.115944,1607962424266
72.25673,1607962424367
70.454544,1607962424467
69.91701,1607962424568
71.014496,1607962424669
70.10309,1607962424770
70,1607962424870
70.80745,1607962424971
70.18633,1607962425072
70.10309,1607962425172
72.44259,1607962425273
70.92783,1607962425374
70.60042,1607962425475
71.84265,1607962425575
71.875,1607962425676
70.80745,1607962425777
71.3402,1607962425878
71.816284,1607962425978
68.59504,1607962426079
67.42268,1607962426180
67.49482,1607962426280
67.5,1607962426381
67.7686,1607962426482
67.62887,1607962426582
67.36402,1607962426683
71.546394,1607962426784
69.00827,1607962426885
70.06237,1607962426985
67.62887,1607962427086
69.64657,1607962427187
67.90124,1607962427287
70.08369,1607962427388
68.106995,1607962427489
69.69072,1607962427589
67.84969,1607962427690
67.83505,1607962427791
70.04132,1607962427891
71.72557,1607962427992
70.80745,1607962428093
71.51277,1607962428199
69.087135,1607962428299
69.438675,1607962428400
74.17355,1607962428501
72.19917,1607962428601
71.51767,1607962428702
70.86777,1607962428803
69.9793,1607962428904
72.93388,1607962429004
70.18633,1607962429105
70.60042,1607962429206
70.661156,1607962429306
76.82672,1607962429407
70.30927,1607962429508
70.04132,1607962429609
70.27027,1607962429709
70.24794,1607962429810
72.22222,1607962429911
71.63561,1607962430011
70.47817,1607962430112
70.30927,1607962430213
73.34711,1607962430313
70.35491,1607962430414
70.24794,1607962430515
74.43298,1607962430616
70.208336,1607962430716
71.900826,1607962430817
73.608246,1607962430918
72.16495,1607962431018
69.91701,1607962431119
70.24794,1607962431220
72.31405,1607962431321
70.39338,1607962431421
69.85447,1607962431522
69.896904,1607962431623
76.859505,1607962431723
84.30962,1607962431824
71.07438,1607962431925
70.454544,1607962432026
70.515465,1607962432126
71.666664,1607962432227
70.454544,1607962432328
69.83471,1607962432429
74.020615,1607962432529
72.708336,1607962432630
71.07438,1607962432731
71.22153,1607962432831
72.97297,1607962432932
70.30927,1607962433033
73.49896,1607962433133
69.79167,1607962433234
70.454544,1607962433335
70.24794,1607962433435
71.666664,1607962433536
69.83471,1607962433637
73.084885,1607962433737
71.16183,1607962433838
70.60042,1607962433939
70.86777,1607962434040
70.30927,1607962434140
71.25,1607962434241
70.53942,1607962434342
69.9793,1607962434443
70.06237,1607962434543
70.18633,1607962434644
70.24794,1607962434745
71.39918,1607962434845
72.083336,1607962434946
68.04124,1607962435047
67.7686,1607962435147
67.70833,1607962435248
72.877846,1607962435349
75.98344,1607962435449
70.208336,1607962435550
70.86777,1607962435651
72.52066,1607962435752
70.515465,1607962435852
72.083336,1607962435953
72.72727,1607962436054
70.39338,1607962436154
70.208336,1607962436255
72.25673,1607962436356
70.24794,1607962436457
74.11274,1607962436557
79.175255,1607962436658
70.661156,1607962436759
70.04132,1607962436859
70.33195,1607962436960
70.86777,1607962437061
72.31405,1607962437161
72.14137,1607962437262
70.18633,1607962437363
70.39338,1607962437464
72.14137,1607962437564
79.13223,1607962437665
70.86777,1607962437766
69.91701,1607962437866
70.47817,1607962437967
71.84265,1607962438068
70.24794,1607962438169
70.06237,1607962438269
70.454544,1607962438370
71.3402,1607962438471
69.15114,1607962438571
71.875,1607962438672
69.83471,1607962438773
71.9917,1607962438873
70.06237,1607962438974
71.014496,1607962439075
71.95876,1607962439175
70.208336,1607962439276
70.30927,1607962439377
70.39338,1607962439477
73.95833,1607962439578
70.86777,1607962439679
75.41322,1607962439780
70.18633,1607962439880
78.79418,1607962439981
78.5124,1607962440082
86.3354,1607962440182
70.35491,1607962440283
71.42857,1607962440384
70.454544,1607962440484
71.816284,1607962440585
69.69072,1607962440686
71.014496,1607962440786
70.06237,1607962440887
75.25773,1607962440988
70.24794,1607962441088
73.18087,1607962441189
72.52066,1607962441290
78.37838,1607962441390
72.10744,1607962441491
70.04132,1607962441592
71.42857,1607962441692
74.12008,1607962441793
70.68607,1607962441894
70.72165,1607962441994
70.208336,1607962442095
74.380165,1607962442196
70.80745,1607962442297
70.661156,1607962442397
69.7286,1607962442498
71.8107,1607962442599
68.388435,1607962442700
73.29193,1607962442800
70.53942,1607962442901
70.18633,1607962443002
71.4876,1607962443102
72.44259,1607962443203
71.3402,1607962443304
70.86777,1607962443405
72.72727,1607962443505
70.563675,1607962443606
70.57613,1607962443707
68.0498,1607962443807
69.375,1607962443908
70.30927,1607962444009
70.72165,1607962444110
70.80745,1607962444210
70.47817,1607962444311
72.577324,1607962444412
72.10744,1607962444512
70.14614,1607962444613
71.13402,1607962444714
72.25673,1607962444815
77.75468,1607962444915
70.86777,1607962445016
70.04132,1607962445117
69.85447,1607962445217
70.454544,1607962445318
72.37113,1607962445419
73.084885,1607962445519
71.30977,1607962445620
73.49896,1607962445721
70.16461,1607962445822
70,1607962445922
70.18633,1607962446023
71.546394,1607962446124
70.92783,1607962446224
70.416664,1607962446325
70.454544,1607962446426
72.577324,1607962446526
69.70955,1607962446627
71.4876,1607962446728
70.53942,1607962446829
74.53416,1607962446929
69.79167,1607962447030
74.84536,1607962447131
82.815735,1607962447231
71.014496,1607962447332
69.772255,1607962447433
71.95876,1607962447533
72.34927,1607962447634
70.39338,1607962447735
70.661156,1607962447835
72.5,1607962447936
70.04132,1607962448037
69.83471,1607962448138
71.9917,1607962448238
71.84265,1607962448339
70.39338,1607962448440
70.661156,1607962448540
69.85447,1607962448641
70.80745,1607962448742
71.900826,1607962448843
67.63486,1607962448943
73.29193,1607962449044
73.084885,1607962449145
71.95876,1607962449246
69.9793,1607962449346
72.76507,1607962449447
70.86777,1607962449548
75.82645,1607962449648
80.45738,1607962449749
71.3402,1607962449850
68.87967,1607962449951
72.52066,1607962450051
70.47817,1607962450152
71.07438,1607962450253
71.4876,1607962450354
69.79167,1607962450454
69.9793,1607962450555
70.454544,1607962450656
72.78351,1607962450756
70.27027,1607962450857
69.15114,1607962450958
70.515465,1607962451058
70,1607962451159
72.93388,1607962451260
71.9917,1607962451360
70.47817,1607962451461
70.18633,1607962451562
69.9793,1607962451662
70.12448,1607962451763
72.04969,1607962451864
69.214874,1607962451965
71.42857,1607962452065
70.208336,1607962452166
70.92783,1607962452267
70.24794,1607962452368
70.772446,1607962452468
75.87629,1607962452569
70.661156,1607962452670
70.39338,1607962452770
70.12448,1607962452871
69.9793,1607962452972
71.84265,1607962453073
73.34711,1607962453173
70.39338,1607962453274
72.61411,1607962453375
73.084885,1607962453475
67.567566,1607962453576
67.56198,1607962453677
67.701866,1607962453777
67.359665,1607962453878
67.9089,1607962453979
64.04959,1607962454079
68.19127,1607962454180
71.694214,1607962454281
70.60042,1607962454381
69.583336,1607962454482
69.628105,1607962454583
72.577324,1607962454683
69.85447,1607962454784
70.454544,1607962454885
88.81987,1607962454985
70.47817,1607962455086
70.661156,1607962455187
69.9793,1607962455288
70.625,1607962455388
69.421486,1607962455489
67.975204,1607962455590
77.47934,1607962455690
67.916664,1607962455791
70.515465,1607962455892
71.75258,1607962455992
70.27027,1607962456093
71.84265,1607962456194
70.92783,1607962456295
72.93388,1607962456395
75.991646,1607962456496
71.4876,1607962456597
70.04132,1607962456697
69.85447,1607962456798
72.78351,1607962456899
69.9793,1607962457000
70.30927,1607962457100
69.583336,1607962457201
70.18633,1607962457302
75.41322,1607962457402
70.98121,1607962457503
70.86777,1607962457604
70.60042,1607962457705
70.57613,1607962457805
70.98121,1607962457906
70.78189,1607962458007
70.18633,1607962458107
70.625,1607962458208
74.27386,1607962458309
70.30927,1607962458409
70.416664,1607962458510
70.454544,1607962458611
69.95885,1607962458712
70,1607962458812
73.55372,1607962458913
70.12448,1607962459014
69.95885,1607962459114
70,1607962459215
70.04132,1607962459316
77.27273,1607962459416
70.416664,1607962459517
70.53942,1607962459618
75.514404,1607962459719
71.4876,1607962459819
71.60752,1607962459920
70.30927,1607962460021
70.18633,1607962460121
70.06237,1607962460222
70.454544,1607962460323
75.41322,1607962460424
73.65145,1607962460524
69.85447,1607962460625
70.92783,1607962460726
75.25773,1607962460826
71.10187,1607962460927
70.24794,1607962461028
70.661156,1607962461129
70.10309,1607962461229
70.416664,1607962461330
70.60042,1607962461431
72.52066,1607962461531
70.47817,1607962461632
80.578514,1607962461733
70.39338,1607962461833
70.27027,1607962461934
79.75206,1607962462035
70.60042,1607962462136
69.7286,1607962462236
70.515465,1607962462337
74.17355,1607962462438
70.661156,1607962462538
70.35491,1607962462639
71.546394,1607962462740
74.17355,1607962462840
73.38877,1607962462941
70.57613,1607962463042
72.877846,1607962463143
70.39338,1607962463243
77.546776,1607962463344
68.86598,1607962463445
71.57676,1607962463545
74.48132,1607962463646
70.60042,1607962463747
70.86777,1607962463848
70.04132,1607962463948
71.666664,1607962464049
72.10744,1607962464150
71.014496,1607962464250
73.18087,1607962464351
72.67081,1607962464452
69.9793,1607962464553
71.75258,1607962464653
70.208336,1607962464754
74.94824,1607962464855
71.694214,1607962464955
70,1607962465056
72.63374,1607962465157
70.37037,1607962465258
70.47817,1607962465358
73.443985,1607962465459
70.661156,1607962465560
72.52066,1607962465660
70.47817,1607962465761
70.60042,1607962465862
69.9793,1607962465963
73.55372,1607962466063
71.816284,1607962466164
70.30927,1607962466265
70.60042,1607962466365
70.772446,1607962466466
69.15114,1607962466567
72.72727,1607962466667
73.18087,1607962466768
71.28099,1607962466869
72.63374,1607962466970
70.661156,1607962467070
70.35491,1607962467171
69.69072,1607962467272
71.84265,1607962467373
70.208336,1607962467473
73.29193,1607962467574
69.772255,1607962467675
76.08247,1607962467775
69.583336,1607962467876
70.18633,1607962467977
69.83471,1607962468077
78.57143,1607962468183
68.9441,1607962468283
70.08369,1607962468384
70.16461,1607962468485
70.80745,1607962468585
71.30977,1607962468686
70.18633,1607962468787
71.28099,1607962468888
75.36232,1607962468988
72.61411,1607962469089
70.12448,1607962469190
70.04132,1607962469290
69.93737,1607962469391
71.900826,1607962469492
70.53942,1607962469592
70.06237,1607962469693
69.83471,1607962469794
70.661156,1607962469895
71.694214,1607962469995
69.85447,1607962470096
70.39338,1607962470197
72.04969,1607962470298
70.47817,1607962470398
71.694214,1607962470499
72.16495,1607962470600
70.86777,1607962470700
71.757324,1607962470801
71.604935,1607962470902
72.19917,1607962471003
76.92308,1607962471103
72.19917,1607962471204
70.10309,1607962471305
71.9917,1607962471405
69.85447,1607962471506
71.4876,1607962471607
72.16495,1607962471708
71.30977,1607962471808
69.583336,1607962471909
72.25673,1607962472010
70.72165,1607962472110
69.85447,1607962472211
71.84265,1607962472312
70.30927,1607962472413
72.65136,1607962472513
69.896904,1607962472614
69.83471,1607962472715
69.83471,1607962472815
74.791664,1607962472916
69.772255,1607962473017
67.56198,1607962473118
67.96715,1607962473218
69.79167,1607962473319
67.975204,1607962473420
69.484535,1607962473521
67.701866,1607962473621
69.79167,1607962473722
70.37037,1607962473823
70.18633,1607962473923
70.06237,1607962474024
67.56198,1607962474125
69.421486,1607962474226
67.70833,1607962474326
70.78189,1607962474427
64.93776,1607962474528
69.214874,1607962474628
67.70833,1607962474729
72.01646,1607962474830
70.78189,1607962474930
71.72557,1607962475031
70.18633,1607962475132
70.18633,1607962475233
73.55372,1607962475333
71.93347,1607962475434
70.04132,1607962475535
69.69072,1607962475635
70.06237,1607962475736
70.04132,1607962475837
70.39338,1607962475938
70.454544,1607962476038
69.79167,1607962476139
69.83471,1607962476240
70.60042,1607962476340
67.567566,1607962476441
70.04132,1607962476542
67.56198,1607962476643
71.63561,1607962476743
70,1607962476844
70.515465,1607962476945
71.28099,1607962477045
70.06237,1607962477146
68.115944,1607962477247
69.27835,1607962477348
67.49482,1607962477448
67.77547,1607962477549
69.421486,1607962477650
68.115944,1607962477751
69.85447,1607962477851
67.83505,1607962477952
67.7686,1607962478052
69.93737,1607962478153
70.18633,1607962478254
69.421486,1607962478355
71.25,1607962478455
71.8107,1607962478556
69.75309,1607962478657
69.9793,1607962478757
70.893974,1607962478858
71.07438,1607962478959
70.208336,1607962479059
70.39338,1607962479160
70.72165,1607962479260
70.208336,1607962479361
71.3402,1607962479462
70.33195,1607962479562
69.502075,1607962479663
71.900826,1607962479764
73.084885,1607962479864
70.27027,1607962479965
72.31405,1607962480066
72.577324,1607962480167
70.30927,1607962480267
71.16183,1607962480368
69.83471,1607962480469
72.31405,1607962480569
69.565216,1607962480670
67.84232,1607962480771
67.975204,1607962480872
69.438675,1607962480972
67.62887,1607962481073
68.106995,1607962481174
79.41788,1607962481274
69.70955,1607962481375
67.83505,1607962481476
69.9793,1607962481576
67.43215,1607962481677
70.30927,1607962481778
71.22153,1607962481879
73.45679,1607962481979
70.416664,1607962482080
70.18633,1607962482181
70.57613,1607962482281
70.68607,1607962482382
73.55372,1607962482483
69.27835,1607962482583
73.333336,1607962482684
70.39338,1607962482785
71.694214,1607962482886
74.485596,1607962482986
68.68476,1607962483087
67.62887,1607962483188
67.62887,1607962483289
67.5,1607962483389
67.7686,1607962483490
67.62887,1607962483591
67.77547,1607962483691
70.06237,1607962483792
70.30927,1607962483893
70.57613,1607962483994
70.772446,1607962484094
70.454544,1607962484195
70.92783,1607962484296
77.59336,1607962484396
76.09148,1607962484497
69.83471,1607962484598
70.92783,1607962484698
65.416664,1607962484799
70.454544,1607962484900
71.63561,1607962485001
70,1607962485101
70.454544,1607962485202
70.24794,1607962485303
77.47934,1607962485403
70.625,1607962485504
75.25773,1607962485605
72.40664,1607962485705
69.64657,1607962485806
70.04132,1607962485907
70.92783,1607962486008
69.421486,1607962486108
69.502075,1607962486209
70.86777,1607962486310
71.07438,1607962486410
70.772446,1607962486511
70.24794,1607962486612
76.60455,1607962486713
70.18633,1607962486813
72.557175,1607962486914
69.628105,1607962487015
70.39338,1607962487115
69.93737,1607962487216
71.900826,1607962487317
70.24794,1607962487417
70.06237,1607962487518
72.46377,1607962487619
69.70955,1607962487719
69.502075,1607962487820
70.33195,1607962487921
70.515465,1607962488022
67.56198,1607962488122
67.567566,1607962488223
70.04132,1607962488324
70.39338,1607962488424
70.68607,1607962488525
69.772255,1607962488626
74.2268,1607962488727
70.454544,1607962488827
72.14137,1607962488928
71.900826,1607962489029
69.00827,1607962489129
75.313805,1607962489230
73.91304,1607962489331
77.93815,1607962489432
70.04132,1607962489532
69.583336,1607962489633
70.80745,1607962489734
73.91304,1607962489834
69.375,1607962489935
71.8107,1607962490036
70.53942,1607962490137
70.10309,1607962490237
72.86013,1607962490338
71.604935,1607962490439
70.24794,1607962490540
69.93737,1607962490640
70.33195,1607962490741
71.25256,1607962490842
71.9917,1607962490942
70.208336,1607962491043
72.484604,1607962491144
70.12448,1607962491244
72.877846,1607962491345
70.454544,1607962491446
72.10744,1607962491547
77.13098,1607962491647
72.04969,1607962491748
71.694214,1607962491849
73.10062,1607962491949
71.96653,1607962492050
68.86598,1607962492151
74.950294,1607962492255
69.93737,1607962492356
70.454544,1607962492457
72.82158,1607962492557
72.557175,1607962492658
73.34711,1607962492759
75.20661,1607962492859
69.246864,1607962492960
70.86777,1607962493061
70.12448,1607962493161
74.84407,1607962493262
70.18633,1607962493363
70.24794,1607962493464
70.39338,1607962493564
70.06237,1607962493665
72.25673,1607962493766
75.25773,1607962493866
69.85447,1607962493967
72.52066,1607962494068
70.04132,1607962494169
74.380165,1607962494269
70.27027,1607962494370
70.24794,1607962494471
70.37037,1607962494572
73.95833,1607962494672
72.52066,1607962494773
72.93388,1607962494874
69.628105,1607962494974
70.208336,1607962495075
72.67081,1607962495176
70.661156,1607962495277
69.896904,1607962495377
70.208336,1607962495478
71.3402,1607962495579
69.484535,1607962495679
71.10187,1607962495780
70.39338,1607962495881
69.565216,1607962495982
72.04969,1607962496082
71.07438,1607962496183
70.661156,1607962496284
69.9793,1607962496384
70.06237,1607962496485
72.25673,1607962496586
70.04132,1607962496686
69.85447,1607962496787
70.33195,1607962496888
70.454544,1607962496989
71.041664,1607962497089
71.63561,1607962497190
70.30927,1607962497291
70.12448,1607962497391
71.875,1607962497492
68.80165,1607962497593
73.608246,1607962497694
70.515465,1607962497795
70.60042,1607962497895
72.52066,1607962497996
70.661156,1607962498097
69.9793,1607962498198
69.9793,1607962498298
70.95436,1607962498399
74.17355,1607962498500
71.014496,1607962498601
70.04132,1607962498701
70.416664,1607962498802
70.515465,1607962498903
70.30927,1607962499003
70.50209,1607962499104
71.22153,1607962499205
70.24794,1607962499306
72.10744,1607962499406
70.33195,1607962499507
71.36929,1607962499608
71.546394,1607962499708
70.53942,1607962499809
73.96694,1607962499910
71.014496,1607962500011
70.18633,1607962500111
71.51767,1607962500212
71.28099,1607962500313
70.39338,1607962500414
72.04969,1607962500514
68.125,1607962500615
74.17355,1607962500715
69.85447,1607962500816
70.04132,1607962500917
70.24794,1607962501017
71.60752,1607962501118
69.484535,1607962501219
71.22153,1607962501320
72.04969,1607962501420
70.33195,1607962501521
69.896904,1607962501622
71.36929,1607962501723
70.30927,1607962501823
69.583336,1607962501924
70.18633,1607962502025
70.92783,1607962502125
73.125,1607962502226
70.16461,1607962502327
70.39338,1607962502428
69.628105,1607962502528
71.458336,1607962502629
73.55372,1607962502730
70.33195,1607962502831
71.694214,1607962502931
70.83333,1607962503032
69.896904,1607962503133
72.16495,1607962503233
70.563675,1607962503334
69.83471,1607962503435
72.31405,1607962503535
70.14614,1607962503636
70.57613,1607962503737
70.515465,1607962503837
70,1607962503938
74.6888,1607962504039
72.31405,1607962504139
70.416664,1607962504240
70.454544,1607962504341
70.39338,1607962504441
70.33195,1607962504542
72.19917,1607962504643
73.084885,1607962504744
69.64657,1607962504844
70.30927,1607962504945
70.24794,1607962505046
71.42857,1607962505146
67.84232,1607962505247
77.31959,1607962505348
72.19917,1607962505448
72.82158,1607962505549
70.60042,1607962505650
70.661156,1607962505751
70.86777,1607962505851
70.68607,1607962505952
70.18633,1607962506053
70.24794,1607962506153
76.875,1607962506254
72.14137,1607962506355
70.04132,1607962506456
75.15528,1607962506556
69.91701,1607962506657
70.18633,1607962506758
69.502075,1607962506859
72.23382,1607962506959
69.81519,1607962507060
70.60042,1607962507161
70.515465,1607962507261
72.708336,1607962507362
71.4876,1607962507463
73.140495,1607962507564
70.04132,1607962507664
72.083336,1607962507765
70.454544,1607962507866
70.72165,1607962507966
78.17048,1607962508067
69.565216,1607962508168
70.86777,1607962508269
73.18087,1607962508369
71.42857,1607962508470
72.42798,1607962508571
75.98344,1607962508671
69.7286,1607962508772
71.75258,1607962508873
72.16495,1607962508974
68.333336,1607962509074
71.63561,1607962509175
70.57613,1607962509276
76.23967,1607962509376
73.541664,1607962509477
70.39338,1607962509578
70.10309,1607962509678
71.041664,1607962509779
75.82645,1607962509880
71.604935,1607962509981
67.5,1607962510081
67.21992,1607962510182
67.62887,1607962510282
65.904366,1607962510383
66.94215,1607962510484
67.56198,1607962510584
67.98337,1607962510685
70.18633,1607962510786
70.04132,1607962510886
73.333336,1607962510987
71.28099,1607962511088
71.3402,1607962511189
71.4876,1607962511289
70.74689,1607962511390
70.454544,1607962511491
69.9793,1607962511591
71.36929,1607962511692
70.10309,1607962511793
73.76033,1607962511894
70.515465,1607962511994
70.06237,1607962512095
70.30927,1607962512196
73.140495,1607962512296
70.27027,1607962512397
75.82645,1607962512498
69.565216,1607962512599
70.39338,1607962512699
71.25,1607962512800
70.454544,1607962512901
70.86777,1607962513002
73.18087,1607962513102
72.40664,1607962513203
70.80745,1607962513304
70.454544,1607962513404
72.14137,1607962513505
68.388435,1607962513606
72.67081,1607962513707
72.34927,1607962513807
73.91304,1607962513908
70.24794,1607962514009
74.94824,1607962514109
71.25,1607962514210
77.89256,1607962514311
70.92783,1607962514412
69.628105,1607962514512
71.60752,1607962514613
69.15114,1607962514714
76.28866,1607962514814
70.625,1607962514915
70.33195,1607962515016
70.454544,1607962515116
73.59667,1607962515217
71.28099,1607962515318
70.18633,1607962515419
70.208336,1607962515519
72.46377,1607962515620
72.577324,1607962515721
70.04132,1607962515821
70.60042,1607962515922
70.515465,1607962516023
72.72727,1607962516124
73.541664,1607962516224
70.86777,1607962516325
70.24794,1607962516426
70.92783,1607962516526
77.546776,1607962516627
74.94824,1607962516728
71.07438,1607962516828
70,1607962516929
70.18633,1607962517030
70.24794,1607962517130
72.76507,1607962517231
70.661156,1607962517332
71.07438,1607962517433
71.16183,1607962517533
69.91701,1607962517634
72.52066,1607962517735
70.04132,1607962517835
69.79167,1607962517936
75.619835,1607962518037
70.515465,1607962518138
70,1607962518238
70.72165,1607962518339
70.80745,1607962518440
72.72727,1607962518540
70.27027,1607962518641
72.10744,1607962518742
70.04132,1607962518842
70.27027,1607962518943
70.454544,1607962519044
71.78423,1607962519145
70.24794,1607962519245
71.16183,1607962519346
69.91701,1607962519447
70.18633,1607962519547
72.291664,1607962519648
72.72727,1607962519749
70.92783,1607962519850
70.83333,1607962519950
72.01646,1607962520051
75.20661,1607962520152
71.84265,1607962520252
73.75,1607962520353
70.661156,1607962520454
70.24794,1607962520554
69.583336,1607962520655
70.30927,1607962520756
74.327126,1607962520856
83.08977,1607962520957
70.78189,1607962521058
71.78423,1607962521159
70.04132,1607962521259
72.025055,1607962521360
70.10309,1607962521461
70.04132,1607962521562
74.73904,1607962521662
72.67081,1607962521763
68.6598,1607962521864
67.62887,1607962521964
67.43215,1607962522065
67.42268,1607962522166
72.46377,1607962522267
72.291664,1607962522367
71.014496,1607962522468
69.9793,1607962522569
71.3402,1607962522669
72.083336,1607962522770
70.04132,1607962522871
70.24794,1607962522972
70.78189,1607962523072
72.291664,1607962523173
70.04132,1607962523274
69.896904,1607962523374
69.79167,1607962523475
69.565216,1607962523576
67.83505,1607962523677
69.421486,1607962523777
66.458336,1607962523878
65.360825,1607962523979
65.63147,1607962524079
67.640915,1607962524180
67.56198,1607962524281
74.380165,1607962524381
67.84232,1607962524482
78.5567,1607962524583
69.07217,1607962524684
68.25726,1607962524784
68.0498,1607962524885
70.04132,1607962524986
70.60042,1607962525086
68.75,1607962525187
71.39918,1607962525288
69.9793,1607962525389
70.27027,1607962525489
71.42857,1607962525590
70.80745,1607962525691
71.07438,1607962525791
70.83333,1607962525892
70.78189,1607962525993
66.66667,1607962526094
72.31405,1607962526194
70.208336,1607962526295
68.86598,1607962526396
69.565216,1607962526496
71.42857,1607962526597
67.975204,1607962526698
75,1607962526799
69.421486,1607962526899
69.166664,1607962527000
72.72727,1607962527101
71.39918,1607962527201
70.416664,1607962527302
67.49482,1607962527403
67.83505,1607962527503
69.583336,1607962527604
67.9089,1607962527705
67.83505,1607962527806
69.311066,1607962527906
67.975204,1607962528007
70.10309,1607962528108
67.9089,1607962528208
69.583336,1607962528309
68.04124,1607962528410
73.70601,1607962528511
70.416664,1607962528611
70.454544,1607962528712
70.53942,1607962528813
72.78351,1607962528913
72.76507,1607962529014
71.28099,1607962529115
70.661156,1607962529216
72.98969,1607962529316
72.14137,1607962529417
71.014496,1607962529518
69.91701,1607962529618
75.51868,1607962529719
70.39338,1607962529820
74.17355,1607962529921
70.12448,1607962530021
69.9793,1607962530122
70.39338,1607962530223
72.37113,1607962530323
68.541664,1607962530424
72.93388,1607962530525
71.4876,1607962530625
72.291664,1607962530726
69.35818,1607962530827
70.12448,1607962530927
70.12448,1607962531028
70.60042,1607962531129
70.24794,1607962531229
71.875,1607962531330
68.181816,1607962531431
70.661156,1607962531531
69.583336,1607962531632
70.60042,1607962531733
69.83471,1607962531833
71.78423,1607962531934
70.30927,1607962532035
71.458336,1607962532135
71.42857,1607962532236
69.214874,1607962532337
74.639175,1607962532437
70.47817,1607962532538
72.61411,1607962532639
72.37113,1607962532739
71.875,1607962532840
76.65289,1607962532941
70.515465,1607962533042
73.140495,1607962533142
71.72557,1607962533243
71.546394,1607962533344
69.83471,1607962533444
70.68607,1607962533545
70.454544,1607962533646
73.029045,1607962533747
76.34855,1607962533847
73.70601,1607962533948
71.63561,1607962534049
70.515465,1607962534149
71.041664,1607962534250
71.694214,1607962534351
71.28099,1607962534451
70.893974,1607962534552
70.16461,1607962534653
71.42857,1607962534753
70.33195,1607962534854
71.63561,1607962534955
70.60042,1607962535056
77.89256,1607962535156
71.30977,1607962535257
69.565216,1607962535358
73.49896,1607962535458
72.23382,1607962535559
70.454544,1607962535660
75,1607962535761
74.08124,1607962535869
69.69072,1607962535970
70.661156,1607962536070
69.79167,1607962536171
70.12448,1607962536272
70.33195,1607962536373
70.60042,1607962536473
73.55372,1607962536574
74.94824,1607962536675
69.896904,1607962536776
73.125,1607962536876
72.04969,1607962536977
70.10309,1607962537078
71.72557,1607962537178
71.84265,1607962537279
77.47934,1607962537379
70.416664,1607962537480
69.83471,1607962537581
72.31405,1607962537682
71.28099,1607962537782
70.208336,1607962537883
71.39918,1607962537984
70.18633,1607962538085
69.91701,1607962538185
71.25,1607962538286
72.46377,1607962538387
72.98969,1607962538487
73.59667,1607962538588
69.9793,1607962538689
74.79339,1607962538789
76.458336,1607962538890
71.3402,1607962538991
69.9793,1607962539092
73.38877,1607962539192
75.20661,1607962539293
68.115944,1607962539394
67.62887,1607962539494
67.70833,1607962539595
67.701866,1607962539696
67.62887,1607962539797
67.701866,1607962539897
67.359665,1607962539998
67.975204,1607962540099
80.74534,1607962540199
70.416664,1607962540300
70.39338,1607962540401
72.25673,1607962540502
70.78189,1607962540602
70.06237,1607962540703
72.10744,1607962540804
69.421486,1607962540904
75,1607962541005
70.10309,1607962541106
70.515465,1607962541207
72.10744,1607962541307
70.625,1607962541408
73.19588,1607962541509
71.84265,1607962541609
75.25987,1607962541710
72.83951,1607962541811
70.80745,1607962541912
71.757324,1607962542012
68.45361,1607962542113
70.92783,1607962542214
72.04969,1607962542314
70.625,1607962542415
70.10309,1607962542516
69.628105,1607962542617
70.72165,1607962542718
71.07438,1607962542818
69.79167,1607962542919
69.896904,1607962543020
81.98758,1607962543121
70.661156,1607962543221
66.66667,1607962543322
68.19127,1607962543423
67.83505,1607962543523
69.583336,1607962543624
67.56198,1607962543725
68.181816,1607962543826
69.628105,1607962543926
68.39917,1607962544027
69.35818,1607962544128
69.9793,1607962544228
67.291664,1607962544329
68.04124,1607962544430
72.52066,1607962544531
73.34711,1607962544631
70.625,1607962544732
70.92783,1607962544833
70.74689,1607962544934
70.18633,1607962545034
69.85447,1607962545135
69.83471,1607962545236
72.01646,1607962545336
70.83333,1607962545437
69.9793,1607962545538
70.04132,1607962545639
70.24794,1607962545739
73.125,1607962545840
70.10309,1607962545941
72.877846,1607962546042
71.51767,1607962546142
70.24794,1607962546243
73.19588,1607962546344
72.25673,1607962546444
69.79167,1607962546545
70.39338,1607962546646
70.10309,1607962546747
72.877846,1607962546847
70.06237,1607962546948
72.63374,1607962547049
71.014496,1607962547150
75.991646,1607962547250
71.39918,1607962547351
69.83471,1607962547452
72.42798,1607962547552
68.60707,1607962547653
72.46377,1607962547754
71.900826,1607962547854
71.041664,1607962547955
73.70601,1607962548056
70.515465,1607962548157
69.83471,1607962548257
70,1607962548358
70.10309,1607962548459
70.74689,1607962548559
70.625,1607962548660
70.78189,1607962548761
70.661156,1607962548862
70.24794,1607962548962
70.208336,1607962549063
71.13402,1607962549164
70.454544,1607962549264
77.33888,1607962549365
67.7686,1607962549466
67.7686,1607962549567
69.83471,1607962549667
67.359665,1607962549768
67.63486,1607962549869
69.34157,1607962549970
72.72727,1607962550070
70.416664,1607962550171
71.900826,1607962550272
69.9793,1607962550372
69.64657,1607962550473
71.014496,1607962550574
70.515465,1607962550675
77.68595,1607962550775
68.958336,1607962550876
72.78351,1607962550977
68.0498,1607962551078
69.07217,1607962551178
70.06237,1607962551279
69.91701,1607962551380
70.454544,1607962551480
69.166664,1607962551581
70.04132,1607962551682
73.48178,1607962551785
70.86777,1607962551886
72.40664,1607962551987
70.30927,1607962552087
74.012474,1607962552188
76.44628,1607962552289
75,1607962552390
73.86831,1607962552490
70.416664,1607962552591
71.16183,1607962552692
69.9793,1607962552793
72.78351,1607962552893
68.541664,1607962552994
72.10744,1607962553095
70.86777,1607962553195
75.36535,1607962553296
69.83471,1607962553397
71.28099,1607962553497
82.881004,1607962553598
70.86777,1607962553699
70.18633,1607962553800
70.68607,1607962553900
70.515465,1607962554001
72.72727,1607962554102
70.18633,1607962554202
70.47817,1607962554303
74.06639,1607962554404
70.37037,1607962554505
70.18633,1607962554605
79.66805,1607962554706
81.333336,1607962554814
67.98337,1607962554915
70.80745,1607962555016
71.63561,1607962555117
69.85447,1607962555217
70.60042,1607962555318
70.95436,1607962555419
73.25103,1607962555519
69.79167,1607962555620
71.694214,1607962555721
70.24794,1607962555822
70.661156,1607962555922
72.5,1607962556023
70.10309,1607962556124
73.75,1607962556224
77.68595,1607962556325
70.80745,1607962556426
69.85447,1607962556526
70.60042,1607962556627
70.18633,1607962556728
70.63655,1607962556828
72.5,1607962556929
69.9793,1607962557030
80.41237,1607962557130
70,1607962557231
70.80745,1607962557332
70.16461,1607962557432
72.23382,1607962557533
70.30927,1607962557634
70.30927,1607962557735
75.051544,1607962557835
76.09148,1607962557936
70.04132,1607962558037
75.36232,1607962558137
70.06237,1607962558238
73.084885,1607962558339
70.04132,1607962558440
69.896904,1607962558540
82.083336,1607962558641
70.72165,1607962558742
69.772255,1607962558842
75.46777,1607962558943
69.421486,1607962559044
70.80745,1607962559145
70.39338,1607962559245
70.14614,1607962559346
70.30927,1607962559447
70.454544,1607962559548
73.59667,1607962559648
70.24794,1607962559749
70.04132,1607962559850
70.04132,1607962559950
76.458336,1607962560051
77.84679,1607962560152
77.731964,1607962560252
71.25,1607962560353
72.10744,1607962560454
70.10309,1607962560555
70.18633,1607962560655
70.208336,1607962560756
75.25773,1607962560857
70.30927,1607962560957
70.625,1607962561058
77.68595,1607962561159
69.421486,1607962561260
73.45679,1607962561360
69.93737,1607962561461
69.15114,1607962561562
72.72727,1607962561663
71.041664,1607962561763
71.63561,1607962561864
71.95876,1607962561965
70.454544,1607962562065
71.18998,1607962562166
71.42857,1607962562267
70.515465,1607962562368
71.63561,1607962562468
72.19917,1607962562569
72.37113,1607962562670
70.33195,1607962562770
71.36929,1607962562871
70.39338,1607962562972
73.91304,1607962563072
71.57676,1607962563173
72.04969,1607962563274
70.86777,1607962563374
69.91701,1607962563475
75,1607962563576
70.80745,1607962563676
70.416664,1607962563777
70.16461,1607962563878
72.10744,1607962563978
69.79167,1607962564079
70.454544,1607962564180
70.78189,1607962564281
72.25673,1607962564381
70.27027,1607962564482
75.514404,1607962564583
70.04132,1607962564684
70.68607,1607962564784
71.63561,1607962564885
70.39338,1607962564986
70.33195,1607962565086
72.19917,1607962565187
72.61411,1607962565288
74.2268,1607962565388
80.58455,1607962565489
70.18633,1607962565590
70.37037,1607962565690
71.25,1607962565791
76.34855,1607962565892
76.28866,1607962565993
72.14137,1607962566093
70.72165,1607962566194
76.859505,1607962566295
70.10309,1607962566395
70.625,1607962566496
69.628105,1607962566597
68.181816,1607962566697
69.79167,1607962566798
72.52066,1607962566899
69.69072,1607962567000
72.46377,1607962567100
70.14614,1607962567201
73.34711,1607962567302
70.04132,1607962567402
72.803345,1607962567503
70.80745,1607962567604
75.92593,1607962567704
67.63486,1607962567805
67.08075,1607962567906
65.63786,1607962568007
65.560165,1607962568107
65.560165,1607962568208
65.70248,1607962568309
66.59794,1607962568409
71.666664,1607962568510
72.37113,1607962568611
70.95436,1607962568712
73.59667,1607962568812
70.24794,1607962568913
75.7764,1607962569014
69.93737,1607962569114
70.39338,1607962569215
70.10309,1607962569316
70.72165,1607962569416
71.51767,1607962569517
70.33195,1607962569618
70.60042,1607962569719
71.8107,1607962569819
70.625,1607962569920
69.772255,1607962570021
70.515465,1607962570121
70.208336,1607962570222
70.04132,1607962570323
71.75258,1607962570423
73.38877,1607962570524
69.83471,1607962570625
70.661156,1607962570725
71.9917,1607962570826
71.694214,1607962570927
71.900826,1607962571028
74.020615,1607962571128
70.893974,1607962571229
70.24794,1607962571330
69.69072,1607962571430
70.35491,1607962571531
73.29193,1607962571632
70.72165,1607962571733
68.181816,1607962571833
73.16562,1607962571934
71.13402,1607962572035
70.24794,1607962572136
70.74689,1607962572236
69.83471,1607962572337
74.380165,1607962572438
72.52066,1607962572538
69.91701,1607962572639
72.577324,1607962572740
71.4876,1607962572841
70.39338,1607962572941
72.34927,1607962573042
69.565216,1607962573143
70.661156,1607962573244
71.458336,1607962573344
69.83471,1607962573445
70.92783,1607962573546
74.12008,1607962573646
70.208336,1607962573747
72.31405,1607962573848
72.31405,1607962573948
70.625,1607962574049
72.98969,1607962574150
70.72165,1607962574250
70,1607962574351
70.18633,1607962574452
70.661156,1607962574553
69.772255,1607962574653
73.23651,1607962574754
71.84265,1607962574855
73.29193,1607962574956
70.06237,1607962575056
71.75258,1607962575157
70.39338,1607962575258
69.95885,1607962575358
70.04132,1607962575460
72.04969,1607962575560
70.27027,1607962575661
70.10309,1607962575762
71.014496,1607962575863
69.70955,1607962575963
71.4876,1607962576064
73.40206,1607962576165
69.9793,1607962576265
70.35491,1607962576366
70.454544,1607962576467
70.30927,1607962576568
72.16495,1607962576668
70.53942,1607962576769
70.661156,1607962576870
70.39338,1607962576970
71.93347,1607962577071
69.95885,1607962577172
72.40664,1607962577273
71.041664,1607962577373
70.515465,1607962577474
70.454544,1607962577575
70.454544,1607962577675
69.438675,1607962577776
71.22153,1607962577877
70.86777,1607962577978
70.35491,1607962578078
69.772255,1607962578179
69.896904,1607962578280
70.57613,1607962578380
70.772446,1607962578481
72.72727,1607962578582
70.454544,1607962578682
70.208336,1607962578783
69.83471,1607962578884
70.72165,1607962578985
69.79167,1607962579085
72.31405,1607962579186
71.75258,1607962579287
70.454544,1607962579387
69.64657,1607962579488
73.81443,1607962579589
70.39338,1607962579689
72.61411,1607962579790
70.02053,1607962579891
72.67081,1607962579992
70.39338,1607962580092
70.625,1607962580193
70.57613,1607962580294
75.3112,1607962580394
70.416664,1607962580495
70.04132,1607962580596
70.24794,1607962580697
75.72614,1607962580797
70.06237,1607962580898
70.10309,1607962580999
71.546394,1607962581099
70.47817,1607962581200
70.24794,1607962581301
70.454544,1607962581402
70.454544,1607962581502
73.858925,1607962581603
73.81443,1607962581704
71.07438,1607962581805
70.563675,1607962581905
70.04132,1607962582006
71.900826,1607962582107
74.12008,1607962582207
70,1607962582308
70.18633,1607962582409
70.04132,1607962582509
69.7286,1607962582610
72.78351,1607962582711
70.30927,1607962582812
70.04132,1607962582912
70.416664,1607962583013
69.628105,1607962583114
70.515465,1607962583214
70.35491,1607962583315
73.55372,1607962583416
69.83471,1607962583517
79.175255,1607962583617
70.416664,1607962583718
70.24794,1607962583819
73.65145,1607962583919
72.5,1607962584020
70.30927,1607962584121
71.42857,1607962584222
71.8107,1607962584322
67.22338,1607962584423
67.7686,1607962584524
67.62887,1607962584624
70.06237,1607962584725
72.46377,1607962584826
70.10309,1607962584927
73.23651,1607962585027
70.53942,1607962585128
70.39338,1607962585229
70.37037,1607962585329
72.083336,1607962585430
69.27835,1607962585531
72.46377,1607962585632
70.454544,1607962585732
70.06237,1607962585833
72.52066,1607962585934
72.67081,1607962586034
69.93988,1607962586139
70.39338,1607962586239
70.06237,1607962586340
70.18633,1607962586441
69.896904,1607962586542
70.35491,1607962586642
71.694214,1607962586743
70.80745,1607962586844
70.431206,1607962586945
70.06237,1607962587045
71.63561,1607962587146
70.18633,1607962587247
75.36232,1607962587347
70.53942,1607962587448
70.454544,1607962587549
70.18633,1607962587650
70.24794,1607962587750
70.90909,1607962587853
70,1607962587954
71.4876,1607962588055
70.454544,1607962588155
70.06237,1607962588256
70.60042,1607962588357
69.547325,1607962588457
73.01256,1607962588558
70.24794,1607962588659
70.515465,1607962588760
70.454544,1607962588860
71.78423,1607962588961
69.214874,1607962589062
71.4876,1607962589163
70.625,1607962589263
72.72727,1607962589364
72.52066,1607962589465
71.014496,1607962589565
69.438675,1607962589666
71.22153,1607962589767
70.30927,1607962589868
70.35491,1607962589968
70.515465,1607962590069
78.80659,1607962590170
72.04969,1607962590270
70.83333,1607962590371
71.014496,1607962590472
70.454544,1607962590572
70.12448,1607962590673
69.70955,1607962590774
70.30927,1607962590875
74.2268,1607962590975
70.53942,1607962591076
70.53942,1607962591177
71.13402,1607962591277
69.66527,1607962591378
70.454544,1607962591479
71.014496,1607962591580
70,1607962591680
71.16183,1607962591781
71.604935,1607962591882
74.48132,1607962591982
69.79167,1607962592083
70.10309,1607962592184
70.39338,1607962592284
72.44259,1607962592385
70.661156,1607962592486
69.896904,1607962592587
70.10309,1607962592687
71.875,1607962592788
70.04132,1607962592889
70.04132,1607962592989
70,1607962593090
71.07438,1607962593191
76.08247,1607962593292
70.24794,1607962593392
69.70955,1607962593493
72.78351,1607962593594
69.628105,1607962593695
71.93347,1607962593795
70.515465,1607962593896
72.72727,1607962593997
73.333336,1607962594097
70.24794,1607962594198
70.33195,1607962594299
70.24794,1607962594399
71.93347,1607962594500
71.014496,1607962594601
69.69072,1607962594702
70.53942,1607962594802
70.68607,1607962594903
72.22222,1607962595004
73.29193,1607962595105
68.19127,1607962595205
67.62887,1607962595306
67.63486,1607962595407
67.62887,1607962595507
67.567566,1607962595608
67.7686,1607962595709
67.83505,1607962595810
71.041664,1607962595910
70.454544,1607962596011
70.661156,1607962596112
69.83471,1607962596212
69.85447,1607962596313
70.39338,1607962596414
75.51868,1607962596515
70.661156,1607962596615
70.06237,1607962596716
70.72165,1607962596817
70.39338,1607962596917
69.772255,1607962597018
73.40206,1607962597119
72.19917,1607962597220
70.04132,1607962597320
69.64657,1607962597421
70.24794,1607962597522
76.54321,1607962597622
69.85447,1607962597723
75.82645,1607962597824
70.18633,1607962597925
72.19917,1607962598025
74.84407,1607962598126
70.60042,1607962598227
70.515465,1607962598327
70.68607,1607962598428
72.67081,1607962598529
72.577324,1607962598629
70.83333,1607962598730
70.661156,1607962598831
70.515465,1607962598932
71.041664,1607962599032
72.31405,1607962599133
68.6598,1607962599234
72.37113,1607962599334
70.893974,1607962599435
70.86777,1607962599536
75,1607962599636
70.27027,1607962599737
72.98969,1607962599838
70.10309,1607962599938
70.53942,1607962600039
70.60042,1607962600140
73.34711,1607962600241
71.57676,1607962600341
70.39338,1607962600442
69.9793,1607962600543
70.18633,1607962600644
70.33195,1607962600744
69.565216,1607962600845
70.515465,1607962600946
70.18633,1607962601046
71.63561,1607962601147
73.49896,1607962601248
70.04132,1607962601348
74.166664,1607962601449
69.772255,1607962601550
69.75309,1607962601651
80.5383,1607962601751
69.375,1607962601852
70.86777,1607962601953
71.07438,1607962602053
70.416664,1607962602154
71.63561,1607962602255
80.65843,1607962602356
72.59414,1607962602456
67.84232,1607962602557
76.33745,1607962602658
70.515465,1607962602758
69.70955,1607962602859
71.22153,1607962602960
72.16495,1607962603060
70.208336,1607962603161
70.04132,1607962603262
74.53416,1607962603363
70.39338,1607962603463
71.78423,1607962603564
70.12448,1607962603665
70.86777,1607962603765
71.458336,1607962603866
73.81443,1607962603967
71.63561,1607962604068
70.30927,1607962604168
71.25,1607962604269
71.57676,1607962604370
69.19918,1607962604470
73.75,1607962604571
69.772255,1607962604672
73.19588,1607962604773
73.221756,1607962604873
69.75309,1607962604974
75.7764,1607962605075
71.22153,1607962605175
69.230774,1607962605276
70.24794,1607962605377
69.772255,1607962605478
69.772255,1607962605578
71.9917,1607962605679
71.95876,1607962605780
69.896904,1607962605880
69.79167,1607962605981
70.515465,1607962606082
72.98969,1607962606183
70.60042,1607962606283
72.291664,1607962606384
71.014496,1607962606485
70.24794,1607962606585
70.27027,1607962606686
69.772255,1607962606787
69.83471,1607962606887
70.27027,1607962606988
75.514404,1607962607089
69.9793,1607962607189
70.625,1607962607290
70.24794,1607962607391
71.4876,1607962607492
73.01256,1607962607592
67.2165,1607962607693
73.81443,1607962607794
70.60042,1607962607894
70.416664,1607962607995
74.2268,1607962608096
70.454544,1607962608196
69.93737,1607962608297
70.80745,1607962608398
82.510284,1607962608498
69.93737,1607962608599
70.10309,1607962608700
73.70601,1607962608801
73.55372,1607962608901
70.47817,1607962609002
70.04132,1607962609103
70.515465,1607962609203
73.125,1607962609304
70.60042,1607962609405
69.896904,1607962609506
70.14614,1607962609606
74.2268,1607962609707
70.30927,1607962609808
70.24794,1607962609908
70.563675,1607962610009
71.014496,1607962610110
70.10309,1607962610210
70.47817,1607962610311
70.454544,1607962610412
76.190475,1607962610513
70.60042,1607962610613
70.50209,1607962610714
70.04132,1607962610814
70.14614,1607962610915
70.72165,1607962611016
72.72727,1607962611116
76.40919,1607962611217
70.30927,1607962611318
72.72727,1607962611419
70.04132,1607962611519
71.25,1607962611620
74.327126,1607962611721
71.95876,1607962611821
69.311066,1607962611922
72.67081,1607962612023
70.661156,1607962612124
70.661156,1607962612224
76.875,1607962612325
69.421486,1607962612426
71.3402,1607962612526
75.15658,1607962612627
68.115944,1607962612728
74.2268,1607962612829
69.502075,1607962612929
69.85447,1607962613030
69.83471,1607962613131
70.24794,1607962613231
73.80457,1607962613332
74.020615,1607962613433
70.74689,1607962613533
71.93347,1607962613634
70.454544,1607962613735
70.18633,1607962613835
71.96653,1607962613936
71.4876,1607962614037
70.16461,1607962614137
70.625,1607962614238
73.76033,1607962614339
70.454544,1607962614440
71.666664,1607962614540
69.00827,1607962614641
79.545456,1607962614742
74.485596,1607962614842
71.72557,1607962614943
74.012474,1607962615044
70.72165,1607962615144
67.359665,1607962615245
67.77547,1607962615346
70.16461,1607962615447
70.661156,1607962615547
69.64657,1607962615648
70.39338,1607962615749
72.72727,1607962615849
71.93347,1607962615950
69.83471,1607962616051
75.20661,1607962616151
72.083336,1607962616252
73.608246,1607962616353
69.896904,1607962616453
70.14614,1607962616554
70.57613,1607962616655
71.36929,1607962616755
70.9205,1607962616856
70.987656,1607962616957
70.86777,1607962617058
71.10187,1607962617158
72.93388,1607962617259
73.34711,1607962617360
74.17355,1607962617460
69.7286,1607962617561
71.28099,1607962617662
73.140495,1607962617763
70.39338,1607962617863
70.33195,1607962617964
72.67081,1607962618065
70.30927,1607962618166
69.375,1607962618266
70.60042,1607962618367
71.75258,1607962618468
70.80745,1607962618568
70.06237,1607962618669
77.27273,1607962618770
70.30927,1607962618871
70.53942,1607962618971
71.25,1607962619072
80.785126,1607962619173
70.86777,1607962619273
70.772446,1607962619374
70.72165,1607962619475
75.051544,1607962619576
70.454544,1607962619676
70.416664,1607962619777
73.608246,1607962619878
76.44628,1607962619978
70.625,1607962620079
70.60042,1607962620180
69.83471,1607962620280
72.291664,1607962620381
71.28099,1607962620482
70.86777,1607962620582
79.20998,1607962620683
71.84265,1607962620784
71.546394,1607962620884
70.35491,1607962620985
70.39338,1607962621086
72.31405,1607962621187
71.39918,1607962621287
70.208336,1607962621388
70.16461,1607962621489
71.75258,1607962621589
72.708336,1607962621690
70.39338,1607962621791
72.40664,1607962621891
71.458336,1607962621992
70.30927,1607962622093
72.98969,1607962622193
75.51868,1607962622294
72.877846,1607962622395
67.83505,1607962622495
67.43215,1607962622596
67.69547,1607962622697
67.7686,1607962622797
67.5,1607962622898
66.86131,1607962623041
72.98969,1607962623142
70.24794,1607962623243
70.24794,1607962623343
70.47817,1607962623444
71.19341,1607962623545
70.74689,1607962623646
71.875,1607962623746
70.86777,1607962623847
71.07438,1607962623948
69.15114,1607962624049
70.06237,1607962624149
72.61411,1607962624250
76.33745,1607962624351
69.565216,1607962624451
70.208336,1607962624552
72.877846,1607962624653
69.628105,1607962624754
70.37037,1607962624854
71.10187,1607962624955
70.80745,1607962625056
70.30927,1607962625156
70,1607962625257
71.42857,1607962625358
70.661156,1607962625459
69.896904,1607962625559
70.33195,1607962625660
70.10309,1607962625761
72.16495,1607962625861
70,1607962625962
69.9793,1607962626063
70.10309,1607962626164
71.93347,1607962626264
70.39338,1607962626365
70.24794,1607962626466
72.31405,1607962626567
70.60042,1607962626667
69.70955,1607962626768
71.07438,1607962626869
75.41322,1607962626969
69.583336,1607962627070
70.515465,1607962627171
70.12448,1607962627272
70.16461,1607962627372
72.557175,1607962627473
69.83471,1607962627574
71.84265,1607962627675
71.546394,1607962627775
76.92308,1607962627876
72.67081,1607962627977
70.24794,1607962628077
71.666664,1607962628178
75.82645,1607962628279
70.24794,1607962628380
70,1607962628480
75,1607962628581
69.83471,1607962628682
72.10744,1607962628782
70.35491,1607962628883
70.454544,1607962628984
70.16461,1607962629084
73.6952,1607962629185
72.31405,1607962629286
69.772255,1607962629386
70.60042,1607962629487
70.86777,1607962629588
69.83471,1607962629689
72.25673,1607962629789
74.012474,1607962629890
70.24794,1607962629991
77.639755,1607962630091
70.416664,1607962630192
71.604935,1607962630293
70.39338,1607962630393
69.79167,1607962630494
70.18633,1607962630595
69.896904,1607962630696
71.22153,1607962630796
68.60707,1607962630897
72.31405,1607962630998
70.72165,1607962631098
70.416664,1607962631199
75.41322,1607962631300
69.502075,1607962631401
70.24794,1607962631501
69.85447,1607962631602
77.84679,1607962631703
74.639175,1607962631803
70.12448,1607962631904
70.04132,1607962632005
69.83471,1607962632105
71.458336,1607962632206
72.04969,1607962632307
71.75258,1607962632408
74.79339,1607962632508
70.208336,1607962632609
71.57676,1607962632710
70.10309,1607962632810
69.93737,1607962632911
70.04132,1607962633012
72.16495,1607962633113
69.85447,1607962633213
74.94824,1607962633314
71.63561,1607962633415
70.661156,1607962633515
69.85447,1607962633616
70.454544,1607962633717
70.515465,1607962633818
71.95876,1607962633918
69.02287,1607962634019
71.57676,1607962634120
73.19588,1607962634220
70.33195,1607962634321
71.78423,1607962634422
71.95876,1607962634523
70.12448,1607962634623
73.91304,1607962634724
70.72165,1607962634825
71.900826,1607962634925
70.06237,1607962635026
71.63561,1607962635127
70.30927,1607962635227
73.65145,1607962635328
70.95436,1607962635429
72.16495,1607962635529
70.06237,1607962635630
71.75258,1607962635731
70.12448,1607962635831
71.93347,1607962635932
73.55372,1607962636033
71.84265,1607962636134
70.24794,1607962636234
72.5,1607962636335
74.2268,1607962636436
70.661156,1607962636536
71.36929,1607962636637
72.04969,1607962636738
71.28099,1607962636839
70.208336,1607962636939
72.31405,1607962637040
69.896904,1607962637141
72.10744,1607962637241
70.06237,1607962637342
72.31405,1607962637443
71.42857,1607962637544
69.375,1607962637644
71.42857,1607962637745
72.04969,1607962637846
70.22587,1607962637946
72.083336,1607962638047
71.694214,1607962638148
70.80745,1607962638249
71.57676,1607962638349
73.029045,1607962638450
74.12008,1607962638551
69.83471,1607962638651
75.991646,1607962638752
70.30927,1607962638853
69.421486,1607962638954
71.60752,1607962639054
69.565216,1607962639155
70.86777,1607962639255
72.5,1607962639356
70.515465,1607962639457
71.75258,1607962639558
69.896904,1607962639658
71.25,1607962639759
69.772255,1607962639860
75.675674,1607962639961
71.93347,1607962640061
70.454544,1607962640162
73.81443,1607962640263
72.877846,1607962640363
70,1607962640464
72.10744,1607962640565
69.9793,1607962640666
72.22222,1607962640766
70.772446,1607962640867
69.896904,1607962640968
72.01646,1607962641068
80.625,1607962641169
72.01646,1607962641270
69.83471,1607962641371
70.04132,1607962641471
71.041664,1607962641572
70.39338,1607962641673
71.900826,1607962641773
70.208336,1607962641874
71.4876,1607962641975
72.72727,1607962642075
71.57676,1607962642176
72.78351,1607962642277
71.014496,1607962642378
71.30977,1607962642478
70.80745,1607962642579
70.86777,1607962642680
74.84536,1607962642780
73.80457,1607962642881
70.95436,1607962642982
70.60042,1607962643083
71.546394,1607962643183
70.772446,1607962643284
80.61855,1607962643385
68.59504,1607962643485
74.06639,1607962643586
69.9793,1607962643687
71.07438,1607962643788
72.72727,1607962643888
72.40664,1607962643989
72.10744,1607962644090
67.701866,1607962644190
67.63486,1607962644291
67.49482,1607962644392
67.56198,1607962644493
67.359665,1607962644593
67.63486,1607962644694
67.975204,1607962644794
72.14137,1607962644895
70.24794,1607962644996
70.24794,1607962645096
70.208336,1607962645197
71.900826,1607962645298
70.10309,1607962645399
70.18633,1607962645499
69.70955,1607962645600
70.53942,1607962645701
74.84536,1607962645801
68.39917,1607962645902
67.489716,1607962646003
67.49482,1607962646103
67.5,1607962646204
71.95876,1607962646305
68.32298,1607962646405
70.625,1607962646506
71.95876,1607962646607
70.33195,1607962646708
70.431206,1607962646808
70.68607,1607962646909
72.46377,1607962647010
69.83471,1607962647110
69.85447,1607962647211
70.04132,1607962647312
70.661156,1607962647413
71.9917,1607962647513
70.06237,1607962647614
70.16461,1607962647715
69.628105,1607962647816
69.93737,1607962647916
70.30927,1607962648017
75.41322,1607962648118
73.49896,1607962648218
69.93737,1607962648319
70.661156,1607962648420
71.42857,1607962648521
67.77547,1607962648621
70.515465,1607962648722
70.39338,1607962648823
70.661156,1607962648923
71.25,1607962649024
68.53002,1607962649125
72.25673,1607962649225
70.33195,1607962649326
69.772255,1607962649427
70.24794,1607962649528
75.416664,1607962649628
70.12448,1607962649729
70.04132,1607962649830
76.28866,1607962649930
70.27027,1607962650031
73.443985,1607962650132
70.86777,1607962650232
69.91701,1607962650333
70.10309,1607962650434
70.10309,1607962650535
76.03306,1607962650635
74.22037,1607962650736
67.975204,1607962650837
67.62887,1607962650937
67.5,1607962651038
67.83505,1607962651139
67.56198,1607962651239
67.567566,1607962651340
67.9089,1607962651441
70.30927,1607962651541
70,1607962651642
70.24794,1607962651743
70.661156,1607962651843
72.97297,1607962651944
71.8107,1607962652045
70.80745,1607962652146
70.454544,1607962652246
72.025055,1607962652347
70.987656,1607962652448
72.52066,1607962652548
69.87448,1607962652649
70.661156,1607962652750
76.08247,1607962652850
70.06237,1607962652951
70.04132,1607962653051
71.816284,1607962653152
70.30927,1607962653253
69.772255,1607962653354
72.34927,1607962653454
69.9793,1607962653555
70.987656,1607962653656
71.95876,1607962653756
73.75,1607962653857
71.42857,1607962653958
70.72165,1607962654059
69.64657,1607962654159
70.454544,1607962654260
70.04132,1607962654361
69.83471,1607962654461
71.93347,1607962654562
69.9793,1607962654663
74.17355,1607962654764
70.68607,1607962654864
73.125,1607962654965
71.75258,1607962655066
70.92783,1607962655166
69.70955,1607962655267
70.661156,1607962655368
74.84536,1607962655469
78.88199,1607962655569
71.30977,1607962655670
70.86777,1607962655771
70.18633,1607962655871
70,1607962655972
72.10744,1607962656073
70.661156,1607962656174
69.896904,1607962656274
69.51984,1607962656375
70.10309,1607962656476
73.608246,1607962656576
71.72557,1607962656677
69.628105,1607962656778
69.502075,1607962656879
72.42798,1607962656979
72.23382,1607962657080
68.388435,1607962657181
74.94824,1607962657282
70.68607,1607962657382
78.762886,1607962657483
69.628105,1607962657584
70.14614,1607962657684
73.140495,1607962657785
69.9793,1607962657886
77.47934,1607962657986
69.7286,1607962658087
72.01646,1607962658188
70.30927,1607962658288
72.44259,1607962658389
71.546394,1607962658490
69.772255,1607962658591
70.454544,1607962658691
70.27027,1607962658792
72.98969,1607962658893
72.10744,1607962658993
74.42348,1607962659094
74.89712,1607962659195
72.67081,1607962659295
69.502075,1607962659396
70.39338,1607962659497
70.92783,1607962659598
72.72727,1607962659698
71.10187,1607962659799
69.565216,1607962659900
70.60042,1607962660000
72.76507,1607962660101
76.23967,1607962660202
69.896904,1607962660303
70,1607962660403
70.18633,1607962660504
70.24794,1607962660605
84.36214,1607962660705
70.06237,1607962660806
70.04132,1607962660907
70.12448,1607962661007
70.47817,1607962661108
71.900826,1607962661209
69.772255,1607962661310
69.9793,1607962661410
71.30977,1607962661511
70.80745,1607962661612
71.42857,1607962661713
69.02287,1607962661813
73.40206,1607962661914
69.9793,1607962662015
69.9793,1607962662115
70.27027,1607962662216
72.25673,1607962662317
69.772255,1607962662418
69.91701,1607962662518
70.893974,1607962662619
69.628105,1607962662720
70.30927,1607962662821
74.3215,1607962662921
70.515465,1607962663022
70.24794,1607962663123
71.28099,1607962663223
72.23382,1607962663324
70.661156,1607962663425
76.397514,1607962663525
69.85447,1607962663626
70.53942,1607962663727
72.46377,1607962663828
67.82078,1607962663930
71.28099,1607962664031
70.57613,1607962664131
70.416664,1607962664232
70.72165,1607962664333
70.24794,1607962664433
70.06237,1607962664534
74.7412,1607962664635
68.388435,1607962664736
72.98969,1607962664836
72.91667,1607962664937
70.661156,1607962665038
70.86777,1607962665138
71.458336,1607962665239
70.24794,1607962665340
80.578514,1607962665441
70.18633,1607962665541
70.33195,1607962665642
71.84265,1607962665743
70.80745,1607962665843
71.51767,1607962665944
69.9793,1607962666045
70.661156,1607962666146
70.24794,1607962666246
71.16183,1607962666347
71.22153,1607962666448
70.37037,1607962666548
70,1607962666649
72.10744,1607962666750
70.60042,1607962666851
71.13402,1607962666951
70.208336,1607962667052
71.13402,1607962667153
72.31405,1607962667253
71.757324,1607962667354
70.37037,1607962667455
71.78423,1607962667556
72.16495,1607962667656
71.12971,1607962667757
76.90722,1607962667858
75.30865,1607962667959
70.60042,1607962668059
71.93347,1607962668160
70.53942,1607962668261
70.515465,1607962668361
71.51767,1607962668462
71.07438,1607962668563
71.39918,1607962668664
69.79167,1607962668764
71.63561,1607962668865
70.39338,1607962668966
70.24794,1607962669066
71.10187,1607962669167
70.24794,1607962669268
74.53416,1607962669369
71.22153,1607962669469
70.893974,1607962669570
73.084885,1607962669671
71.900826,1607962669772
70.16461,1607962669872
74.42827,1607962669973
71.95876,1607962670074
69.421486,1607962670174
72.025055,1607962670275
70.515465,1607962670376
72.577324,1607962670477
72.52066,1607962670577
71.25,1607962670678
70.04132,1607962670779
72.98969,1607962670879
70.83333,1607962670980
73.55372,1607962671081
72.67081,1607962671182
76.701035,1607962671282
79.74947,1607962671383
70.24794,1607962671484
73.40206,1607962671584
71.25,1607962671685
72.577324,1607962671786
70.53942,1607962671887
70.625,1607962671987
71.75258,1607962672088
70.515465,1607962672189
71.13402,1607962672289
70.416664,1607962672390
73.86831,1607962672491
70.454544,1607962672591
72.23382,1607962672692
70.04132,1607962672793
72.31405,1607962672894
71.546394,1607962672994
70.416664,1607962673095
70.60042,1607962673196
71.75258,1607962673296
70.33195,1607962673397
73.140495,1607962673498
72.04969,1607962673599
70.24794,1607962673699
70.92783,1607962673801
70.10309,1607962673902
70.98121,1607962674002
71.014496,1607962674103
