100,1609900026892
0.20790021,1609900026993
0.2074689,1609900027094
0.20661156,1609900027195
0.20703934,1609900027295
0.20703934,1609900027396
0.20661156,1609900027497
0.20703934,1609900027597
0.20703934,1609900027698
0.20703934,1609900027799
0.2074689,1609900027899
0.20661156,1609900028000
0.20703934,1609900028101
0.20703934,1609900028201
0.20661156,1609900028302
0.2074689,1609900028403
0.20703934,1609900028504
0.41152263,1609900028605
0.20661156,1609900028705
0.20661156,1609900028806
0.20661156,1609900028907
0.20618558,1609900029008
0.20661156,1609900029109
0.20661156,1609900029210
0.20703934,1609900029310
0.20703934,1609900029411
0.20576131,1609900029512
0.20703934,1609900029613
0.20703934,1609900029714
0.20661156,1609900029815
0.20618558,1609900029916
0.20661156,1609900030016
0.20703934,1609900030117
0.20661156,1609900030218
0.20661156,1609900030319
0.20661156,1609900030420
0.20661156,1609900030520
0.20703934,1609900030621
0.20661156,1609900030722
0.20576131,1609900030823
0.20703934,1609900030924
0.20661156,1609900031025
0.20703934,1609900031125
0.20661156,1609900031226
0.20661156,1609900031327
0.20703934,1609900031428
0.20661156,1609900031529
0.20703934,1609900031629
0.20661156,1609900031730
0.20661156,1609900031831
0.20661156,1609900031932
0.20661156,1609900032033
0.20661156,1609900032134
0.20618558,1609900032235
0.20661156,1609900032336
0.20661156,1609900032436
0.20661156,1609900032537
0.20703934,1609900032638
0.20661156,1609900032739
0.20661156,1609900032840
0.20661156,1609900032941
0.20661156,1609900033041
0.20661156,1609900033142
0.20703934,1609900033243
0.20661156,1609900033344
0.20703934,1609900033445
0.20661156,1609900033545
0.20703934,1609900033646
0.20703934,1609900033747
0.20618558,1609900033848
0.20661156,1609900033949
0.20661156,1609900034049
0.20703934,1609900034150
0.20661156,1609900034251
0.20618558,1609900034352
0.20703934,1609900034453
0.20661156,1609900034554
0.20618558,1609900034655
0.20618558,1609900034756
0.20661156,1609900034856
0.20661156,1609900034957
0.20703934,1609900035058
0.20703934,1609900035159
0.20618558,1609900035260
0.20661156,1609900035361
0.20661156,1609900035461
0.20703934,1609900035562
0.20661156,1609900035663
0.20703934,1609900035764
0.41152263,1609900035865
0.20703934,1609900035965
0.20661156,1609900036066
0.20703934,1609900036167
0.20661156,1609900036268
0.20703934,1609900036369
0.20618558,1609900036470
0.20618558,1609900036570
0.20703934,1609900036671
0.20661156,1609900036772
0.6198347,1609900036873
0.20703934,1609900036974
0.20703934,1609900037075
0.20618558,1609900037175
0.20703934,1609900037276
0.20661156,1609900037377
0.20618558,1609900037478
0.20661156,1609900037579
0.20661156,1609900037680
0.20661156,1609900037781
0.41322312,1609900037881
0.20703934,1609900037982
0.20618558,1609900038083
0.20703934,1609900038184
0.20661156,1609900038285
0.20618558,1609900038386
0.20618558,1609900038487
0.2074689,1609900038587
0.20703934,1609900038688
0.20618558,1609900038789
0.20661156,1609900038890
0.20703934,1609900038991
0.20661156,1609900039092
0.20661156,1609900039193
0.20661156,1609900039293
0.20661156,1609900039394
0.20661156,1609900039495
0.20661156,1609900039596
0.20661156,1609900039697
0.20703934,1609900039797
0.20703934,1609900039898
0.41152263,1609900039999
0.6185567,1609900040100
0.20661156,1609900040201
0.20618558,1609900040302
0.20703934,1609900040403
0.20618558,1609900040503
0.20703934,1609900040604
0.20618558,1609900040705
0.20703934,1609900040806
0.2074689,1609900040907
0.20576131,1609900041007
0.08503401,1609900041253
0.20703934,1609900041353
0.20661156,1609900041454
0.20703934,1609900041555
0.2074689,1609900041655
0.20703934,1609900041756
0.20703934,1609900041857
0.20703934,1609900041958
0.20661156,1609900042058
0.20703934,1609900042159
0.20703934,1609900042259
0.20703934,1609900042360
0.41407868,1609900042461
0.20661156,1609900042561
0.2074689,1609900042662
0.20661156,1609900042763
0.20703934,1609900042864
0.20661156,1609900042964
0.20703934,1609900043065
0.20703934,1609900043166
0.20703934,1609900043266
0.20661156,1609900043367
0.2074689,1609900043468
0.20703934,1609900043568
0.20703934,1609900043669
0.2074689,1609900043769
0.20703934,1609900043870
0.20703934,1609900043971
0.20618558,1609900044072
0.20703934,1609900044172
0.20703934,1609900044273
0.20661156,1609900044374
0.2074689,1609900044474
0.20661156,1609900044575
0.20703934,1609900044676
0.41322312,1609900044777
0.20703934,1609900044877
0.20703934,1609900044978
0.20703934,1609900045078
0.2074689,1609900045179
0.20703934,1609900045280
0.20661156,1609900045380
0.2074689,1609900045481
0.20703934,1609900045581
0.20703934,1609900045682
0.41407868,1609900045783
0.41407868,1609900045883
0.20703934,1609900045984
0.20703934,1609900046085
0.20703934,1609900046186
0.20661156,1609900046286
0.20703934,1609900046387
0.20703934,1609900046487
0.2074689,1609900046588
0.2074689,1609900046688
0.2074689,1609900046788
0.2074689,1609900046889
0.41322312,1609900046990
0.2074689,1609900047090
0.20703934,1609900047191
0.20703934,1609900047292
0.20703934,1609900047392
0.20703934,1609900047493
0.20703934,1609900047594
0.20703934,1609900047694
0.2074689,1609900047795
0.20661156,1609900047896
1.2448133,1609900047996
1.039501,1609900048097
0.6185567,1609900048197
0.20703934,1609900048298
0.20703934,1609900048398
0.2074689,1609900048499
0.20790021,1609900048599
0.2074689,1609900048700
0.20661156,1609900048800
0.20790021,1609900048901
0.20703934,1609900049001
0.20790021,1609900049102
0.2074689,1609900049202
0.2074689,1609900049303
0.20618558,1609900049404
0.20661156,1609900049505
0.20703934,1609900049606
0.20661156,1609900049706
0.20661156,1609900049807
0.20703934,1609900049908
0.20618558,1609900050009
0.20703934,1609900050110
0.41067764,1609900050211
0.20703934,1609900050312
0.20661156,1609900050412
0.20703934,1609900050513
0.20661156,1609900050614
0.20661156,1609900050715
0.2074689,1609900050816
0.20703934,1609900050916
0.20618558,1609900051017
0.20661156,1609900051118
0.20661156,1609900051219
0.2074689,1609900051320
0.20661156,1609900051420
0.20661156,1609900051521
0.20703934,1609900051622
0.41237116,1609900051723
0.20703934,1609900051824
0.20618558,1609900051925
0.20661156,1609900052026
0.20661156,1609900052126
0.20703934,1609900052227
0.20661156,1609900052328
0.20661156,1609900052429
0.20576131,1609900052530
0.20703934,1609900052631
0.20661156,1609900052732
0.20661156,1609900052832
0.20661156,1609900052933
0.20661156,1609900053034
0.20661156,1609900053135
0.20661156,1609900053236
0.20661156,1609900053337
0.20703934,1609900053437
0.20661156,1609900053538
0.20661156,1609900053639
0.20703934,1609900053740
0.20661156,1609900053841
0.20703934,1609900053941
0.20703934,1609900054042
0.20661156,1609900054143
0.20661156,1609900054244
0.20661156,1609900054345
0.20618558,1609900054446
0.20618558,1609900054547
0.20703934,1609900054648
0.20618558,1609900054748
0.20661156,1609900054849
0.20703934,1609900054950
0.2074689,1609900055051
0.20618558,1609900055152
0.20703934,1609900055252
0.20703934,1609900055353
0.20576131,1609900055454
0.20661156,1609900055555
0.20703934,1609900055656
0.20661156,1609900055757
0.41322312,1609900055857
0.20661156,1609900055958
0.20703934,1609900056059
0.20703934,1609900056160
0.20703934,1609900056260
0.20703934,1609900056361
0.20618558,1609900056462
0.20703934,1609900056563
0.20661156,1609900056664
0.20703934,1609900056765
0.41407868,1609900056865
0.20618558,1609900056966
0.20661156,1609900057067
0.20703934,1609900057168
0.20703934,1609900057268
0.20661156,1609900057369
0.20703934,1609900057470
0.20618558,1609900057571
0.20618558,1609900057672
0.20703934,1609900057773
0.20618558,1609900057874
0.20618558,1609900057975
0.20703934,1609900058075
0.20703934,1609900058176
0.20703934,1609900058277
0.20618558,1609900058378
0.20661156,1609900058479
0.20703934,1609900058579
0.20703934,1609900058680
0.20661156,1609900058781
0.41237116,1609900058882
0.20661156,1609900058983
0.20661156,1609900059083
0.20703934,1609900059184
0.20703934,1609900059285
0.20661156,1609900059386
0.20661156,1609900059487
0.20703934,1609900059587
0.20661156,1609900059688
0.20703934,1609900059789
0.20618558,1609900059890
0.20661156,1609900059991
0.20703934,1609900060091
0.20703934,1609900060192
0.20661156,1609900060293
0.20661156,1609900060394
0.20661156,1609900060495
0.20703934,1609900060596
0.20618558,1609900060696
0.20703934,1609900060797
0.20703934,1609900060898
0.20661156,1609900060999
0.20661156,1609900061100
0.20703934,1609900061200
0.20661156,1609900061301
0.20661156,1609900061402
0.20661156,1609900061503
0.20703934,1609900061604
0.41152263,1609900061705
0.20661156,1609900061806
0.82815737,1609900061906
0.41322312,1609900062007
0.20661156,1609900062108
0.41322312,1609900062209
0.20703934,1609900062310
0.3558719,1609900062427
1.6563147,1609900062527
1.242236,1609900062628
0.20661156,1609900062729
0.41407868,1609900062830
0.41407868,1609900062930
0.20661156,1609900063031
0.41407868,1609900063132
1.6528925,1609900063233
2.6748972,1609900063334
0.2074689,1609900063435
0.41322312,1609900063535
1.0373445,1609900063636
0.82815737,1609900063737
0.20618558,1609900063838
0.20703934,1609900063939
1.8633541,1609900064040
1.0330578,1609900064140
0.41322312,1609900064241
0.82815737,1609900064342
1.0351967,1609900064443
0.20703934,1609900064543
0.6185567,1609900064644
2.4896266,1609900064745
0.41322312,1609900064846
0.41322312,1609900064947
2.0703933,1609900065048
1.871102,1609900065148
2.479339,1609900065249
2.0661156,1609900065350
0.82815737,1609900065451
0.20661156,1609900065552
1.4492754,1609900065652
2.6915114,1609900065753
2.2774327,1609900065854
0.82644624,1609900065955
0.6185567,1609900066056
1.4553014,1609900066157
1.6528925,1609900066257
0.20703934,1609900066358
0.20703934,1609900066459
0.8247423,1609900066560
2.0703933,1609900066661
0.82644624,1609900066761
2.074689,1609900066862
2.2774327,1609900066963
1.8633541,1609900067064
1.8633541,1609900067164
1.6563147,1609900067265
0.20703934,1609900067366
0.20703934,1609900067467
0.8247423,1609900067568
2.6915114,1609900067669
3.0991735,1609900067769
2.484472,1609900067870
1.2396694,1609900067971
0.20661156,1609900068072
0.20703934,1609900068173
1.4492754,1609900068273
2.2774327,1609900068374
1.6563147,1609900068475
1.6563147,1609900068576
0.6198347,1609900068677
0.20703934,1609900068777
1.242236,1609900068878
0.621118,1609900068979
1.242236,1609900069080
0.6185567,1609900069181
0.41407868,1609900069281
1.446281,1609900069382
2.4896266,1609900069483
1.8633541,1609900069584
0.41407868,1609900069685
0.20661156,1609900069785
0.2074689,1609900069886
0.20703934,1609900069987
2.4742267,1609900070088
2.0703933,1609900070188
2.2821577,1609900070289
1.242236,1609900070390
0.20703934,1609900070491
0.6185567,1609900070592
0.6198347,1609900070692
0.20703934,1609900070793
1.6563147,1609900070894
2.2821577,1609900070995
0.82644624,1609900071096
0.20703934,1609900071196
0.82644624,1609900071297
0.20661156,1609900071398
0.20661156,1609900071499
2.2869022,1609900071600
0.8247423,1609900071700
1.6563147,1609900071801
0.20703934,1609900071902
0.41322312,1609900072003
0.20703934,1609900072104
0.20618558,1609900072204
0.62240666,1609900072305
2.2727273,1609900072406
1.446281,1609900072507
0.20661156,1609900072608
0.20618558,1609900072709
1.0351967,1609900072810
2.479339,1609900072910
1.8633541,1609900073011
0.20661156,1609900073112
0.41322312,1609900073213
2.484472,1609900073314
2.6970954,1609900073414
0.4149378,1609900073515
2.479339,1609900073616
2.2727273,1609900073717
0.6198347,1609900073817
2.4948025,1609900073918
0.6198347,1609900074019
1.86722,1609900074120
0.61728394,1609900074221
2.892562,1609900074322
1.4492754,1609900074423
0.82815737,1609900074523
1.4492754,1609900074624
1.86722,1609900074725
2.886598,1609900074826
2.4948025,1609900074926
2.0661156,1609900075027
0.20790021,1609900075128
0.2074689,1609900075229
0.61728394,1609900075330
0.20661156,1609900075431
0.6198347,1609900075531
2.9045644,1609900075632
3.0991735,1609900075733
1.6597512,1609900075834
0.41322312,1609900075935
0.20703934,1609900076035
0.20661156,1609900076136
0.41322312,1609900076237
2.6915114,1609900076338
2.484472,1609900076439
2.0661156,1609900076539
0.41407868,1609900076640
0.41322312,1609900076741
0.41322312,1609900076842
0.41322312,1609900076943
0.20703934,1609900077044
1.8556701,1609900077144
2.8985507,1609900077245
0.82815737,1609900077346
2.479339,1609900077446
2.6970954,1609900077547
1.242236,1609900077648
1.0309278,1609900077749
1.4522822,1609900077849
0.2074689,1609900077950
0.8247423,1609900078051
1.2396694,1609900078152
0.41580042,1609900078253
0.20703934,1609900078354
0.6198347,1609900078455
0.20661156,1609900078555
0.41407868,1609900078656
0.20703934,1609900078757
2.0618556,1609900078858
1.0330578,1609900078959
0.20661156,1609900079059
2.4896266,1609900079160
0.41322312,1609900079261
1.242236,1609900079362
1.0330578,1609900079463
9.128631,1609900079564
2.892562,1609900079664
2.6804123,1609900079765
3.526971,1609900079866
3.742204,1609900079966
15.767635,1609900080067
8.902691,1609900080168
0.41580042,1609900080268
6.6528068,1609900080369
1.6563147,1609900080469
1.8750001,1609900080570
2.6970954,1609900080671
2.4896266,1609900080771
0.82815737,1609900080872
0.61728394,1609900080973
1.2448133,1609900081074
2.6970954,1609900081174
3.1120331,1609900081275
2.4896266,1609900081375
2.4948025,1609900081476
2.9045644,1609900081577
2.8985507,1609900081677
2.6970954,1609900081778
2.9045644,1609900081878
2.9045644,1609900081979
2.4948025,1609900082079
0.82815737,1609900082180
2.8985507,1609900082280
2.7027028,1609900082381
2.892562,1609900082482
2.2916667,1609900082582
2.8747435,1609900082683
0.20703934,1609900082784
0.621118,1609900082885
1.0330578,1609900082986
2.892562,1609900083086
2.6915114,1609900083187
0.8298756,1609900083288
0.6185567,1609900083389
1.6563147,1609900083490
1.8633541,1609900083590
0.20703934,1609900083691
0.20661156,1609900083792
0.6198347,1609900083893
0.621118,1609900083994
0.41237116,1609900084095
0.20661156,1609900084195
2.6859503,1609900084296
1.4522822,1609900084397
0.20703934,1609900084498
0.41237116,1609900084599
0.20703934,1609900084700
0.20618558,1609900084801
0.621118,1609900084901
2.6915114,1609900085002
0.82644624,1609900085103
0.41322312,1609900085204
0.20703934,1609900085305
2.0576131,1609900085405
1.2474012,1609900085506
0.20661156,1609900085607
0.6198347,1609900085708
1.446281,1609900085809
0.4149378,1609900085910
0.20703934,1609900086010
1.2396694,1609900086111
1.4553014,1609900086212
4.7916665,1609900086313
14.730291,1609900086414
2.4561403,1609900086533
8.713694,1609900086633
8.695652,1609900086734
1.6597512,1609900086835
2.079002,1609900086936
9.109731,1609900087037
2.079002,1609900087137
10.973084,1609900087238
6.666667,1609900087339
4.9792533,1609900087440
2.0576131,1609900087541
2.0703933,1609900087642
1.8633541,1609900087743
9.31677,1609900087843
3.305785,1609900087944
1.6563147,1609900088045
8.75,1609900088146
4.1407866,1609900088247
11.180124,1609900088348
2.2774327,1609900088448
10.165976,1609900088549
2.2774327,1609900088650
2.484472,1609900088751
3.10559,1609900088852
2.0618556,1609900088952
9.31677,1609900089053
4.149378,1609900089154
3.3126295,1609900089255
1.8633541,1609900089356
11.180124,1609900089457
3.9175258,1609900089557
2.6970954,1609900089659
6.5979385,1609900089759
5.590062,1609900089860
8.264462,1609900089961
2.2821577,1609900090062
5.625,1609900090163
2.0618556,1609900090263
3.3195024,1609900090364
1.6597512,1609900090465
6.21118,1609900090566
6.458333,1609900090667
1.6597512,1609900090767
3.5196688,1609900090868
2.6748972,1609900090969
14.078675,1609900091070
3.10559,1609900091171
7.231405,1609900091271
4.356847,1609900091372
6.4049587,1609900091473
3.7267082,1609900091574
8.074533,1609900091675
2.4896266,1609900091775
6.8041234,1609900091876
2.6804123,1609900091977
2.6970954,1609900092078
6.832298,1609900092179
2.2633743,1609900092280
6.21118,1609900092380
3.5196688,1609900092481
1.6563147,1609900092582
1.6597512,1609900092683
3.526971,1609900092784
2.2633743,1609900092885
11.434511,1609900092986
4.123711,1609900093086
1.86722,1609900093187
3.5196688,1609900093288
1.6597512,1609900093389
9.484536,1609900093490
6.029106,1609900093591
2.886598,1609900093691
3.0927835,1609900093792
2.074689,1609900093893
12.240664,1609900093994
2.074689,1609900094095
1.4522822,1609900094195
4.329897,1609900094296
2.6804123,1609900094397
1.2474012,1609900094498
2.2821577,1609900094598
11.875,1609900094699
3.73444,1609900094800
9.751038,1609900094901
3.0927835,1609900095002
3.292181,1609900095103
7.4534163,1609900095203
1.6597512,1609900095304
1.6597512,1609900095405
3.9419088,1609900095506
1.8595042,1609900095607
2.6804123,1609900095708
10.559006,1609900095808
2.7027028,1609900095909
1.6597512,1609900096010
4.347826,1609900096111
1.4522822,1609900096212
1.8633541,1609900096312
11.340206,1609900096413
4.7717843,1609900096514
1.8633541,1609900096615
2.2727273,1609900096716
3.9419088,1609900096817
1.8633541,1609900096918
2.074689,1609900097018
13.07054,1609900097119
3.3126295,1609900097220
3.7267082,1609900097321
1.871102,1609900097422
1.6563147,1609900097522
1.871102,1609900097623
11.6182575,1609900097724
2.892562,1609900097825
2.074689,1609900097926
4.132231,1609900098027
1.6597512,1609900098127
10.6471815,1609900098228
5.3719006,1609900098329
2.0703933,1609900098430
2.0661156,1609900098531
4.158004,1609900098632
2.0618556,1609900098732
1.25,1609900098833
2.6970954,1609900098934
12.058212,1609900099035
3.10559,1609900099136
8.939709,1609900099236
4.1407866,1609900099337
2.2680414,1609900099438
2.4896266,1609900099539
7.261411,1609900099640
2.4742267,1609900099741
2.2727273,1609900099842
2.6859503,1609900099942
2.9227557,1609900100043
2.2680414,1609900100144
2.2633743,1609900100245
12.291667,1609900100346
5.1652894,1609900100447
1.6563147,1609900100547
4.5643153,1609900100648
1.6597512,1609900100749
2.2774327,1609900100850
13.07054,1609900100951
3.92562,1609900101051
1.2474012,1609900101152
4.5548654,1609900101253
1.86722,1609900101354
2.0661156,1609900101455
13.485477,1609900101556
3.118503,1609900101657
1.8633541,1609900101757
2.484472,1609900101858
3.73444,1609900101959
2.0703933,1609900102060
1.6632017,1609900102161
1.8633541,1609900102261
12.734864,1609900102362
3.9583333,1609900102462
1.4553014,1609900102563
1.8633541,1609900102664
4.7325106,1609900102765
2.0703933,1609900102866
1.8633541,1609900102967
2.2680414,1609900103067
14.345114,1609900103168
4.158004,1609900103269
2.4742267,1609900103369
3.3195024,1609900103470
3.0991735,1609900103571
1.2474012,1609900103672
2.0661156,1609900103773
13.016529,1609900103874
4.7916665,1609900103974
3.10559,1609900104075
1.8633541,1609900104176
9.394572,1609900104277
4.338843,1609900104378
1.2396694,1609900104479
3.3264034,1609900104579
8.4536085,1609900104680
2.484472,1609900104781
2.0703933,1609900104882
1.2474012,1609900104983
5.5670104,1609900105083
1.86722,1609900105184
1.2448133,1609900105285
2.074689,1609900105386
1.871102,1609900105487
13.043478,1609900105587
4.7717843,1609900105688
2.0703933,1609900105789
4.347826,1609900105890
3.0991735,1609900105991
1.8032787,1609900106245
11.434511,1609900106346
5.1975055,1609900106446
1.86722,1609900106547
1.6632017,1609900106648
4.5643153,1609900106749
1.6632017,1609900106850
1.6563147,1609900106951
2.6915114,1609900107051
13.374485,1609900107152
4.132231,1609900107253
1.6632017,1609900107354
2.0618556,1609900107455
3.9419088,1609900107556
2.479339,1609900107657
1.4583334,1609900107757
1.6597512,1609900107858
2.0661156,1609900107959
13.278009,1609900108060
7.2164946,1609900108161
2.5,1609900108261
3.10559,1609900108362
8.958333,1609900108463
6.3786006,1609900108564
2.886598,1609900108665
1.6494846,1609900108765
2.9166667,1609900108866
7.628866,1609900108967
3.125,1609900109068
2.4742267,1609900109168
2.8806584,1609900109269
2.9045644,1609900109370
3.4907598,1609900109471
10.788382,1609900109572
4.5454545,1609900109673
1.6528925,1609900109773
3.0991735,1609900109874
8.731809,1609900109975
3.3195024,1609900110076
1.6597512,1609900110177
1.8595042,1609900110277
1.4553014,1609900110378
2.9106028,1609900110479
3.7190084,1609900110580
1.4522822,1609900110681
2.4742267,1609900110782
2.0703933,1609900110882
14.989734,1609900110983
5.9917355,1609900111084
2.484472,1609900111184
1.6597512,1609900111285
1.8633541,1609900111386
4.5738044,1609900111487
2.4948025,1609900111588
1.8595042,1609900111688
1.4522822,1609900111789
1.6597512,1609900111890
2.2916667,1609900111991
13.842975,1609900112091
6.198347,1609900112192
2.484472,1609900112293
1.6563147,1609900112394
2.5,1609900112495
4.958678,1609900112596
2.0661156,1609900112696
1.7534811,1609900113101
13.692946,1609900113202
6.0165977,1609900113303
3.7500002,1609900113403
1.4553014,1609900113504
1.6563147,1609900113605
4.1407866,1609900113705
3.3333335,1609900113806
2.0703933,1609900113907
1.4522822,1609900114007
1.4583334,1609900114108
1.86722,1609900114209
14.730291,1609900114309
6.029106,1609900114410
3.742204,1609900114511
1.6597512,1609900114611
3.5416667,1609900114712
3.73444,1609900114812
2.2727273,1609900114913
1.6666667,1609900115014
1.4553014,1609900115114
1.8789145,1609900115215
14.137215,1609900115315
5.590062,1609900115416
3.3402925,1609900115516
2.2774327,1609900115617
1.6563147,1609900115718
4.3659043,1609900115818
3.92562,1609900115919
2.2727273,1609900116019
2.074689,1609900116120
1.8595042,1609900116221
2.479339,1609900116321
8.713694,1609900116422
11.180124,1609900116522
4.7717843,1609900116623
2.2774327,1609900116724
1.2474012,1609900116824
2.0703933,1609900116925
3.9419088,1609900117026
4.5454545,1609900117126
1.4613779,1609900117227
1.6597512,1609900117328
1.86722,1609900117428
1.86722,1609900117529
2.0703933,1609900117629
14.078675,1609900117730
6.004141,1609900117830
3.7500002,1609900117931
1.8750001,1609900118032
1.86722,1609900118132
3.10559,1609900118233
4.375,1609900118334
1.8633541,1609900118434
1.6632017,1609900118535
1.8633541,1609900118636
1.86722,1609900118737
8.659794,1609900118837
11.25,1609900118938
4.7717843,1609900119038
4.132231,1609900119139
2.2869022,1609900119240
3.10559,1609900119340
12.083333,1609900119441
5.1652894,1609900119541
1.4613779,1609900119642
1.86722,1609900119743
2.9106028,1609900119843
8.247422,1609900119944
3.7500002,1609900120044
3.10559,1609900120145
1.6666667,1609900120246
2.0703933,1609900120346
1.8633541,1609900120447
3.5490606,1609900120547
4.356847,1609900120648
1.8633541,1609900120749
2.2774327,1609900120850
1.4522822,1609900120950
1.6666667,1609900121051
2.2774327,1609900121151
14.760915,1609900121252
6.4049587,1609900121353
4.356847,1609900121453
1.2474012,1609900121554
1.86722,1609900121655
5.7971015,1609900121755
2.7027028,1609900121856
2.0618556,1609900121956
1.6701462,1609900122057
1.86722,1609900122158
2.0661156,1609900122258
3.2846715,1609900122373
14.730291,1609900122473
5.4054055,1609900122574
2.7083333,1609900122675
3.5196688,1609900122775
2.2821577,1609900122876
6.6390047,1609900122976
10.743801,1609900123077
2.9106028,1609900123178
2.0661156,1609900123278
2.6970954,1609900123379
3.10559,1609900123479
8.506225,1609900123580
3.5123966,1609900123681
1.4583334,1609900123781
2.479339,1609900123882
3.1120331,1609900123983
3.0864198,1609900124083
3.3333335,1609900124184
12.0331955,1609900124285
4.149378,1609900124385
1.4553014,1609900124486
1.2474012,1609900124586
3.73444,1609900124687
8.108108,1609900124787
3.5196688,1609900124888
1.8750001,1609900124989
1.6632017,1609900125089
1.86722,1609900125190
2.0661156,1609900125290
4.149378,1609900125391
3.9501042,1609900125492
1.86722,1609900125592
1.6528925,1609900125693
1.871102,1609900125794
1.6666667,1609900125894
1.6632017,1609900125995
12.0331955,1609900126096
8.298756,1609900126196
4.5643153,1609900126297
2.079002,1609900126397
1.4492754,1609900126498
2.7027028,1609900126599
5.578512,1609900126700
1.4492754,1609900126800
2.2869022,1609900126901
1.6632017,1609900127001
1.4583334,1609900127102
2.2774327,1609900127202
3.9419088,1609900127303
14.730291,1609900127403
4.781705,1609900127504
2.0833335,1609900127605
1.86722,1609900127705
1.4553014,1609900127806
4.7916665,1609900127906
3.9419088,1609900128007
2.2774327,1609900128108
1.4583334,1609900128208
2.074689,1609900128309
1.86722,1609900128409
1.6666667,1609900128510
1.871102,1609900128610
11.25,1609900128711
15.876288,1609900128812
5.1759834,1609900128913
1.6563147,1609900129014
2.2680414,1609900129114
1.871102,1609900129215
1.6597512,1609900129315
2.074689,1609900129416
1.8633541,1609900129517
1.25,1609900129618
1.8595042,1609900129719
1.6597512,1609900129819
1.4553014,1609900129920
2.0661156,1609900130021
1.6563147,1609900130122
1.6597512,1609900130223
2.0618556,1609900130324
1.6597512,1609900130424
2.4742267,1609900130525
2.2727273,1609900130626
2.4691358,1609900130727
1.6528925,1609900130828
1.8633541,1609900130929
1.86722,1609900131030
2.6639345,1609900131130
1.86722,1609900131231
2.0703933,1609900131332
2.4742267,1609900131433
1.6563147,1609900131534
2.0703933,1609900131635
2.479339,1609900131735
1.0416667,1609900131836
1.6666667,1609900131937
1.6563147,1609900132038
1.6563147,1609900132139
2.2774327,1609900132240
1.2448133,1609900132340
2.0703933,1609900132441
2.0703933,1609900132542
1.6563147,1609900132643
2.2821577,1609900132744
1.4553014,1609900132845
1.6563147,1609900132946
2.0703933,1609900133046
1.8595042,1609900133147
2.2727273,1609900133248
2.6748972,1609900133349
1.6528925,1609900133450
2.886598,1609900133551
1.8595042,1609900133652
1.86722,1609900133752
2.2774327,1609900133853
1.6597512,1609900133954
1.6597512,1609900134055
1.4522822,1609900134156
2.4742267,1609900134256
1.871102,1609900134357
1.6597512,1609900134458
2.6804123,1609900134559
2.2821577,1609900134660
2.4896266,1609900134760
2.2727273,1609900134861
2.0703933,1609900134962
2.0661156,1609900135063
1.6597512,1609900135164
2.2774327,1609900135264
3.125,1609900135365
5.5670104,1609900135466
2.0661156,1609900135567
1.6528925,1609900135668
2.484472,1609900135769
2.479339,1609900135870
1.86722,1609900135970
4.9792533,1609900136071
14.137215,1609900136172
5.3608246,1609900136273
2.8985507,1609900136374
1.8633541,1609900136474
1.6632017,1609900136575
2.4742267,1609900136676
5.4054055,1609900136777
2.6915114,1609900136878
2.4742267,1609900136978
1.86722,1609900137079
2.0618556,1609900137180
1.86722,1609900137281
7.2463765,1609900137382
13.457558,1609900137482
5.3608246,1609900137583
2.2869022,1609900137684
2.0703933,1609900137785
3.7037036,1609900137886
5.967078,1609900137987
2.2727273,1609900138087
2.0618556,1609900138188
1.871102,1609900138289
1.8595042,1609900138390
1.4553014,1609900138491
10.677618,1609900138592
11.363637,1609900138693
5.785124,1609900138794
4.132231,1609900138895
2.4691358,1609900138996
4.132231,1609900139096
12.603305,1609900139197
4.7619047,1609900139298
2.2774327,1609900139399
1.2474012,1609900139500
3.5123966,1609900139601
4.7227926,1609900139701
7.7083335,1609900139802
3.9419088,1609900139902
1.6666667,1609900140003
1.6632017,1609900140103
3.118503,1609900140204
2.2869022,1609900140305
3.3264034,1609900140405
13.250518,1609900140506
4.158004,1609900140607
2.2869022,1609900140707
2.2727273,1609900140808
3.305785,1609900140909
7.8838177,1609900141010
3.7267082,1609900141111
3.3195024,1609900141211
2.2727273,1609900141312
1.86722,1609900141413
3.9094648,1609900141514
2.6915114,1609900141615
3.4979424,1609900141716
11.752577,1609900141816
5.8212056,1609900141917
2.6859503,1609900142018
2.2774327,1609900142119
2.8985507,1609900142220
3.3195024,1609900142320
8.074533,1609900142421
3.92562,1609900142522
2.074689,1609900142623
2.2727273,1609900142724
2.0703933,1609900142825
2.0661156,1609900142925
2.074689,1609900143026
4.356847,1609900143127
3.9337475,1609900143228
1.6563147,1609900143329
1.8633541,1609900143430
2.0567377,1609900143724
13.043478,1609900143825
7.6763487,1609900143925
5.1546392,1609900144026
1.8633541,1609900144127
1.4553014,1609900144228
2.0661156,1609900144329
4.7619047,1609900144430
3.3264034,1609900144531
2.2774327,1609900144632
2.2680414,1609900144732
2.2727273,1609900144833
2.0703933,1609900144934
2.484472,1609900145035
9.77131,1609900145136
10.743801,1609900145236
3.9419088,1609900145337
2.6915114,1609900145438
2.0661156,1609900145539
1.6563147,1609900145640
5.1652894,1609900145740
3.7267082,1609900145841
2.0703933,1609900145942
1.4583334,1609900146043
2.0618556,1609900146143
1.86722,1609900146244
2.6970954,1609900146345
15.163935,1609900146446
7.484408,1609900146546
4.9484534,1609900146647
2.2727273,1609900146748
2.2774327,1609900146849
2.2680414,1609900146950
2.6970954,1609900147050
5.590062,1609900147151
2.2774327,1609900147252
2.0661156,1609900147353
2.0661156,1609900147454
1.4522822,1609900147555
3.5196688,1609900147655
16.390041,1609900147756
5.7971015,1609900147857
3.526971,1609900147958
2.0703933,1609900148059
1.4553014,1609900148159
2.0703933,1609900148260
5.1867223,1609900148361
3.3126295,1609900148462
1.6632017,1609900148562
2.0661156,1609900148663
1.8633541,1609900148764
2.0661156,1609900148865
3.7267082,1609900148966
13.929314,1609900149067
6.004141,1609900149168
3.5343037,1609900149268
2.0661156,1609900149369
1.6528925,1609900149470
3.7190084,1609900149571
5.1759834,1609900149672
1.6563147,1609900149773
2.479339,1609900149873
1.86722,1609900149974
2.0661156,1609900150075
1.6632017,1609900150176
5.3608246,1609900150276
15.0205765,1609900150377
6.004141,1609900150478
3.3195024,1609900150579
2.0618556,1609900150680
1.6597512,1609900150781
2.0661156,1609900150881
4.5738044,1609900150982
4.5267487,1609900151083
1.8633541,1609900151184
2.6804123,1609900151285
2.2727273,1609900151385
1.4553014,1609900151486
1.871102,1609900151587
4.1407866,1609900151688
14.137215,1609900151789
6.5979385,1609900151890
3.5051546,1609900151991
2.0703933,1609900152091
1.8595042,1609900152192
2.4948025,1609900152293
6.004141,1609900152394
2.0661156,1609900152495
2.2727273,1609900152596
1.4553014,1609900152697
1.8595042,1609900152797
2.2774327,1609900152898
9.937888,1609900152999
10.144927,1609900153100
6.185567,1609900153201
1.6597512,1609900153301
1.8595042,1609900153402
3.0864198,1609900153503
2.6915114,1609900153604
6.185567,1609900153705
2.2727273,1609900153805
1.6632017,1609900153906
1.86722,1609900154007
1.8595042,1609900154108
3.73444,1609900154209
13.900415,1609900154310
5.8091288,1609900154410
3.9337475,1609900154511
2.0703933,1609900154612
1.86722,1609900154713
4.5643153,1609900154813
3.7267082,1609900154914
2.2727273,1609900155015
2.074689,1609900155116
1.86722,1609900155217
2.2727273,1609900155318
4.1407866,1609900155418
13.541667,1609900155519
5.9917355,1609900155620
3.3195024,1609900155721
2.4691358,1609900155822
1.4553014,1609900155923
2.2774327,1609900156023
3.1120331,1609900156124
5.383023,1609900156225
1.86722,1609900156326
1.8556701,1609900156427
2.2727273,1609900156527
1.86722,1609900156628
3.9337475,1609900156729
20.954357,1609900156830
6.004141,1609900156931
3.3126295,1609900157031
1.86722,1609900157132
1.8633541,1609900157233
2.2633743,1609900157334
2.8985507,1609900157435
4.7717843,1609900157536
2.6915114,1609900157636
1.6666667,1609900157737
2.2680414,1609900157838
2.074689,1609900157939
4.5454545,1609900158040
14.256199,1609900158141
5.8091288,1609900158241
3.92562,1609900158342
2.0661156,1609900158443
2.0661156,1609900158544
2.0618556,1609900158645
3.4979424,1609900158746
5.4054055,1609900158847
1.8595042,1609900158948
1.871102,1609900159049
2.0703933,1609900159149
1.8633541,1609900159250
1.6632017,1609900159351
3.9014373,1609900159452
10.123966,1609900159553
11.088296,1609900159654
3.9337475,1609900159755
2.2821577,1609900159855
2.0703933,1609900159956
2.4948025,1609900160057
5.6133056,1609900160158
1.8633541,1609900160258
2.074689,1609900160359
2.4640658,1609900160460
2.4948025,1609900160561
10.3092785,1609900160662
10.330579,1609900160763
4.5454545,1609900160864
3.3126295,1609900160964
3.9094648,1609900161065
3.1120331,1609900161166
12.215321,1609900161267
5.60166,1609900161368
2.6915114,1609900161468
2.2727273,1609900161569
2.6804123,1609900161670
3.3126295,1609900161771
8.471075,1609900161872
3.526971,1609900161973
2.9045644,1609900162074
2.2633743,1609900162174
2.0661156,1609900162275
1.86722,1609900162376
1.6563147,1609900162477
2.079002,1609900162578
5.394191,1609900162678
2.0703933,1609900162779
2.2821577,1609900162880
1.6597512,1609900162981
1.8633541,1609900163082
5.1867223,1609900163182
16.28866,1609900163283
5.1867223,1609900163384
2.479339,1609900163485
2.0661156,1609900163586
1.6597512,1609900163687
4.752066,1609900163787
3.742204,1609900163888
2.0703933,1609900163989
2.2727273,1609900164090
1.2474012,1609900164191
3.7190084,1609900164292
16.528925,1609900164392
5.625,1609900164493
4.347826,1609900164594
2.2633743,1609900164695
1.8633541,1609900164795
5.1867223,1609900164896
3.526971,1609900164997
2.0661156,1609900165098
1.6597512,1609900165199
1.6597512,1609900165300
2.6859503,1609900165400
9.77131,1609900165501
10.766046,1609900165602
5.144033,1609900165703
2.4896266,1609900165804
1.4522822,1609900165905
2.6970954,1609900166006
6.004141,1609900166107
2.0703933,1609900166208
2.2727273,1609900166308
1.4492754,1609900166409
2.484472,1609900166510
3.3126295,1609900166611
15.145228,1609900166712
5.8091288,1609900166813
4.742268,1609900166914
2.2727273,1609900167014
1.4522822,1609900167115
2.6748972,1609900167216
3.7267082,1609900167317
4.742268,1609900167418
1.8633541,1609900167519
2.2680414,1609900167620
2.4691358,1609900167721
1.6632017,1609900167821
3.9337475,1609900167922
14.315353,1609900168023
5.7971015,1609900168124
3.7190084,1609900168224
2.0661156,1609900168325
1.25,1609900168426
1.86722,1609900168527
4.958678,1609900168628
3.5196688,1609900168729
2.2774327,1609900168830
1.8595042,1609900168930
2.079002,1609900169031
4.5454545,1609900169132
12.916666,1609900169233
6.198347,1609900169334
3.526971,1609900169434
2.0703933,1609900169535
1.6632017,1609900169636
2.4640658,1609900169737
2.6859503,1609900169838
6.185567,1609900169939
2.484472,1609900170040
2.2727273,1609900170140
1.6632017,1609900170241
1.86722,1609900170342
2.6970954,1609900170443
9.958507,1609900170544
10.743801,1609900170644
4.5643153,1609900170745
1.4553014,1609900170846
2.4742267,1609900170947
2.074689,1609900171048
3.3333335,1609900171148
4.7619047,1609900171249
1.6597512,1609900171350
2.0703933,1609900171451
2.074689,1609900171552
2.2680414,1609900171652
4.781705,1609900171753
15.592516,1609900171854
5.785124,1609900171955
2.9045644,1609900172056
3.526971,1609900172156
3.0991735,1609900172257
6.4049587,1609900172358
10.559006,1609900172459
3.526971,1609900172559
2.479339,1609900172660
3.7190084,1609900172761
8.247422,1609900172862
3.742204,1609900172962
3.7113402,1609900173063
2.484472,1609900173164
2.2680414,1609900173265
2.0618556,1609900173366
2.0703933,1609900173466
1.86722,1609900173567
4.149378,1609900173668
4.5454545,1609900173769
2.0661156,1609900173870
2.2680414,1609900173971
1.6666667,1609900174071
1.6528925,1609900174172
5.1759834,1609900174273
14.669421,1609900174374
6.198347,1609900174475
3.3126295,1609900174576
1.86722,1609900174677
2.2680414,1609900174778
1.4553014,1609900174878
5.4054055,1609900174979
2.8985507,1609900175080
2.479339,1609900175181
1.4492754,1609900175282
2.074689,1609900175382
6.0165977,1609900175483
19.461697,1609900175584
8.057852,1609900175685
1.8750001,1609900175786
1.6597512,1609900175887
2.4742267,1609900175987
1.8633541,1609900176088
2.0661156,1609900176189
1.86722,1609900176290
1.6563147,1609900176391
2.0703933,1609900176491
2.2680414,1609900176592
1.86722,1609900176693
2.0661156,1609900176794
2.0703933,1609900176894
1.8633541,1609900176995
1.86722,1609900177096
1.8633541,1609900177197
2.2727273,1609900177298
1.6666667,1609900177398
1.446281,1609900177499
2.2821577,1609900177600
2.0618556,1609900177701
1.86722,1609900177802
2.079002,1609900177902
2.2727273,1609900178003
1.86722,1609900178104
2.4691358,1609900178205
2.2727273,1609900178306
2.0661156,1609900178406
2.074689,1609900178507
1.6563147,1609900178608
1.86722,1609900178709
2.6804123,1609900178810
1.6528925,1609900178911
2.8806584,1609900179012
1.871102,1609900179113
2.4742267,1609900179213
1.6632017,1609900179314
2.2727273,1609900179415
1.8633541,1609900179516
2.074689,1609900179617
1.4492754,1609900179718
2.479339,1609900179819
2.479339,1609900179919
1.6528925,1609900180020
3.0927835,1609900180121
1.86722,1609900180222
1.86722,1609900180323
3.2854211,1609900180424
1.6632017,1609900180525
2.4896266,1609900180626
2.479339,1609900180726
2.0618556,1609900180827
2.2774327,1609900180928
1.8595042,1609900181029
2.4742267,1609900181130
2.0661156,1609900181230
2.074689,1609900181331
1.4583334,1609900181432
2.2727273,1609900181533
1.6632017,1609900181634
5.578512,1609900181734
3.9337475,1609900181835
2.0661156,1609900181936
2.6694045,1609900182037
2.2774327,1609900182138
2.0703933,1609900182239
4.132231,1609900182340
15.432098,1609900182441
7.186858,1609900182542
4.7717843,1609900182643
2.0661156,1609900182743
2.2680414,1609900182844
2.2774327,1609900182945
5.1546392,1609900183046
3.7267082,1609900183147
2.6748972,1609900183248
2.4742267,1609900183349
1.6597512,1609900183450
4.347826,1609900183551
13.0977125,1609900183652
6.5979385,1609900183753
3.9583333,1609900183853
2.2727273,1609900183954
2.074689,1609900184055
1.6563147,1609900184156
2.6915114,1609900184257
6.185567,1609900184358
2.4896266,1609900184458
3.0864198,1609900184559
1.4583334,1609900184660
2.0703933,1609900184761
2.0703933,1609900184862
4.5548654,1609900184963
14.553015,1609900185064
6.2240663,1609900185164
3.7113402,1609900185265
2.6804123,1609900185366
2.074689,1609900185467
2.0576131,1609900185568
2.9106028,1609900185669
5.785124,1609900185770
2.6859503,1609900185871
2.0661156,1609900185972
2.4640658,1609900186073
2.0703933,1609900186174
3.7190084,1609900186274
9.543569,1609900186375
10.766046,1609900186476
5.773196,1609900186577
2.4742267,1609900186678
2.479339,1609900186779
2.0703933,1609900186880
3.5196688,1609900186980
5.1867223,1609900187081
1.86722,1609900187182
2.6748972,1609900187283
1.6632017,1609900187384
2.0703933,1609900187485
4.968944,1609900187586
14.522822,1609900187686
6.61157,1609900187787
4.5548654,1609900187888
2.2680414,1609900187989
2.2680414,1609900188090
2.479339,1609900188191
4.5454545,1609900188291
3.9501042,1609900188393
1.871102,1609900188493
2.258727,1609900188594
2.6859503,1609900188695
1.871102,1609900188796
5.1759834,1609900188896
14.137215,1609900188997
6.198347,1609900189098
3.7267082,1609900189199
1.6563147,1609900189300
1.8633541,1609900189401
2.2821577,1609900189502
6.004141,1609900189602
2.8806584,1609900189703
2.479339,1609900189804
2.484472,1609900189905
3.4979424,1609900190006
8.884297,1609900190107
12.577319,1609900190208
5.785124,1609900190309
2.074689,1609900190410
3.92562,1609900190511
3.5123966,1609900190611
10.6471815,1609900190712
6.584362,1609900190813
3.5123966,1609900190914
2.6915114,1609900191015
3.5196688,1609900191115
8.921162,1609900191216
3.73444,1609900191317
3.3126295,1609900191418
2.6859503,1609900191518
1.6563147,1609900191619
2.479339,1609900191720
1.6597512,1609900191821
2.2680414,1609900191922
2.6804123,1609900192022
5.383023,1609900192123
3.3264034,1609900192224
2.6748972,1609900192325
1.86722,1609900192426
2.2680414,1609900192527
4.158004,1609900192628
14.345114,1609900192729
7.010309,1609900192829
3.9419088,1609900192930
1.6528925,1609900193031
1.871102,1609900193132
2.0703933,1609900193233
1.6597512,1609900193334
4.752066,1609900193435
4.5454545,1609900193536
1.8633541,1609900193636
2.6859503,1609900193737
1.6597512,1609900193838
2.6915114,1609900193939
4.7717843,1609900194040
14.639175,1609900194140
6.237006,1609900194241
3.3195024,1609900194342
1.6632017,1609900194443
1.86722,1609900194543
2.0703933,1609900194644
2.074689,1609900194745
4.752066,1609900194845
4.356847,1609900194946
2.2727273,1609900195047
2.0703933,1609900195148
1.25,1609900195249
2.2821577,1609900195349
5.7971015,1609900195450
14.609054,1609900195551
6.21118,1609900195652
4.338843,1609900195753
2.0703933,1609900195854
1.6632017,1609900195955
2.0661156,1609900196056
3.0991735,1609900196157
5.60166,1609900196258
1.6597512,1609900196358
2.6915114,1609900196459
1.86722,1609900196560
4.123711,1609900196661
9.937888,1609900196762
12.139918,1609900196863
5.773196,1609900196964
2.2680414,1609900197064
1.8633541,1609900197165
1.86722,1609900197266
2.2727273,1609900197367
3.526971,1609900197468
5.3608246,1609900197569
2.4742267,1609900197670
2.2633743,1609900197771
2.2869022,1609900197871
3.9337475,1609900197972
12.5,1609900198073
7.4534163,1609900198174
4.958678,1609900198275
2.4742267,1609900198376
2.074689,1609900198477
1.6563147,1609900198577
2.0703933,1609900198678
4.123711,1609900198779
4.968944,1609900198880
2.0661156,1609900198981
1.6597512,1609900199082
2.6859503,1609900199183
2.4742267,1609900199284
3.9337475,1609900199384
14.166667,1609900199485
6.61157,1609900199586
4.338843,1609900199687
2.2821577,1609900199788
2.2727273,1609900199889
1.86722,1609900199989
12.345679,1609900200090
6.185567,1609900200191
6.029106,1609900200292
3.305785,1609900200393
2.0618556,1609900200494
2.4896266,1609900200595
3.305785,1609900200696
4.9484534,1609900200797
16.115704,1609900200897
5.8091288,1609900200998
3.5196688,1609900201099
2.0703933,1609900201200
1.8595042,1609900201301
2.6748972,1609900201402
2.0703933,1609900201503
5.1759834,1609900201604
3.9337475,1609900201704
2.074689,1609900201805
1.6597512,1609900201906
2.2869022,1609900202007
3.2989693,1609900202108
5.60166,1609900202209
15.257732,1609900202310
5.590062,1609900202411
2.8985507,1609900202511
2.479339,1609900202612
1.6563147,1609900202713
2.079002,1609900202813
2.5,1609900202914
5.4054055,1609900203015
3.305785,1609900203116
1.86722,1609900203216
2.2727273,1609900203317
2.074689,1609900203418
2.2821577,1609900203519
5.1867223,1609900203620
14.876034,1609900203721
5.8212056,1609900203821
3.1120331,1609900203922
3.2719836,1609900204023
1.6597512,1609900204124
1.871102,1609900204225
4.123711,1609900204326
5.1652894,1609900204427
2.2727273,1609900204528
2.0618556,1609900204629
2.074689,1609900204729
3.0991735,1609900204830
5.1867223,1609900204931
16.255144,1609900205032
5.590062,1609900205133
2.6970954,1609900205233
3.118503,1609900205334
4.329897,1609900205435
5.8455114,1609900205536
9.791667,1609900205637
3.5051546,1609900205738
2.484472,1609900205838
4.7717843,1609900205939
3.0991735,1609900206040
8.865979,1609900206141
4.742268,1609900206242
1.4553014,1609900206342
2.6915114,1609900206443
1.86722,1609900206544
1.6597512,1609900206645
2.2727273,1609900206746
2.2727273,1609900206847
4.132231,1609900206947
5.1759834,1609900207048
1.6563147,1609900207149
2.2821577,1609900207250
2.484472,1609900207351
1.8633541,1609900207452
2.6915114,1609900207552
5.5670104,1609900207653
15.876288,1609900207754
6.2240663,1609900207855
3.6885247,1609900207956
3.92562,1609900208057
3.0927835,1609900208158
3.5123966,1609900208259
6.860707,1609900208359
10.927835,1609900208460
3.5196688,1609900208561
3.0927835,1609900208662
3.5416667,1609900208763
8.418891,1609900208864
4.7325106,1609900208964
1.8750001,1609900209065
2.4948025,1609900209166
2.4691358,1609900209267
2.2869022,1609900209368
3.9175258,1609900209469
3.526971,1609900209570
6.004141,1609900209670
11.134021,1609900209771
4.347826,1609900209872
2.2774327,1609900209973
2.2774327,1609900210074
3.7500002,1609900210175
8.659794,1609900210276
4.1407866,1609900210376
2.7027028,1609900210477
2.8985507,1609900210578
2.2821577,1609900210679
1.86722,1609900210779
2.0703933,1609900210880
1.871102,1609900210981
1.8633541,1609900211082
3.1120331,1609900211183
5.9917355,1609900211283
1.871102,1609900211384
2.8806584,1609900211485
2.4691358,1609900211586
2.479339,1609900211687
1.871102,1609900211788
5.5670104,1609900211889
14.315353,1609900211990
6.21118,1609900212090
4.3209877,1609900212191
2.074689,1609900212292
2.0661156,1609900212393
2.2727273,1609900212494
4.356847,1609900212594
4.338843,1609900212695
2.6804123,1609900212796
2.0703933,1609900212897
3.4693878,1609900212998
3.526971,1609900213099
5.1652894,1609900213200
15.384616,1609900213301
6.0165977,1609900213402
2.6804123,1609900213502
2.0703933,1609900213603
2.074689,1609900213704
2.0661156,1609900213805
5.1867223,1609900213906
3.7500002,1609900214007
2.4640658,1609900214108
2.2774327,1609900214208
2.479339,1609900214309
2.4948025,1609900214410
5.773196,1609900214511
15.257732,1609900214612
6.004141,1609900214713
2.9227557,1609900214814
1.6563147,1609900214914
2.2727273,1609900215015
2.6915114,1609900215116
2.0661156,1609900215217
5.5670104,1609900215317
3.526971,1609900215418
2.6804123,1609900215519
2.0833335,1609900215620
1.446281,1609900215721
2.6915114,1609900215822
5.1546392,1609900215922
14.492753,1609900216023
6.6390047,1609900216124
3.9419088,1609900216225
1.6632017,1609900216326
2.0703933,1609900216427
1.86722,1609900216527
1.86722,1609900216628
3.9419088,1609900216729
5.1546392,1609900216830
2.079002,1609900216931
2.4742267,1609900217032
1.2474012,1609900217133
3.9501042,1609900217233
9.205021,1609900217334
14.93776,1609900217435
5.785124,1609900217535
2.4896266,1609900217636
2.2821577,1609900217736
2.074689,1609900217837
1.8633541,1609900217938
2.9166667,1609900218039
5.8091288,1609900218140
1.8595042,1609900218240
2.4948025,1609900218341
2.0703933,1609900218442
2.2680414,1609900218543
3.7267082,1609900218644
10.123966,1609900218744
10,1609900218845
5.383023,1609900218946
2.2821577,1609900219047
2.2727273,1609900219148
1.86722,1609900219249
2.0661156,1609900219350
2.9106028,1609900219450
6.004141,1609900219551
2.8806584,1609900219652
1.86722,1609900219753
2.0703933,1609900219854
2.479339,1609900219955
4.1407866,1609900220056
9.937888,1609900220156
10.602911,1609900220257
5.773196,1609900220358
2.2774327,1609900220459
1.8750001,1609900220560
2.0661156,1609900220661
2.079002,1609900220761
6.21118,1609900220862
2.892562,1609900220963
2.4742267,1609900221064
2.074689,1609900221165
1.86722,1609900221265
5.785124,1609900221366
14.432989,1609900221467
5.6133056,1609900221568
5.1759834,1609900221669
2.2680414,1609900221770
2.0703933,1609900221870
2.4742267,1609900221971
2.2821577,1609900222072
6.5979385,1609900222173
2.8985507,1609900222274
2.0703933,1609900222375
2.479339,1609900222476
2.2774327,1609900222577
3.526971,1609900222677
10,1609900222778
10.580913,1609900222879
5.578512,1609900222980
3.2854211,1609900223081
3.305785,1609900223182
4.149378,1609900223283
6.004141,1609900223384
12.058212,1609900223485
4.7717843,1609900223586
3.92562,1609900223686
1.6701462,1609900223787
2.6915114,1609900223888
2.2680414,1609900223989
2.2774327,1609900224090
2.074689,1609900224191
2.0661156,1609900224292
1.6632017,1609900224392
2.074689,1609900224493
2.8806584,1609900224594
2.2821577,1609900224695
2.484472,1609900224795
1.871102,1609900224896
1.871102,1609900224997
2.6859503,1609900225098
2.4742267,1609900225199
1.871102,1609900225299
1.6632017,1609900225400
3.3126295,1609900225501
5.1759834,1609900225602
10.766046,1609900225703
5,1609900225804
2.2821577,1609900225905
2.2680414,1609900226005
2.074689,1609900226106
1.871102,1609900226207
1.6632017,1609900226308
2.479339,1609900226409
2.479339,1609900226510
2.479339,1609900226610
2.4896266,1609900226711
1.8633541,1609900226812
2.892562,1609900226913
1.6632017,1609900227013
2.8806584,1609900227114
2.2869022,1609900227215
1.86722,1609900227316
1.6597512,1609900227416
2.479339,1609900227517
2.074689,1609900227618
2.886598,1609900227719
2.2774327,1609900227820
2.0661156,1609900227920
2.079002,1609900228021
1.6632017,1609900228122
2.2727273,1609900228223
2.074689,1609900228324
2.6859503,1609900228425
3.2989693,1609900228525
2.4742267,1609900228626
2.074689,1609900228727
2.0703933,1609900228828
2.6804123,1609900228929
2.2633743,1609900229030
2.479339,1609900229131
2.484472,1609900229231
1.6597512,1609900229332
2.484472,1609900229433
2.4742267,1609900229534
2.2774327,1609900229635
2.2774327,1609900229736
2.2727273,1609900229837
2.2727273,1609900229937
1.871102,1609900230038
1.8633541,1609900230139
2.479339,1609900230240
2.074689,1609900230341
2.0703933,1609900230441
2.6915114,1609900230542
2.2774327,1609900230643
2.2727273,1609900230744
2.2727273,1609900230845
2.074689,1609900230946
2.6804123,1609900231047
2.0703933,1609900231147
1.86722,1609900231248
3.6809816,1609900231349
3.1120331,1609900231450
5.590062,1609900231551
2.2821577,1609900231652
2.6804123,1609900231753
2.2821577,1609900231853
2.6859503,1609900231954
2.074689,1609900232055
2.9106028,1609900232156
4.5548654,1609900232256
17.219917,1609900232357
6.5979385,1609900232458
4.7619047,1609900232559
2.4691358,1609900232660
3.0800822,1609900232761
2.2821577,1609900232862
3.7113402,1609900232963
5.7971015,1609900233063
2.2774327,1609900233165
2.479339,1609900233266
2.079002,1609900233367
1.4553014,1609900233467
4.9484534,1609900233568
5.5670104,1609900233669
15.73499,1609900233770
6.3917527,1609900233871
3.0991735,1609900233972
2.079002,1609900234073
2.2727273,1609900234173
2.484472,1609900234274
6.4315357,1609900234375
3.0927835,1609900234476
2.2869022,1609900234577
2.4742267,1609900234678
2.6804123,1609900234778
3.7267082,1609900234879
4.752066,1609900234980
16.115704,1609900235081
6.444906,1609900235182
4.132231,1609900235283
2.8985507,1609900235384
3.7267082,1609900235485
2.9045644,1609900235585
3.7267082,1609900235686
13.043478,1609900235787
5.383023,1609900235888
2.6915114,1609900235989
3.1120331,1609900236090
4.338843,1609900236190
8.108108,1609900236291
4.356847,1609900236392
3.0991735,1609900236492
2.0703933,1609900236593
2.8985507,1609900236694
2.2774327,1609900236795
2.484472,1609900236896
2.0703933,1609900236997
2.6748972,1609900237097
4.5643153,1609900237198
4.5548654,1609900237299
2.6970954,1609900237400
2.074689,1609900237500
2.074689,1609900237601
2.484472,1609900237702
2.2821577,1609900237803
5.3719006,1609900237904
13.513513,1609900238005
6.832298,1609900238105
4.5548654,1609900238206
2.479339,1609900238307
2.2774327,1609900238408
2.2727273,1609900238509
3.5123966,1609900238610
6.3786006,1609900238711
2.6804123,1609900238812
2.2869022,1609900238913
2.074689,1609900239013
2.2821577,1609900239114
3.10559,1609900239215
4.752066,1609900239316
15.495868,1609900239417
6.832298,1609900239518
3.73444,1609900239618
2.0703933,1609900239719
2.074689,1609900239820
2.6915114,1609900239921
2.074689,1609900240022
3.118503,1609900240122
6.198347,1609900240223
2.484472,1609900240324
2.2774327,1609900240425
2.2774327,1609900240526
2.074689,1609900240627
2.2821577,1609900240727
5.5670104,1609900240828
13.278009,1609900240929
9.504132,1609900241030
5.1652894,1609900241131
2.886598,1609900241232
2.0703933,1609900241332
2.484472,1609900241433
2.4742267,1609900241534
3.125,1609900241635
6.5979385,1609900241736
2.074689,1609900241837
2.4896266,1609900241937
2.886598,1609900242038
1.871102,1609900242139
3.526971,1609900242240
4.356847,1609900242340
15.52795,1609900242441
6.818182,1609900242542
3.73444,1609900242643
2.8806584,1609900242744
2.6915114,1609900242844
1.6597512,1609900242945
2.2821577,1609900243046
6.61157,1609900243147
3.3126295,1609900243248
2.484472,1609900243349
1.871102,1609900243450
2.074689,1609900243551
2.479339,1609900243652
4.5548654,1609900243752
9.3361,1609900243853
12.371134,1609900243954
5.7971015,1609900244055
3.0927835,1609900244156
2.6859503,1609900244257
2.6915114,1609900244358
2.6859503,1609900244458
4.7619047,1609900244559
4.5738044,1609900244660
2.2869022,1609900244761
3.0927835,1609900244862
2.2727273,1609900244963
2.484472,1609900245064
4.123711,1609900245164
5.1652894,1609900245265
15.73499,1609900245366
7.628866,1609900245467
4.356847,1609900245568
2.2869022,1609900245669
2.484472,1609900245770
2.479339,1609900245870
2.6915114,1609900245971
4.958678,1609900246072
5.1652894,1609900246173
2.4896266,1609900246274
2.079002,1609900246374
2.6748972,1609900246475
2.2774327,1609900246576
4.1407866,1609900246677
5.3719006,1609900246778
17.391304,1609900246878
7.8189297,1609900246979
4.123711,1609900247080
2.6859503,1609900247181
2.074689,1609900247282
2.479339,1609900247382
2.2774327,1609900247483
3.305785,1609900247584
6.3917527,1609900247685
2.0833335,1609900247786
2.886598,1609900247887
1.8750001,1609900247988
2.4742267,1609900248088
4.158004,1609900248189
5.1546392,1609900248290
16.494844,1609900248391
6.61157,1609900248492
4.1152263,1609900248593
2.484472,1609900248694
3.0800822,1609900248795
2.484472,1609900248895
2.6859503,1609900248996
5.9917355,1609900249097
4.329897,1609900249198
2.6859503,1609900249299
2.6859503,1609900249400
2.6804123,1609900249501
2.484472,1609900249601
3.7267082,1609900249702
4.958678,1609900249803
15.208334,1609900249904
6.818182,1609900250005
3.9501042,1609900250105
2.479339,1609900250206
2.2821577,1609900250307
2.484472,1609900250408
2.4896266,1609900250508
6.198347,1609900250609
3.0991735,1609900250710
2.2869022,1609900250811
3.292181,1609900250912
2.4948025,1609900251013
4.968944,1609900251113
10.144927,1609900251214
11.6182575,1609900251315
5.4054055,1609900251416
2.6859503,1609900251517
2.0703933,1609900251617
2.2821577,1609900251718
3.5123966,1609900251819
6.0165977,1609900251920
3.0991735,1609900252021
2.6804123,1609900252122
2.6915114,1609900252222
3.10559,1609900252323
4.9792533,1609900252424
15.0205765,1609900252525
7.261411,1609900252626
4.752066,1609900252727
2.6859503,1609900252828
2.6804123,1609900252928
2.6915114,1609900253029
2.4896266,1609900253130
3.9501042,1609900253230
5.60166,1609900253331
3.0800822,1609900253432
2.4896266,1609900253533
2.2821577,1609900253634
2.479339,1609900253735
2.892562,1609900253836
4.347826,1609900253936
5.1652894,1609900254037
15.767635,1609900254138
6.4049587,1609900254239
3.5123966,1609900254340
2.4742267,1609900254441
2.892562,1609900254541
2.2821577,1609900254642
2.9045644,1609900254743
6.4049587,1609900254844
2.484472,1609900254945
3.0927835,1609900255046
2.8806584,1609900255147
1.8633541,1609900255247
3.9337475,1609900255348
4.5454545,1609900255449
15.975104,1609900255550
6.8041234,1609900255651
4.1407866,1609900255752
2.8806584,1609900255853
2.4948025,1609900255954
2.2727273,1609900256055
3.7190084,1609900256156
6.418219,1609900256256
2.2821577,1609900256357
2.8985507,1609900256458
2.2680414,1609900256559
2.079002,1609900256659
2.6970954,1609900256760
5.1546392,1609900256861
5.7971015,1609900256962
18.595041,1609900257063
4.968944,1609900257164
4.9382715,1609900257265
3.92562,1609900257366
4.1152263,1609900257466
4.5548654,1609900257567
12.6294,1609900257668
4.989605,1609900257769
2.4742267,1609900257870
3.9419088,1609900257971
4.347826,1609900258071
8.091287,1609900258172
3.3264034,1609900258273
2.4742267,1609900258374
3.10559,1609900258475
3.0927835,1609900258576
2.6915114,1609900258676
2.0703933,1609900258777
2.4896266,1609900258878
2.074689,1609900258979
2.479339,1609900259080
4.7619047,1609900259181
4.7717843,1609900259281
2.6915114,1609900259382
2.2774327,1609900259483
2.4742267,1609900259584
2.8985507,1609900259684
1.8750001,1609900259785
4.329897,1609900259886
4.5454545,1609900259987
16.424116,1609900260088
6.832298,1609900260189
3.5196688,1609900260290
2.074689,1609900260390
3.0991735,1609900260491
2.479339,1609900260592
6.6390047,1609900260693
2.892562,1609900260794
2.892562,1609900260894
2.6859503,1609900260995
2.0661156,1609900261096
2.6915114,1609900261197
4.9484534,1609900261298
6.0416665,1609900261399
15.495868,1609900261500
4.9484534,1609900261600
3.92562,1609900261701
1.871102,1609900261802
2.6859503,1609900261903
2.892562,1609900262004
5.590062,1609900262104
4.742268,1609900262205
1.86722,1609900262306
2.4742267,1609900262407
2.2821577,1609900262508
1.6632017,1609900262608
4.3659043,1609900262709
6.0165977,1609900262810
16.115704,1609900262911
4.968944,1609900263012
3.5196688,1609900263113
1.86722,1609900263214
3.0864198,1609900263314
2.484472,1609900263415
2.4896266,1609900263516
6.61157,1609900263616
2.9045644,1609900263717
2.6970954,1609900263818
2.6915114,1609900263919
2.0703933,1609900264019
1.8750001,1609900264120
2.886598,1609900264221
2.8985507,1609900264322
4.958678,1609900264423
10.973084,1609900264524
11.8257265,1609900264624
5.1652894,1609900264725
3.7190084,1609900264826
2.074689,1609900264927
2.6748972,1609900265028
5.1652894,1609900265129
4.9792533,1609900265229
3.10559,1609900265330
2.2727273,1609900265431
2.2774327,1609900265532
3.292181,1609900265633
1.8633541,1609900265734
3.0991735,1609900265835
4.968944,1609900265935
10.743801,1609900266036
11.570248,1609900266137
5.1652894,1609900266238
3.3195024,1609900266339
2.079002,1609900266439
2.2774327,1609900266540
2.2869022,1609900266641
4.356847,1609900266742
5.578512,1609900266843
2.2821577,1609900266944
2.479339,1609900267045
2.892562,1609900267146
2.0703933,1609900267246
2.2774327,1609900267347
2.6859503,1609900267448
4.7619047,1609900267549
15.52795,1609900267650
6.846473,1609900267751
5.1759834,1609900267851
2.8985507,1609900267952
2.4896266,1609900268053
2.0703933,1609900268154
3.305785,1609900268255
3.9094648,1609900268356
5.8091288,1609900268457
2.6859503,1609900268557
2.2727273,1609900268658
2.6915114,1609900268759
2.6804123,1609900268860
3.5123966,1609900268961
4.5454545,1609900269062
17.864475,1609900269163
8.523909,1609900269264
5.383023,1609900269364
2.4896266,1609900269465
2.2774327,1609900269566
2.2727273,1609900269667
7.024793,1609900269768
3.1120331,1609900269868
2.4896266,1609900269969
2.2727273,1609900270070
2.892562,1609900270171
3.92562,1609900270272
4.5454545,1609900270373
20.247932,1609900270474
7.010309,1609900270575
3.5123966,1609900270675
1.86722,1609900270776
3.4907598,1609900270877
3.4907598,1609900270978
6.029106,1609900271079
3.5196688,1609900271180
2.8747435,1609900271281
2.6970954,1609900271382
2.0703933,1609900271482
2.0703933,1609900271583
3.9419088,1609900271684
4.5454545,1609900271785
17.598345,1609900271886
6.818182,1609900271987
3.7267082,1609900272088
2.892562,1609900272188
1.8750001,1609900272289
2.6804123,1609900272390
2.2869022,1609900272491
4.329897,1609900272591
5.394191,1609900272692
3.0991735,1609900272793
2.079002,1609900272894
2.484472,1609900272995
3.0927835,1609900273095
2.2916667,1609900273196
4.752066,1609900273297
12.989691,1609900273398
8.677686,1609900273499
4.9792533,1609900273600
3.7113402,1609900273700
2.484472,1609900273801
2.484472,1609900273902
2.484472,1609900274003
3.5123966,1609900274104
6.21118,1609900274205
2.892562,1609900274306
2.6859503,1609900274407
2.6915114,1609900274507
2.2774327,1609900274608
2.6859503,1609900274709
2.0703933,1609900274810
3.7267082,1609900274910
4.5548654,1609900275011
18.295218,1609900275112
6.5979385,1609900275213
3.9337475,1609900275314
2.2774327,1609900275415
3.0927835,1609900275515
2.2774327,1609900275616
3.9175258,1609900275717
6.237006,1609900275818
2.886598,1609900275919
2.8806584,1609900276020
2.479339,1609900276121
2.6804123,1609900276221
2.886598,1609900276322
3.1120331,1609900276423
4.5454545,1609900276524
17.938145,1609900276625
6.625259,1609900276726
4.5643153,1609900276827
2.892562,1609900276928
2.892562,1609900277029
2.6859503,1609900277129
2.079002,1609900277230
2.484472,1609900277331
2.6859503,1609900277432
2.2774327,1609900277533
2.479339,1609900277634
2.2821577,1609900277734
5.4054055,1609900277835
4.5360827,1609900277936
2.8747435,1609900278037
3.0991735,1609900278138
2.079002,1609900278239
2.886598,1609900278339
2.6915114,1609900278440
3.9175258,1609900278541
8.865979,1609900278642
8.264462,1609900278743
3.3195024,1609900278844
2.2774327,1609900278945
2.2821577,1609900279046
2.074689,1609900279146
8.902691,1609900279247
4.5454545,1609900279348
2.4948025,1609900279449
2.484472,1609900279550
2.2869022,1609900279650
2.479339,1609900279751
2.6970954,1609900279852
2.0703933,1609900279953
2.6859503,1609900280054
2.6915114,1609900280155
2.2727273,1609900280255
2.6915114,1609900280356
2.4896266,1609900280457
2.0703933,1609900280558
2.8985507,1609900280659
2.2774327,1609900280760
2.6915114,1609900280861
2.2821577,1609900280961
2.4896266,1609900281062
2.479339,1609900281163
2.2869022,1609900281264
3.0864198,1609900281365
2.4896266,1609900281466
2.6915114,1609900281566
2.6804123,1609900281667
2.479339,1609900281768
2.8985507,1609900281869
2.4948025,1609900281970
2.0661156,1609900282071
2.892562,1609900282171
2.2821577,1609900282272
2.484472,1609900282373
2.074689,1609900282474
2.484472,1609900282575
2.886598,1609900282676
2.079002,1609900282777
2.6915114,1609900282877
2.2774327,1609900282978
3.292181,1609900283079
2.4896266,1609900283180
2.484472,1609900283281
2.8985507,1609900283382
8.75,1609900283482
3.526971,1609900283583
3.0864198,1609900283684
2.886598,1609900283785
2.6859503,1609900283886
2.8985507,1609900283987
2.079002,1609900284088
2.484472,1609900284189
2.2821577,1609900284289
2.892562,1609900284390
2.6915114,1609900284491
2.8806584,1609900284592
2.6970954,1609900284693
3.2989693,1609900284794
2.6915114,1609900284895
2.4896266,1609900284995
3.0864198,1609900285096
2.8985507,1609900285197
3.305785,1609900285298
2.8985507,1609900285399
3.0864198,1609900285500
2.6859503,1609900285601
2.484472,1609900285702
2.2869022,1609900285802
4.781705,1609900285903
3.9501042,1609900286004
3.305785,1609900286104
2.892562,1609900286205
2.479339,1609900286306
2.484472,1609900286407
3.0991735,1609900286508
4.752066,1609900286609
4.5360827,1609900286709
5.3719006,1609900286810
3.3195024,1609900286911
2.074689,1609900287012
3.0864198,1609900287113
2.6915114,1609900287214
2.479339,1609900287314
5.7971015,1609900287415
3.3126295,1609900287516
2.892562,1609900287617
2.6859503,1609900287718
1.86722,1609900287819
2.892562,1609900287920
4.338843,1609900288021
4.347826,1609900288121
7.660455,1609900288222
5.1759834,1609900288323
2.6859503,1609900288424
4.1407866,1609900288525
3.92562,1609900288626
5.1546392,1609900288727
3.7267082,1609900288828
5.4054055,1609900288929
2.6804123,1609900289030
2.2727273,1609900289130
1.86722,1609900289231
3.7190084,1609900289332
3.10559,1609900289433
4.347826,1609900289534
0.82815737,1609900289634
3.5051546,1609900289735
3.1120331,1609900289836
1.6666667,1609900289937
2.8985507,1609900290037
2.4742267,1609900290138
2.6694045,1609900290239
2.2916667,1609900290340
2.2680414,1609900290441
2.2680414,1609900290542
2.479339,1609900290642
2.074689,1609900290743
1.2448133,1609900290844
2.9045644,1609900290945
0.41407868,1609900291045
3.1120331,1609900291146
1.0351967,1609900291247
1.4553014,1609900291348
3.526971,1609900291449
3.5051546,1609900291550
1.0416667,1609900291651
3.2989693,1609900291751
3.118503,1609900291852
3.5123966,1609900291953
2.8985507,1609900292054
1.0351967,1609900292155
1.0330578,1609900292255
1.0330578,1609900292356
2.2869022,1609900292457
1.0351967,1609900292558
1.2396694,1609900292659
2.6859503,1609900292760
3.7190084,1609900292860
2.9045644,1609900292961
1.6597512,1609900293062
0.82815737,1609900293163
0.621118,1609900293264
1.446281,1609900293364
0.41407868,1609900293465
3.3195024,1609900293566
2.8985507,1609900293667
2.074689,1609900293768
1.2396694,1609900293868
1.0330578,1609900293969
1.0330578,1609900294070
0.20833334,1609900294171
0.62240666,1609900294272
1.0351967,1609900294372
1.6563147,1609900294473
3.73444,1609900294574
1.2448133,1609900294675
1.6597512,1609900294775
1.0351967,1609900294876
1.2396694,1609900294977
0.82644624,1609900295078
1.2396694,1609900295179
1.2371134,1609900295280
1.86722,1609900295380
2.7027028,1609900295481
1.242236,1609900295582
0.62240666,1609900295682
0.83160084,1609900295783
3.10559,1609900295884
2.484472,1609900295985
1.0309278,1609900296086
0.83160084,1609900296186
1.6528925,1609900296287
0.621118,1609900296388
0.8298756,1609900296489
3.292181,1609900296590
2.7027028,1609900296690
0.82815737,1609900296791
1.039501,1609900296892
0.6198347,1609900296993
2.4896266,1609900297094
1.6563147,1609900297195
2.4896266,1609900297296
0.62240666,1609900297396
0.8298756,1609900297497
1.2371134,1609900297598
3.0991735,1609900297699
2.9106028,1609900297800
3.305785,1609900297900
2.9166667,1609900298001
0.6237006,1609900298102
0.8247423,1609900298203
0.83160084,1609900298303
0.82644624,1609900298404
3.526971,1609900298505
3.5123966,1609900298606
2.7027028,1609900298707
3.10559,1609900298808
3.526971,1609900298908
2.6915114,1609900299009
1.2371134,1609900299110
0.82815737,1609900299211
1.0330578,1609900299312
1.443299,1609900299413
2.6859503,1609900299513
1.242236,1609900299614
3.5196688,1609900299715
3.526971,1609900299816
1.8595042,1609900299916
0.41580042,1609900300017
0.62240666,1609900300118
0.82815737,1609900300219
0.82815737,1609900300320
1.8633541,1609900300421
3.526971,1609900300522
3.3195024,1609900300622
2.0833335,1609900300723
1.0351967,1609900300824
0.41580042,1609900300925
1.0351967,1609900301025
0.62240666,1609900301126
0.6198347,1609900301227
1.242236,1609900301328
1.0309278,1609900301429
2.6859503,1609900301529
1.0351967,1609900301630
0.82815737,1609900301731
0.62240666,1609900301832
1.86722,1609900301933
3.0991735,1609900302033
1.242236,1609900302134
0.621118,1609900302235
1.2371134,1609900302336
1.242236,1609900302437
0.8298756,1609900302538
1.2396694,1609900302639
1.2371134,1609900302739
0.41580042,1609900302840
1.4553014,1609900302941
2.484472,1609900303042
1.6494846,1609900303142
1.6563147,1609900303243
1.4492754,1609900303344
2.0703933,1609900303445
0.8298756,1609900303546
1.2396694,1609900303647
3.3126295,1609900303748
2.9045644,1609900303849
2.9106028,1609900303949
1.6597512,1609900304050
2.0661156,1609900304151
2.074689,1609900304252
0.62240666,1609900304353
1.6460905,1609900304453
2.7027028,1609900304554
3.305785,1609900304655
3.10559,1609900304756
2.0833335,1609900304857
0.82815737,1609900304957
0.621118,1609900305058
0.82815737,1609900305159
2.484472,1609900305260
2.2774327,1609900305361
0.82815737,1609900305462
1.0351967,1609900305562
2.074689,1609900305663
1.2396694,1609900305764
1.446281,1609900305865
0.83160084,1609900305965
2.0703933,1609900306066
1.0309278,1609900306167
0.62240666,1609900306268
0.82644624,1609900306369
2.2774327,1609900306469
1.2396694,1609900306570
2.074689,1609900306671
3.10559,1609900306772
2.079002,1609900306873
0.82644624,1609900306974
0.621118,1609900307074
1.242236,1609900307175
1.443299,1609900307276
2.8985507,1609900307377
0.621118,1609900307478
1.0330578,1609900307579
1.0416667,1609900307679
3.3126295,1609900307780
1.242236,1609900307881
2.8985507,1609900307982
0.621118,1609900308082
0.6237006,1609900308183
0.82815737,1609900308284
0.6237006,1609900308385
2.6804123,1609900308485
0.62240666,1609900308586
1.2371134,1609900308687
3.125,1609900308788
3.292181,1609900308889
0.621118,1609900308989
1.0330578,1609900309090
1.8633541,1609900309191
2.0661156,1609900309292
0.621118,1609900309393
0.62240666,1609900309493
1.446281,1609900309594
0.621118,1609900309695
2.2727273,1609900309796
1.6632017,1609900309897
3.1120331,1609900309997
1.242236,1609900310098
2.0576131,1609900310199
0.6185567,1609900310300
2.2727273,1609900310400
1.6597512,1609900310501
3.305785,1609900310602
2.7027028,1609900310703
0.82815737,1609900310803
0.82815737,1609900310904
2.8985507,1609900311005
0.83160084,1609900311106
0.82644624,1609900311207
3.3195024,1609900311307
1.86722,1609900311408
2.0703933,1609900311509
3.3195024,1609900311610
3.10559,1609900311711
3.3126295,1609900311811
0.8247423,1609900311912
0.4149378,1609900312013
1.443299,1609900312114
1.4522822,1609900312215
0.82815737,1609900312316
3.3126295,1609900312416
1.6563147,1609900312517
1.2345679,1609900312618
1.0351967,1609900312719
0.6198347,1609900312820
2.0661156,1609900312921
2.4948025,1609900313022
0.62240666,1609900313123
1.446281,1609900313223
1.446281,1609900313324
0.4149378,1609900313425
1.6597512,1609900313526
3.1120331,1609900313626
3.10559,1609900313727
3.5123966,1609900313828
1.0309278,1609900313929
0.82815737,1609900314029
1.0330578,1609900314130
0.62240666,1609900314231
1.443299,1609900314332
2.6970954,1609900314433
1.8633541,1609900314534
2.4896266,1609900314634
2.4590163,1609900314735
2.6915114,1609900314836
3.3126295,1609900314937
0.6237006,1609900315038
1.446281,1609900315138
1.2371134,1609900315239
0.41407868,1609900315340
2.2774327,1609900315441
2.2774327,1609900315542
2.2727273,1609900315643
0.6263048,1609900315743
1.6528925,1609900315844
1.0351967,1609900315945
2.4896266,1609900316046
1.0373445,1609900316147
2.0618556,1609900316247
2.0703933,1609900316348
0.8298756,1609900316449
1.0330578,1609900316550
2.0576131,1609900316651
3.1120331,1609900316752
2.9106028,1609900316852
0.6198347,1609900316953
0.41580042,1609900317054
1.0330578,1609900317155
0.8298756,1609900317256
3.7190084,1609900317357
1.4492754,1609900317457
0.82644624,1609900317558
2.2680414,1609900317659
3.3126295,1609900317760
2.9045644,1609900317861
1.0330578,1609900317961
0.621118,1609900318062
1.4492754,1609900318163
2.2821577,1609900318264
2.9045644,1609900318364
4.5081964,1609900318465
2.0661156,1609900318566
0.62240666,1609900318667
1.242236,1609900318768
3.2989693,1609900318868
2.9045644,1609900318969
1.86722,1609900319070
3.0927835,1609900319171
3.1120331,1609900319272
2.9045644,1609900319373
3.10559,1609900319474
2.7027028,1609900319574
0.6198347,1609900319675
1.0330578,1609900319776
1.242236,1609900319877
1.0330578,1609900319977
9.090909,1609900320078
5.7971015,1609900320179
2.4948025,1609900320280
1.4492754,1609900320381
1.0309278,1609900320482
0.82644624,1609900320582
1.446281,1609900320683
1.2448133,1609900320784
2.2680414,1609900320885
2.2774327,1609900320985
0.4149378,1609900321086
0.41580042,1609900321187
1.039501,1609900321288
2.0703933,1609900321389
0.82644624,1609900321489
1.6528925,1609900321590
1.0351967,1609900321691
2.4948025,1609900321792
0.62240666,1609900321893
1.0330578,1609900321993
1.4492754,1609900322094
0.4149378,1609900322195
1.0288066,1609900322296
2.0661156,1609900322397
2.9045644,1609900322497
1.6563147,1609900322598
1.443299,1609900322699
0.621118,1609900322800
2.6804123,1609900322901
3.0927835,1609900323002
1.0330578,1609900323102
1.242236,1609900323203
0.6198347,1609900323304
2.8806584,1609900323405
3.5196688,1609900323506
2.2680414,1609900323607
0.82644624,1609900323707
2.074689,1609900323808
3.305785,1609900323909
1.039501,1609900324010
1.0351967,1609900324110
1.4522822,1609900324211
4.123711,1609900324312
2.892562,1609900324413
3.305785,1609900324514
3.0991735,1609900324615
0.6198347,1609900324715
0.6237006,1609900324816
3.5123966,1609900324917
2.7083333,1609900325018
1.4522822,1609900325118
3.10559,1609900325219
2.2774327,1609900325320
1.4403292,1609900325421
1.0351967,1609900325522
2.9045644,1609900325623
3.3195024,1609900325723
1.443299,1609900325824
2.9106028,1609900325925
2.4742267,1609900326026
1.242236,1609900326126
1.2474012,1609900326227
1.0288066,1609900326328
1.871102,1609900326428
2.8985507,1609900326529
0.82644624,1609900326630
1.2396694,1609900326731
1.039501,1609900326832
1.0288066,1609900326932
1.0351967,1609900327033
1.443299,1609900327134
2.4896266,1609900327235
1.446281,1609900327336
0.82644624,1609900327436
0.82815737,1609900327537
0.6237006,1609900327638
1.0330578,1609900327739
2.074689,1609900327840
1.4492754,1609900327941
1.0288066,1609900328042
1.443299,1609900328142
0.62240666,1609900328243
1.0309278,1609900328344
1.2371134,1609900328445
2.9106028,1609900328546
0.20661156,1609900328647
1.446281,1609900328747
0.6198347,1609900328848
0.6237006,1609900328949
0.6198347,1609900329050
2.2774327,1609900329151
1.0351967,1609900329251
1.0373445,1609900329352
2.2727273,1609900329453
0.621118,1609900329554
0.8298756,1609900329655
2.4948025,1609900329755
0.83160084,1609900329856
0.621118,1609900329957
2.0703933,1609900330058
3.10559,1609900330158
0.6237006,1609900330259
1.0330578,1609900330360
0.6237006,1609900330461
2.886598,1609900330562
3.7267082,1609900330662
1.8633541,1609900330763
0.621118,1609900330864
0.82815737,1609900330965
1.8633541,1609900331066
1.6494846,1609900331166
2.9045644,1609900331267
2.8985507,1609900331368
2.7027028,1609900331469
1.4492754,1609900331569
3.7267082,1609900331670
3.10559,1609900331771
3.118503,1609900331872
2.8985507,1609900331972
2.4896266,1609900332073
0.8298756,1609900332174
3.305785,1609900332275
0.6237006,1609900332375
0.621118,1609900332476
0.621118,1609900332577
2.2869022,1609900332678
3.3126295,1609900332779
2.074689,1609900332879
2.2821577,1609900332980
0.82815737,1609900333081
0.621118,1609900333182
0.82644624,1609900333283
0.6185567,1609900333384
1.0330578,1609900333485
1.0351967,1609900333586
3.1120331,1609900333686
0.82815737,1609900333787
0.8247423,1609900333888
2.8985507,1609900333989
2.6748972,1609900334090
3.10559,1609900334191
0.82815737,1609900334292
0.4149378,1609900334393
0.62240666,1609900334493
1.0309278,1609900334594
1.6632017,1609900334695
2.7027028,1609900334796
3.3195024,1609900334897
3.0927835,1609900334997
2.4896266,1609900335098
3.5123966,1609900335199
1.443299,1609900335300
0.621118,1609900335401
2.0703933,1609900335502
3.5123966,1609900335603
2.079002,1609900335704
1.0288066,1609900335805
1.0351967,1609900335905
0.41407868,1609900336006
0.621118,1609900336107
0.82644624,1609900336208
2.9045644,1609900336308
1.242236,1609900336409
1.0351967,1609900336510
0.41322312,1609900336611
0.82815737,1609900336712
0.82815737,1609900336813
1.6528925,1609900336914
3.5051546,1609900337015
2.6970954,1609900337115
2.6970954,1609900337216
2.7027028,1609900337317
1.0330578,1609900337417
0.41580042,1609900337518
0.82644624,1609900337619
0.621118,1609900337720
0.41580042,1609900337821
2.0661156,1609900337922
1.8595042,1609900338022
1.8595042,1609900338123
0.8298756,1609900338224
1.2396694,1609900338325
3.0991735,1609900338426
3.3195024,1609900338527
3.305785,1609900338627
3.526971,1609900338728
3.5051546,1609900338829
2.7083333,1609900338930
2.4948025,1609900339031
2.4948025,1609900339131
3.305785,1609900339232
2.7027028,1609900339333
3.305785,1609900339434
3.5196688,1609900339535
3.3126295,1609900339636
2.7027028,1609900339737
3.5196688,1609900339837
2.9106028,1609900339938
3.10559,1609900340039
1.2474012,1609900340140
3.0927835,1609900340241
2.484472,1609900340342
1.0351967,1609900340443
0.41407868,1609900340543
1.2448133,1609900340644
2.6804123,1609900340745
0.62240666,1609900340846
1.2345679,1609900340947
0.621118,1609900341048
1.4373717,1609900341149
2.892562,1609900341250
1.0351967,1609900341351
2.484472,1609900341451
0.82644624,1609900341552
0.82815737,1609900341653
1.8556701,1609900341754
0.62240666,1609900341855
1.0288066,1609900341955
1.6701462,1609900342056
2.6748972,1609900342157
1.6528925,1609900342258
2.9166667,1609900342359
2.4896266,1609900342459
0.41580042,1609900342560
1.0351967,1609900342660
0.621118,1609900342761
0.6237006,1609900342862
2.484472,1609900342963
2.6970954,1609900343063
1.871102,1609900343164
0.82644624,1609900343265
2.479339,1609900343366
3.305785,1609900343467
2.6970954,1609900343567
0.4149378,1609900343668
0.621118,1609900343769
2.0703933,1609900343870
0.8247423,1609900343971
0.62240666,1609900344072
0.4149378,1609900344173
1.0330578,1609900344274
0.62240666,1609900344375
3.0927835,1609900344475
1.242236,1609900344576
2.892562,1609900344677
0.82815737,1609900344778
1.0330578,1609900344879
0.621118,1609900344980
0.82815737,1609900345080
0.621118,1609900345181
2.2821577,1609900345282
4.123711,1609900345383
2.6970954,1609900345484
2.9106028,1609900345585
0.82815737,1609900345685
1.2371134,1609900345786
1.6427106,1609900345887
2.8985507,1609900345988
1.0351967,1609900346089
2.4948025,1609900346190
2.479339,1609900346290
1.8633541,1609900346391
3.526971,1609900346492
3.10559,1609900346593
3.5196688,1609900346693
2.7083333,1609900346794
3.10559,1609900346895
3.5196688,1609900346996
3.305785,1609900347097
3.5051546,1609900347198
2.9166667,1609900347298
3.305785,1609900347399
2.9045644,1609900347500
4.132231,1609900347601
3.305785,1609900347702
3.5123966,1609900347802
0.8298756,1609900347903
0.41407868,1609900348004
3.0927835,1609900348105
3.10559,1609900348206
3.118503,1609900348307
2.258727,1609900348407
0.82644624,1609900348508
0.20790021,1609900348609
0.8298756,1609900348710
0.41407868,1609900348811
1.6528925,1609900348912
2.7083333,1609900349013
3.5051546,1609900349113
2.0703933,1609900349214
0.41407868,1609900349315
1.0309278,1609900349416
1.8750001,1609900349516
1.242236,1609900349617
0.8298756,1609900349718
1.0373445,1609900349819
0.621118,1609900349920
0.6198347,1609900350020
1.4522822,1609900350121
3.0927835,1609900350222
3.5123966,1609900350323
1.443299,1609900350424
0.6185567,1609900350525
0.6237006,1609900350626
0.8247423,1609900350727
1.2371134,1609900350827
2.2680414,1609900350928
0.62240666,1609900351029
2.9045644,1609900351130
1.86722,1609900351231
2.2821577,1609900351331
3.3126295,1609900351432
1.443299,1609900351533
0.41580042,1609900351634
0.82644624,1609900351735
1.2345679,1609900351835
0.4149378,1609900351936
1.6563147,1609900352037
2.8985507,1609900352138
3.5051546,1609900352239
2.0576131,1609900352340
0.8298756,1609900352440
1.8633541,1609900352541
0.6198347,1609900352642
0.62240666,1609900352743
1.446281,1609900352844
0.4149378,1609900352944
0.2074689,1609900353045
2.4948025,1609900353146
2.0576131,1609900353247
1.0351967,1609900353348
0.8247423,1609900353448
1.2448133,1609900353549
3.118503,1609900353650
1.2448133,1609900353751
2.8985507,1609900353851
0.8333334,1609900353952
0.621118,1609900354053
1.8633541,1609900354154
2.886598,1609900354255
1.4522822,1609900354356
1.0330578,1609900354457
0.82644624,1609900354558
2.4691358,1609900354659
1.4522822,1609900354760
3.10559,1609900354860
1.446281,1609900354961
2.6915114,1609900355062
3.5051546,1609900355163
1.6563147,1609900355264
2.9045644,1609900355365
2.9045644,1609900355465
3.5051546,1609900355566
3.1120331,1609900355667
3.10559,1609900355768
3.5343037,1609900355868
1.0330578,1609900355969
0.621118,1609900356070
2.6859503,1609900356171
2.479339,1609900356272
1.0351967,1609900356373
1.242236,1609900356473
2.5,1609900356574
3.1120331,1609900356675
3.5196688,1609900356776
2.2774327,1609900356877
0.6237006,1609900356978
0.82304525,1609900357078
0.4149378,1609900357179
1.2396694,1609900357280
2.6915114,1609900357381
2.7139874,1609900357481
1.2396694,1609900357582
0.6185567,1609900357683
2.079002,1609900357784
3.1120331,1609900357885
3.0991735,1609900357985
1.8750001,1609900358086
0.8247423,1609900358187
1.4492754,1609900358288
1.6563147,1609900358388
2.2774327,1609900358489
0.40816325,1609900358592
1.0351967,1609900358692
0.41407868,1609900358793
1.0330578,1609900358894
0.62240666,1609900358995
2.2727273,1609900359096
1.4492754,1609900359197
2.258727,1609900359297
0.62240666,1609900359398
1.446281,1609900359499
1.6528925,1609900359600
1.871102,1609900359700
0.82815737,1609900359801
1.0330578,1609900359902
1.0416667,1609900360003
0.82644624,1609900360104
2.074689,1609900360204
2.479339,1609900360305
0.621118,1609900360406
0.6198347,1609900360507
1.6528925,1609900360608
2.4896266,1609900360708
1.25,1609900360809
2.7027028,1609900360910
1.2371134,1609900361011
0.8298756,1609900361111
0.8298756,1609900361212
1.8595042,1609900361313
2.892562,1609900361414
0.4149378,1609900361515
0.8247423,1609900361616
1.0373445,1609900361717
3.5196688,1609900361817
2.9106028,1609900361918
3.1120331,1609900362019
2.6970954,1609900362120
3.9175258,1609900362220
2.9166667,1609900362321
2.9045644,1609900362422
3.7113402,1609900362523
2.2869022,1609900362624
0.4149378,1609900362725
1.2371134,1609900362826
3.10559,1609900362926
2.9106028,1609900363027
1.6597512,1609900363128
0.82644624,1609900363229
1.2474012,1609900363330
3.0991735,1609900363431
2.9045644,1609900363531
0.82815737,1609900363632
0.8247423,1609900363733
3.10559,1609900363834
3.3126295,1609900363935
3.2989693,1609900364035
3.118503,1609900364136
2.9045644,1609900364237
1.4522822,1609900364338
2.6915114,1609900364438
1.8750001,1609900364539
0.8247423,1609900364640
1.6460905,1609900364741
1.2448133,1609900364842
0.6198347,1609900364943
1.0373445,1609900365044
0.6198347,1609900365144
0.621118,1609900365245
1.242236,1609900365346
1.2396694,1609900365447
2.0703933,1609900365548
0.621118,1609900365649
0.2074689,1609900365750
0.8298756,1609900365850
0.82815737,1609900365951
2.8985507,1609900366052
3.5123966,1609900366153
2.9045644,1609900366253
0.8247423,1609900366354
0.4149378,1609900366455
1.0351967,1609900366556
0.6237006,1609900366656
0.82644624,1609900366757
1.6494846,1609900366858
2.4742267,1609900366959
2.6970954,1609900367060
1.242236,1609900367161
3.3126295,1609900367262
3.305785,1609900367362
3.5123966,1609900367463
3.1120331,1609900367564
3.2989693,1609900367665
3.3195024,1609900367766
3.2989693,1609900367866
0.41580042,1609900367967
1.2371134,1609900368068
2.6748972,1609900368169
3.5123966,1609900368270
3.1120331,1609900368371
2.484472,1609900368472
1.0309278,1609900368572
1.2345679,1609900368673
3.10559,1609900368774
3.3195024,1609900368875
1.6528925,1609900368976
0.4149378,1609900369077
1.8556701,1609900369177
2.9045644,1609900369278
2.4948025,1609900369379
1.0330578,1609900369480
0.4149378,1609900369581
1.0309278,1609900369682
1.0288066,1609900369783
1.6528925,1609900369883
1.6632017,1609900369984
3.0991735,1609900370085
0.621118,1609900370186
1.0330578,1609900370287
0.41407868,1609900370388
3.0927835,1609900370489
2.9106028,1609900370589
0.6198347,1609900370690
0.82644624,1609900370791
1.0373445,1609900370892
2.7027028,1609900370993
3.7113402,1609900371093
0.8298756,1609900371194
0.6185567,1609900371295
3.0991735,1609900371396
3.3126295,1609900371497
3.3126295,1609900371598
1.8750001,1609900371698
2.0703933,1609900371799
2.484472,1609900371900
1.0351967,1609900372001
1.0330578,1609900372102
1.242236,1609900372202
3.10559,1609900372303
1.6563147,1609900372404
0.82815737,1609900372505
1.4492754,1609900372605
1.0351967,1609900372706
1.2345679,1609900372807
0.6198347,1609900372908
0.82815737,1609900373009
0.82644624,1609900373109
2.4896266,1609900373210
1.0351967,1609900373311
3.1120331,1609900373412
0.8213553,1609900373513
1.6494846,1609900373614
0.82644624,1609900373714
0.62240666,1609900373815
2.6859503,1609900373916
3.3126295,1609900374017
3.305785,1609900374118
3.1120331,1609900374218
3.7113402,1609900374319
2.9045644,1609900374420
1.0330578,1609900374521
0.8247423,1609900374622
3.5123966,1609900374722
3.3126295,1609900374823
3.10559,1609900374924
3.1120331,1609900375025
1.6563147,1609900375126
1.0330578,1609900375226
1.4553014,1609900375327
3.305785,1609900375428
3.3195024,1609900375529
3.5123966,1609900375629
1.0373445,1609900375730
3.5123966,1609900375831
2.892562,1609900375932
0.6185567,1609900376033
1.6460905,1609900376134
0.82644624,1609900376235
2.886598,1609900376336
2.9045644,1609900376436
0.621118,1609900376537
0.62240666,1609900376638
0.4149378,1609900376739
2.892562,1609900376840
3.5196688,1609900376941
1.0330578,1609900377041
1.8595042,1609900377142
0.8298756,1609900377243
0.82644624,1609900377344
0.62240666,1609900377445
1.2396694,1609900377545
0.82815737,1609900377646
2.9166667,1609900377747
2.6970954,1609900377848
0.6185567,1609900377949
1.242236,1609900378049
1.4492754,1609900378150
1.0330578,1609900378251
0.621118,1609900378352
2.0661156,1609900378453
2.9106028,1609900378554
3.0864198,1609900378654
1.4492754,1609900378755
1.0330578,1609900378856
1.0330578,1609900378957
1.8633541,1609900379058
1.86722,1609900379159
3.10559,1609900379259
2.9106028,1609900379360
3.305785,1609900379461
0.20833334,1609900379562
0.8247423,1609900379663
3.1120331,1609900379764
3.0991735,1609900379864
2.6970954,1609900379965
0.6198347,1609900380066
1.6460905,1609900380167
3.3126295,1609900380267
3.3126295,1609900380368
1.242236,1609900380469
0.62240666,1609900380570
1.6666667,1609900380671
2.484472,1609900380771
0.20703934,1609900380872
0.41237116,1609900380973
0.20703934,1609900381074
0.20661156,1609900381175
0.20703934,1609900381276
0.62240666,1609900381377
0.6198347,1609900381477
0.20661156,1609900381578
0.6198347,1609900381679
0.20661156,1609900381780
0.20661156,1609900381881
1.0309278,1609900381982
2.4896266,1609900382082
2.8985507,1609900382183
2.6859503,1609900382284
1.8595042,1609900382385
1.6563147,1609900382486
0.41407868,1609900382587
0.20661156,1609900382687
1.6563147,1609900382788
0.82644624,1609900382889
2.479339,1609900382990
0.20703934,1609900383090
0.2074689,1609900383191
2.2774327,1609900383292
2.892562,1609900383393
0.62240666,1609900383493
1.8556701,1609900383594
0.20661156,1609900383695
0.41407868,1609900383796
2.892562,1609900383897
0.62240666,1609900383998
2.8747435,1609900384098
0.41322312,1609900384199
0.20703934,1609900384300
0.41407868,1609900384401
0.20618558,1609900384502
0.20703934,1609900384603
1.6494846,1609900384704
1.2396694,1609900384804
1.86722,1609900384905
2.6970954,1609900385006
2.6915114,1609900385107
0.621118,1609900385207
0.41407868,1609900385308
2.2680414,1609900385409
2.479339,1609900385510
0.20703934,1609900385610
0.2074689,1609900385711
2.6859503,1609900385812
2.9045644,1609900385913
2.6915114,1609900386014
2.079002,1609900386114
2.6859503,1609900386215
2.6970954,1609900386316
2.6859503,1609900386417
2.484472,1609900386518
0.20703934,1609900386618
0.20703934,1609900386719
2.9045644,1609900386820
