1605138756318,"00000000":0
1605138758921,"00000000":1
1605138760701,"00000000":2
1605138763458,"00000000":3
1605138765845,"00000000":4
1605138768592,"00000000":5
1605138770343,"00000000":6,"00000000":7,"00000000":8,"00000000":9,"00000000":10
1605138772495,"6ee141d3":0,"6ee141d3":1,"6ee141d3":2,"6ee141d3":3,"6ee141d3":4,"6ee141d3":5,"6ee141d3":6,"6ee141d3":7,"6ee141d3":8,"6ee141d3":9,"6ee141d3":10,"6ee141d3":11,"6ee141d3":12,"6ee141d3":13,"6ee141d3":14,"6ee141d3":15,"6ee141d3":16,"6ee141d3":17,"6ee141d3":18,"6ee141d3":19,"a6ab8890":0,"a6ab8890":1,"a6ab8890":2,"a6ab8890":3,"a6ab8890":4,"a6ab8890":5,"a6ab8890":6,"a6ab8890":7,"a6ab8890":8,"a6ab8890":9,"a6ab8890":10,"a6ab8890":11,"a6ab8890":12,"a6ab8890":13,"a6ab8890":14,"a6ab8890":15,"a6ab8890":16,"a6ab8890":17,"a6ab8890":18,"a6ab8890":19
1605138775244,"a6ab8890":20,"a6ab8890":21,"a6ab8890":22,"a6ab8890":23,"6ee141d3":20,"6ee141d3":21,"6ee141d3":22,"6ee141d3":23
1605138777682,"1cec3bec":0,"1cec3bec":1,"1cec3bec":2,"1cec3bec":3,"1cec3bec":4,"1cec3bec":5,"1cec3bec":6,"1cec3bec":7,"1cec3bec":8,"7d3c9dc4":0,"7d3c9dc4":1,"7d3c9dc4":2,"7d3c9dc4":3,"7d3c9dc4":4,"7d3c9dc4":5,"7d3c9dc4":6,"7d3c9dc4":7,"1cec3bec":9,"1cec3bec":10,"1cec3bec":11,"1cec3bec":12,"1cec3bec":13,"1cec3bec":14,"1cec3bec":15,"1cec3bec":16,"1cec3bec":17,"1cec3bec":18,"1cec3bec":19,"7d3c9dc4":8,"7d3c9dc4":9,"7d3c9dc4":10,"7d3c9dc4":11,"7d3c9dc4":12,"7d3c9dc4":13,"7d3c9dc4":14,"7d3c9dc4":15,"7d3c9dc4":16,"7d3c9dc4":17,"7d3c9dc4":18,"7d3c9dc4":19,"fdbaa441":0,"fdbaa441":1,"fdbaa441":2,"fdbaa441":3,"fdbaa441":4,"fdbaa441":5,"fdbaa441":6,"fdbaa441":7,"fdbaa441":8,"fdbaa441":9,"fdbaa441":10,"fdbaa441":11
1605138778006,"fdbaa441":12,"fdbaa441":13,"fdbaa441":14,"fdbaa441":15,"fdbaa441":16,"fdbaa441":17,"fdbaa441":18,"fdbaa441":19
1605138779179,"1cec3bec":20,"1cec3bec":21,"1cec3bec":22,"1cec3bec":23,"7d3c9dc4":20,"7d3c9dc4":21,"7d3c9dc4":22,"7d3c9dc4":23
1605138780543,"fdbaa441":20,"fdbaa441":21,"fdbaa441":22,"fdbaa441":23
1605138783046,"219882cd":0,"97a19b1d":0,"1de5414c":0,"f8e0a12a":0,"e87d0018":0,"325f673b":0,"b90b441f":0,"1458a492":0,"9b008599":0,"f7532540":0,"8e51adec":0,"8ce3ab41":0,"ec5c538a":0,"e2d15b52":0,"853442ba":0,"e2eec70a":0,"8c699bac":0,"72879084":0,"e94f7146":0
1605138784133,"7e7608d9":0,"fe210bf1":0,"93bca3a7":0,"f07fc4e1":0,"cf80d50c":0,"c97d0e1f":0,"1de83508":0,"bfe2432b":0,"e5a49c6a":0,"d4e43a12":0,"80cf2e96":0,"a83a3e27":0,"45f7b3c4":0,"79d3e3d0":0,"064348d0":0,"dfec71ec":0,"0c0f226c":0,"01979e27":0,"272bc778":0,"4acd2d3f":0,"8e504771":0,"1338e94e":0,"ef05af2b":0,"5ceab429":0,"8a1eb5de":0,"a18d967d":0,"6cd91d08":0,"39871581":0,"384e9c5c":0,"68bf5efc":0,"cf0036cf":0,"12c7b586":0,"dbc282c3":0,"e89d045f":0,"ee416056":0,"e9aa7393":0,"e10100ef":0,"c8acddce":0,"040526e9":0,"70f30702":0,"fe0dca50":0,"3e920bfc":0,"60b006e8":0,"7f0b8a15":0,"472922ee":0,"b35f0aa5":0,"b762c68f":0,"ac193188":0,"0c0f226c":1,"01979e27":1,"272bc778":1,"12c7b586":1,"6cd91d08":1,"a18d967d":1,"56119278":0,"2c97df3d":0,"dcf2ffc5":0,"d65a27d0":0,"26bb04e3":0,"d3b13b2b":0,"0a4b3474":0,"bb36f4fb":0,"bebafe22":0,"0b78145d":0,"7e7608d9":1,"cf80d50c":1,"ef05af2b":1,"5f3a3712":0,"52bb994c":0,"773f8dc8":0,"a2ce863d":0,"5e9fd2dd":0,"587efd08":0,"8b3685b7":0,"12bc5ee4":0,"493d686d":0,"c5f61d1c":0,"a336a5c4":0,"dd2ac73d":0,"5358a602":0,"ac3d8bfb":0,"31d10da4":0,"50b3232f":0,"0d31899b":0,"983fd4ab":0,"c7ac400b":0,"1ed079d4":0,"eb4e95d8":0,"52f1c32f":0,"473c28f4":0,"1a50c018":0,"68bf5efc":1,"6cd91d08":2,"cf0036cf":1,"12bc5ee4":1,"8b3685b7":1,"587efd08":1,"a83a3e27":1,"45f7b3c4":1,"272bc778":2,"12c7b586":2,"70f30702":1,"a18d967d":2,"2c97df3d":1,"d65a27d0":1,"a1d73ea6":0,"e40c9e3e":0,"35c5668e":0,"ac1dda6d":0,"a2baceaa":0,"2ca9b628":0,"df5c6f9d":0,"7859df27":0,"671e2ce6":0,"26bc1999":0,"a5a43702":0,"f2659240":0,"a73b2a26":0,"8dd58489":0,"8dd58489":1,"fe210bf1":1,"4acd2d3f":1,"272bc778":3,"68bf5efc":2,"cf0036cf":2,"7f0b8a15":1,"671e2ce6":1,"a2baceaa":1,"a73b2a26":1,"325f673b":1,"e87d0018":1,"ec5c538a":1,"b90b441f":1,"f8e0a12a":1,"8581d097":0,"d97bbfda":0,"df69b5f3":0,"97c1c469":0,"1280f184":0,"1280f184":1,"671e2ce6":2,"56119278":1,"bebafe22":1,"773f8dc8":1,"a2ce863d":1,"493d686d":1,"5f3a3712":1,"8b3685b7":2,"52f1c32f":1
1605138784472,"f8e0a12a":2,"97c1c469":1,"1280f184":2,"12bc5ee4":2,"31d10da4":1,"50b3232f":1,"9b008599":1,"e87d0018":2,"e2eec70a":1,"ac3d8bfb":1,"eb4e95d8":1,"587efd08":2,"8581d097":1,"d97bbfda":1,"df69b5f3":1,"671e2ce6":3,"dcf2ffc5":1,"a73b2a26":2,"c7ac400b":1,"0d31899b":1,"a336a5c4":1,"1458a492":1,"97c1c469":2,"9b008599":2,"2c97df3d":2,"a2baceaa":2,"f2659240":1,"68bf5efc":3,"384e9c5c":1,"040526e9":1,"983fd4ab":1,"dd2ac73d":1,"493d686d":2,"219882cd":1,"f7532540":1,"853442ba":1,"26bc1999":1,"26bb04e3":1,"f2659240":2,"12c7b586":3,"dbc282c3":1,"ac193188":1,"5f3a3712":2,"473c28f4":1,"1a50c018":1,"e94f7146":1,"d97bbfda":2,"325f673b":2,"671e2ce6":4,"dcf2ffc5":2,"a1d73ea6":1,"ee416056":1,"cf0036cf":3,"e9aa7393":1,"12bc5ee4":3,"a2ce863d":2,"493d686d":3,"a83a3e27":2,"e5a49c6a":1,"064348d0":1,"f07fc4e1":1,"ef05af2b":2,"7e7608d9":2,"7e7608d9":3,"4acd2d3f":2,"272bc778":4,"8c699bac":1,"e2eec70a":2,"8581d097":2,"2ca9b628":1,"df5c6f9d":1,"68bf5efc":4,"e9aa7393":2,"ac193188":2,"fe210bf1":2,"45f7b3c4":2,"dfec71ec":1,"8dd58489":2,"983fd4ab":2,"493d686d":4,"473c28f4":2
1605138787076,"c8acddce":1,"70f30702":2,"b35f0aa5":1,"7e7608d9":4,"cf80d50c":2,"dfec71ec":2,"b762c68f":1,"a18d967d":3,"8a1eb5de":1,"e5a49c6a":2,"93bca3a7":1,"064348d0":2,"0a4b3474":1,"e40c9e3e":1,"a1d73ea6":2,"e9aa7393":3,"3e920bfc":1,"cf0036cf":4,"7e7608d9":5,"e5a49c6a":3,"064348d0":3,"671e2ce6":5,"d65a27d0":2,"72879084":1,"e2eec70a":3,"97c1c469":3,"a1d73ea6":3,"384e9c5c":2,"fe0dca50":1,"c8acddce":2,"bfe2432b":1,"d4e43a12":1,"80cf2e96":1,"26bb04e3":2,"26bc1999":2,"d97bbfda":3,"9b008599":3,"e94f7146":2,"7859df27":1,"6cd91d08":3,"68bf5efc":5,"60b006e8":1,"c8acddce":3,"cf0036cf":5,"dbc282c3":2,"0c0f226c":2,"45f7b3c4":3,"064348d0":4,"80cf2e96":2,"773f8dc8":2,"dd2ac73d":2,"a336a5c4":2,"671e2ce6":6,"56119278":2,"12bc5ee4":4,"31d10da4":2,"1a50c018":2
1605138794430,"d97bbfda":4,"853442ba":2,"e2eec70a":4,"a73b2a26":3,"c97d0e1f":1,"4acd2d3f":3,"d4e43a12":2,"0c0f226c":3,"ef05af2b":3,"5ceab429":1,"e10100ef":1,"68bf5efc":6,"ac193188":3,"12c7b586":4,"70f30702":3,"e89d045f":1,"a5a43702":1,"56119278":3,"c5f61d1c":1,"a336a5c4":3,"eb4e95d8":2,"8b3685b7":3,"52f1c32f":2,"72879084":2,"219882cd":2,"ec5c538a":2,"ac1dda6d":1,"bebafe22":2,"7e7608d9":6,"f07fc4e1":2,"79d3e3d0":1,"e5a49c6a":4,"064348d0":5,"80cf2e96":3,"dbc282c3":3,"ac193188":4,"12c7b586":5,"cf0036cf":6,"e10100ef":2,"ee416056":2,"0a4b3474":2,"d65a27d0":3,"26bb04e3":3,"e40c9e3e":2,"5f3a3712":3,"5e9fd2dd":1,"52bb994c":1,"5358a602":1,"0d31899b":2,"1ed079d4":1,"8ce3ab41":1,"97c1c469":4,"ec5c538a":3,"325f673b":3,"d97bbfda":5,"df69b5f3":2,"a1d73ea6":4,"a73b2a26":4,"93bca3a7":2,"f07fc4e1":3,"a83a3e27":3,"1338e94e":1,"064348d0":6,"80cf2e96":4,"68bf5efc":7,"70f30702":4,"ac193188":5,"3e920bfc":2,"b762c68f":2,"cf0036cf":7,"e40c9e3e":3,"0b78145d":1,"26bc1999":3,"671e2ce6":7,"5f3a3712":4,"5e9fd2dd":2,"eb4e95d8":3,"1a50c018":3,"52f1c32f":3,"31d10da4":3,"8e51adec":1,"df69b5f3":3,"72879084":3,"e87d0018":3,"8ce3ab41":2,"e94f7146":3,"a1d73ea6":5,"bebafe22":3,"93bca3a7":3,"f07fc4e1":4,"0c0f226c":4,"e5a49c6a":5,"dfec71ec":3,"8e504771":1,"c8acddce":4,"dbc282c3":4,"b35f0aa5":2,"b762c68f":3,"ac193188":6,"68bf5efc":8,"0b78145d":2,"e40c9e3e":4,"5e9fd2dd":3,"c5f61d1c":2,"a336a5c4":4,"473c28f4":3,"a2ce863d":3,"52f1c32f":4,"9b008599":4,"b90b441f":2,"ec5c538a":4,"8e51adec":2,"8581d097":3,"e2eec70a":5,"26bb04e3":4,"26bc1999":4,"a73b2a26":5,"bebafe22":4,"f07fc4e1":5,"7e7608d9":7,"45f7b3c4":4,"0c0f226c":5,"5ceab429":2,"064348d0":7
1605138794430,"a18d967d":4,"7f0b8a15":2,"472922ee":1,"e10100ef":3,"12c7b586":6,"e89d045f":2,"5f3a3712":5,"12bc5ee4":5,"52bb994c":2,"5358a602":2,"1ed079d4":2,"31d10da4":4,"1de5414c":1,"ec5c538a":5,"b90b441f":3,"f8e0a12a":3,"1280f184":3,"d97bbfda":6,"2c97df3d":3,"a2baceaa":3,"671e2ce6":8,"d65a27d0":4,"f2659240":3,"8dd58489":3,"1338e94e":2,"4acd2d3f":4,"c97d0e1f":2,"79d3e3d0":2,"272bc778":5,"80cf2e96":5,"e9aa7393":4,"8a1eb5de":2,"fe0dca50":2,"384e9c5c":3,"472922ee":2,"b35f0aa5":3,"5f3a3712":6,"1de5414c":2,"9b008599":5,"8e51adec":3,"ec5c538a":6,"df69b5f3":4,"8c699bac":2,"e40c9e3e":5,"2c97df3d":4,"a5a43702":2,"d65a27d0":5,"ac1dda6d":2,"a1d73ea6":6,"52f1c32f":5,"473c28f4":4,"ac3d8bfb":2,"a2ce863d":4,"50b3232f":2,"d4e43a12":3,"01979e27":2,"a83a3e27":4,"c97d0e1f":3,"272bc778":6,"dfec71ec":4,"c8acddce":5,"6cd91d08":4,"040526e9":2,"39871581":1,"b762c68f":4,"e89d045f":3,"5f3a3712":7,"c5f61d1c":3,"8581d097":4,"219882cd":3,"97a19b1d":1,"e2d15b52":1,"325f673b":4,"df69b5f3":5,"2c97df3d":5,"56119278":4,"2ca9b628":2,"df5c6f9d":2,"d3b13b2b":1,"8dd58489":4,"1ed079d4":3,"50b3232f":3,"8b3685b7":4,"a2ce863d":5,"d4e43a12":4,"cf80d50c":3,"0c0f226c":6,"a83a3e27":5,"272bc778":7,"dfec71ec":5,"dbc282c3":5,"68bf5efc":9,"040526e9":3,"e10100ef":4,"3e920bfc":3,"e89d045f":4,"5e9fd2dd":4,"773f8dc8":3,"1de5414c":3,"b90b441f":4,"72879084":4,"e87d0018":4,"e94f7146":4,"f8e0a12a":4,"a5a43702":3,"56119278":5,"0a4b3474":3,"bb36f4fb":1,"ac1dda6d":3,"a1d73ea6":7,"31d10da4":5,"a336a5c4":5,"a2ce863d":6,"493d686d":5,"f07fc4e1":6,"a83a3e27":6,"45f7b3c4":5,"bfe2432b":2,"5ceab429":3,"ef05af2b":4,"e10100ef":5,"12c7b586":7,"c8acddce":6,"e9aa7393":5,"a18d967d":5,"60b006e8":2
1605138802357,"473c28f4":18,"a2ce863d":17,"8b3685b7":15,"1ed079d4":17,"eb4e95d8":9,"493d686d":15,"1a50c018":15,"52f1c32f":15,"f8e0a12a":14,"e87d0018":15,"8ce3ab41":15,"b90b441f":12,"e94f7146":11,"97c1c469":14,"df69b5f3":15,"01979e27":11,"1338e94e":10,"4acd2d3f":15,"d4e43a12":12,"a18d967d":13,"60b006e8":11,"b35f0aa5":13,"fe0dca50":10,"8a1eb5de":11,"7f0b8a15":15,"384e9c5c":13,"39871581":13,"dbc282c3":17,"472922ee":15,"ee416056":11,"e10100ef":9,"0c0f226c":13,"fe210bf1":5,"bfe2432b":15,"c97d0e1f":14,"272bc778":19,"5ceab429":9,"064348d0":18,"dfec71ec":13,"c5f61d1c":15,"773f8dc8":15,"ac3d8bfb":14,"12bc5ee4":21,"eb4e95d8":10,"a2ce863d":18,"8b3685b7":16,"473c28f4":19,"1ed079d4":18,"493d686d":16,"a336a5c4":14,"52f1c32f":16,"1de5414c":14,"97a19b1d":11,"1280f184":8,"8c699bac":14,"72879084":15,"e2d15b52":10,"f8e0a12a":15,"df69b5f3":16,"97c1c469":15,"853442ba":16,"8e51adec":17,"ec5c538a":18,"1338e94e":11,"cf80d50c":12,"e5a49c6a":12,"a18d967d":14,"cf0036cf":17,"ac193188":19,"70f30702":15,"c8acddce":15,"040526e9":14,"384e9c5c":14,"ee416056":12,"dbc282c3":18,"4acd2d3f":16,"7e7608d9":17,"fe210bf1":6,"0c0f226c":14,"c97d0e1f":15,"272bc778":20,"80cf2e96":15,"5ceab429":10,"dfec71ec":14,"68bf5efc":15,"e9aa7393":13,"12c7b586":14,"5f3a3712":13,"c5f61d1c":16,"c7ac400b":8,"ac3d8bfb":15,"52bb994c":16,"eb4e95d8":11,"8b3685b7":17,"473c28f4":20,"587efd08":8,"1a50c018":16,"a336a5c4":15,"52f1c32f":17,"1de5414c":15,"97c1c469":16,"72879084":16,"97a19b1d":12,"9b008599":14,"e87d0018":16,"e94f7146":12,"b90b441f":13,"853442ba":17,"1458a492":17,"d97bbfda":16,"f7532540":10,"60b006e8":12,"ac193188":20,"b35f0aa5":14,"f07fc4e1":15,"cf80d50c":13,"4acd2d3f":17,"d4e43a12":13,"79d3e3d0":11,"fe210bf1":7,"93bca3a7":12,"c97d0e1f":16,"ef05af2b":16,"80cf2e96":16,"272bc778":21,"5ceab429":11,"70f30702":16,"8a1eb5de":12,"040526e9":15,"e10100ef":10,"39871581":14,"dbc282c3":19,"ee416056":13,"472922ee":16,"b762c68f":14,"983fd4ab":17,"773f8dc8":16,"5e9fd2dd":11,"c7ac400b":9,"52bb994c":17,"a2ce863d":19,"31d10da4":12,"dd2ac73d":12,"52f1c32f":18,"50b3232f":17,"a336a5c4":16,"1a50c018":17,"72879084":17,"97a19b1d":13,"219882cd":13,"325f673b":15,"d97bbfda":17,"f8e0a12a":16,"9b008599":15,"ec5c538a":19,"1280f184":9,"b90b441f":14,"97c1c469":17,"df69b5f3":17,"b35f0aa5":15,"4acd2d3f":18,"cf80d50c":14,"1338e94e":12,"d4e43a12":14,"7e7608d9":18,"bfe2432b":16,"93bca3a7":13,"c97d0e1f":17,"5ceab429":12,"80cf2e96":17,"272bc778":22,"dfec71ec":15,"cf0036cf":18,"6cd91d08":11,"8a1eb5de":13,"ac193188":21,"e10100ef":11,"39871581":15,"040526e9":16,"68bf5efc":16,"7f0b8a15":16,"c8acddce":16,"b762c68f":15,"983fd4ab":18,"c7ac400b":10,"5e9fd2dd":12,"c5f61d1c":17,"52bb994c":18,"eb4e95d8":12,"0d31899b":12,"dd2ac73d":13,"587efd08":9,"52f1c32f":19,"a336a5c4":17,"1a50c018":18,"1de5414c":16,"ec5c538a":20,"853442ba":18,"219882cd":14,"72879084":18,"e87d0018":17,"df69b5f3":18,"97c1c469":18,"8ce3ab41":16,"1458a492":18,"8e51adec":18,"f7532540":11,"f07fc4e1":16,"4acd2d3f":19,"01979e27":12,"45f7b3c4":19,"7e7608d9":19,"bfe2432b":17,"93bca3a7":14,"c97d0e1f":18,"1de83508":4,"80cf2e96":18,"064348d0":19,"dfec71ec":16,"ac193188":22,"fe0dca50":11,"e89d045f":10,"3e920bfc":13,"7f0b8a15":17,"60b006e8":13,"39871581":16,"e10100ef":12,"472922ee":17,"dbc282c3":20,"ee416056":14,"b762c68f":16,"c5f61d1c":18,"773f8dc8":17,"983fd4ab":19,"12bc5ee4":22,"0d31899b":13,"eb4e95d8":13,"8b3685b7":18,"dd2ac73d":14,"587efd08":10,"52f1c32f":20,"a336a5c4":18,"1a50c018":19,"1de5414c":17,"72879084":19,"e2eec70a":15,"9b008599":16,"219882cd":15,"f8e0a12a":17,"8ce3ab41":17,"e87d0018":18,"b90b441f":15,"ec5c538a":21,"97c1c469":19,"f7532540":12,"1338e94e":13,"45f7b3c4":20,"e5a49c6a":13,"d4e43a12":15,"a83a3e27":19,"0c0f226c":15,"93bca3a7":15,"c97d0e1f":19,"1de83508":5,"80cf2e96":19,"064348d0":20,"ef05af2b":17,"fe0dca50":12,"cf0036cf":19,"e89d045f":11,"e10100ef":13,"c8acddce":17,"60b006e8":14,"70f30702":17,"39871581":17,"7f0b8a15":18,"68bf5efc":17,"e9aa7393":14,"3e920bfc":14,"c5f61d1c":19,"ac3d8bfb":16,"5e9fd2dd":13,"c7ac400b":11,"31d10da4":13,"a2ce863d":20,"8b3685b7":19,"473c28f4":21,"1ed079d4":19,"493d686d":17,"a336a5c4":19,"50b3232f":18,"1280f184":10,"72879084":20,"853442ba":19,"d97bbfda":18,"ec5c538a":22,"97c1c469":20,"df69b5f3":19,"8ce3ab41":18,"1458a492":19,"8c699bac":15,"8e51adec":19,"e94f7146":13,"f07fc4e1":17,"1338e94e":14,"e5a49c6a":14,"4acd2d3f":20,"7e7608d9":20,"bfe2432b":18,"0c0f226c":16,"5ceab429":13,"272bc778":23,"c97d0e1f":20,"ef05af2b":18,"dfec71ec":17,"a18d967d":15,"cf0036cf":20,"6cd91d08":12,"ac193188":23,"040526e9":17,"7f0b8a15":19,"8a1eb5de":14,"70f30702":18,"3e920bfc":15,"e9aa7393":15,"ee416056":15,"12c7b586":15,"5f3a3712":14,"983fd4ab":20,"c5f61d1c":20,"12bc5ee4":23,"52bb994c":19,"a2ce863d":21,"8b3685b7":20,"0d31899b":14,"587efd08":11,"50b3232f":19,"a336a5c4":20,"1a50c018":20,"1de5414c":18,"1280f184":11,"df69b5f3":20,"219882cd":16,"9b008599":17,"ec5c538a":23,"e87d0018":19,"853442ba":20,"1458a492":20,"e2d15b52":11,"f7532540":13,"8c699bac":16,"4acd2d3f":21,"1338e94e":15,"e5a49c6a":15,"45f7b3c4":21,"7e7608d9":21,"a83a3e27":20,"1de83508":6,"80cf2e96":20,"79d3e3d0":12,"c97d0e1f":21,"8e504771":13,"dfec71ec":18,"60b006e8":15,"cf0036cf":21,"70f30702":19,"472922ee":18,"e89d045f":12,"b762c68f":17,"ac193188":24,"dbc282c3":21,"3e920bfc":16,"e10100ef":14,"68bf5efc":18,"c8acddce":18,"5f3a3712":15,"773f8dc8":18,"c5f61d1c":21,"473c28f4":22,"c7ac400b":12,"eb4e95d8":14,"0d31899b":15,"1a50c018":21,"31d10da4":14,"493d686d":18,"a336a5c4":21,"5358a602":10,"853442ba":21,"e2eec70a":16,"219882cd":17,"f8e0a12a":18,"8c699bac":17,"72879084":21,"8581d097":16,"97c1c469":21,"ec5c538a":24,"8ce3ab41":19,"e2d15b52":12,"df69b5f3":21,"4acd2d3f":22,"cf80d50c":15,"e5a49c6a":16,"01979e27":13,"7e7608d9":22,"0c0f226c":17,"79d3e3d0":13,"bfe2432b":19,"ef05af2b":19,"8e504771":14,"064348d0":21,"dfec71ec":19,"a18d967d":16,"60b006e8":16,"b35f0aa5":16,"e10100ef":15,"ac193188":25,"384e9c5c":15,"3e920bfc":17,"39871581":18,"7f0b8a15":20,"e9aa7393":16,"68bf5efc":19,"12c7b586":16,"e40c9e3e":9,"a2baceaa":11,"d65a27d0":15,"f2659240":11,"8dd58489":12,"2c97df3d":11,"ac1dda6d":11,"26bb04e3":10,"35c5668e":7,"983fd4ab":21,"773f8dc8":19,"c5f61d1c":22,"12bc5ee4":24,"31d10da4":15,"eb4e95d8":15,"8b3685b7":21,"0d31899b":16,"52f1c32f":21,"1ed079d4":20,"a336a5c4":22,"5358a602":11,"1de5414c":19,"219882cd":18,"97a19b1d":14,"72879084":22,"9b008599":18,"8c699bac":18,"f8e0a12a":19,"b90b441f":16,"e2eec70a":17,"8581d097":17,"d97bbfda":19,"f7532540":14,"56119278":14,"a2baceaa":12,"26bc1999":13,"8dd58489":13,"2c97df3d":12,"bebafe22":11,"f2659240":12,"26bb04e3":11,"671e2ce6":16,"f07fc4e1":18,"cf80d50c":16,"e5a49c6a":17,"d4e43a12":16,"7e7608d9":23,"8e504771":15,"5ceab429":14,"fe210bf1":8,"272bc778":24,"93bca3a7":16,"dfec71ec":20,"c97d0e1f":22,"26bc1999":14,"dcf2ffc5":8,"e40c9e3e":10,"d3b13b2b":9,"2c97df3d":13,"a73b2a26":12,"f2659240":13,"26bb04e3":12,"35c5668e":8,"e40c9e3e":11,"26bc1999":15,"d65a27d0":16,"d3b13b2b":10,"ac1dda6d":12,"2c97df3d":14,"26bb04e3":13,"a1d73ea6":15,"2ca9b628":9,"b35f0aa5":17,"cf0036cf":22,"6cd91d08":13,"e89d045f":13,"3e920bfc":18,"b762c68f":18,"040526e9":18,"ee416056":16,"68bf5efc":20,"7f0b8a15":21,"12c7b586":17,"e10100ef":16,"c5f61d1c":23,"ac3d8bfb":17,"5e9fd2dd":14,"12bc5ee4":25,"52bb994c":20,"a2ce863d":22,"0d31899b":17,"1a50c018":22,"1de5414c":20,"1280f184":12,"219882cd":19,"df69b5f3":22,"97c1c469":22,"e94f7146":14,"8581d097":18,"d97bbfda":20,"853442ba":22,"ec5c538a":25,"e2eec70a":18,"8e51adec":20,"473c28f4":23,"52f1c32f":22,"a336a5c4":23,"1ed079d4":21,"56119278":15,"dcf2ffc5":9,"d65a27d0":17,"d3b13b2b":11,"bb36f4fb":8,"a73b2a26":13,"35c5668e":9,"a1d73ea6":16,"2ca9b628":10,"0a4b3474":8,"ac1dda6d":13,"0b78145d":13,"1338e94e":16,"cf80d50c":17,"4acd2d3f":23,"45f7b3c4":22,"bfe2432b":20,"fe210bf1":9,"5ceab429":15,"93bca3a7":17,"80cf2e96":21,"a83a3e27":21,"272bc778":25,"a18d967d":17,"ac193188":26,"e89d045f":14,"040526e9":19,"6cd91d08":14,"472922ee":19,"384e9c5c":16,"dbc282c3":22,"39871581":19,"68bf5efc":21,"e10100ef":17,"3e920bfc":19,"56119278":16,"26bc1999":16,"d3b13b2b":12,"a5a43702":12,"df5c6f9d":8,"f2659240":14,"a2baceaa":13,"7859df27":6,"671e2ce6":17,"ac1dda6d":14,"0a4b3474":9,"2ca9b628":11,"ef05af2b":20,"5f3a3712":16,"983fd4ab":22,"5e9fd2dd":15,"12bc5ee4":26,"52bb994c":21,"eb4e95d8":16,"8b3685b7":22,"dd2ac73d":15,"56119278":17,"50b3232f":20,"a5a43702":13,"52f1c32f":23,"671e2ce6":18,"bebafe22":12,"d65a27d0":18,"7859df27":7,"0b78145d":14,"a2baceaa":14,"a2baceaa":15,"dcf2ffc5":10,"d3b13b2b":13,"d3b13b2b":14,"35c5668e":10,"35c5668e":11,"35c5668e":12,"f2659240":15,"26bb04e3":14,"e40c9e3e":12,"e40c9e3e":13,"8dd58489":14,"8dd58489":15,"bb36f4fb":9,"bb36f4fb":10,"0a4b3474":10,"0a4b3474":11,"2ca9b628":12,"ac1dda6d":15,"ac1dda6d":16,"ac1dda6d":17,"7859df27":8,"671e2ce6":19,"8dd58489":16,"26bb04e3":15,"df5c6f9d":9,"35c5668e":13,"26bc1999":17,"26bc1999":18,"a73b2a26":14,"2c97df3d":15,"2c97df3d":16,"bebafe22":13,"bebafe22":14,"dcf2ffc5":11,"dcf2ffc5":12,"dcf2ffc5":13,"2ca9b628":13,"a1d73ea6":17,"a1d73ea6":18,"a1d73ea6":19,"e40c9e3e":14,"e40c9e3e":15,"e40c9e3e":16,"0a4b3474":12,"a2baceaa":16,"a2baceaa":17,"0b78145d":15,"0b78145d":16,"0b78145d":17,"f2659240":16,"f2659240":17,"8581d097":19,"853442ba":23,"e2d15b52":13,"97a19b1d":15,"9b008599":19,"f8e0a12a":20,"8ce3ab41":20,"e87d0018":20,"b90b441f":17,"e2eec70a":19,"e94f7146":15,"8e51adec":21,"a336a5c4":24,"5358a602":12,"56119278":18,"7859df27":9,"2c97df3d":17,"dcf2ffc5":14,"bebafe22":15,"26bb04e3":16,"a1d73ea6":20,"a2baceaa":18,"a5a43702":14,"bb36f4fb":11,"8dd58489":17,"0b78145d":18,"f07fc4e1":19,"4acd2d3f":24,"e5a49c6a":18,"45f7b3c4":23,"bfe2432b":21,"26bc1999":19,"35c5668e":14,"26bb04e3":17,"ac1dda6d":18,"2ca9b628":14,"56119278":19,"56119278":20,"dcf2ffc5":15,"dcf2ffc5":16,"2c97df3d":18,"d65a27d0":19,"f2659240":18,"8dd58489":18,"8dd58489":19,"a5a43702":15,"df5c6f9d":10,"df5c6f9d":11,"671e2ce6":20,"7859df27":10,"7859df27":11,"0b78145d":19,"0b78145d":20,"a73b2a26":15,"a73b2a26":16,"472922ee":20,"a18d967d":18,"6cd91d08":15,"39871581":20,"60b006e8":17,"70f30702":20,"68bf5efc":22,"ac193188":27,"040526e9":20,"dbc282c3":23,"12c7b586":18,"e9aa7393":17,"1de83508":7,"fe210bf1":10,"93bca3a7":18,"272bc778":26,"ef05af2b":21,"0c0f226c":18,"5ceab429":16,"ac3d8bfb":18,"773f8dc8":20,"5e9fd2dd":16,"c5f61d1c":24,"31d10da4":16,"a2ce863d":23,"eb4e95d8":17,"0d31899b":18,"52f1c32f":24,"1de5414c":21,"853442ba":24,"219882cd":20,"97a19b1d":16,"9b008599":20,"e87d0018":21,"e94f7146":16,"e2d15b52":14,"72879084":23,"8e51adec":22,"1458a492":21,"ec5c538a":26,"493d686d":19,"a336a5c4":25,"5358a602":13,"26bc1999":20,"dcf2ffc5":17,"a73b2a26":17,"df5c6f9d":12,"bebafe22":16,"2c97df3d":19,"f2659240":19,"bb36f4fb":12,"26bb04e3":18,"ac1dda6d":19,"0a4b3474":13,"35c5668e":15,"56119278":21,"8dd58489":20,"df5c6f9d":13,"a73b2a26":18,"2ca9b628":15,"e40c9e3e":17,"a1d73ea6":21,"bb36f4fb":13,"26bb04e3":19,"ac1dda6d":20,"0a4b3474":14,"0b78145d":21,"f07fc4e1":20,"45f7b3c4":24,"e5a49c6a":19,"d4e43a12":17,"7e7608d9":24,"1de83508":8,"0c0f226c":19,"8a1eb5de":15,"a18d967d":19,"6cd91d08":16,"ee416056":17,"7f0b8a15":22,"b35f0aa5":18,"472922ee":21,"e10100ef":18,"ac193188":28,"12c7b586":19,"e9aa7393":18,"040526e9":21,"93bca3a7":19,"8e504771":16,"79d3e3d0":14,"272bc778":27,"5ceab429":17,"c7ac400b":13,"ac3d8bfb":19,"5e9fd2dd":17,"983fd4ab":23,"52bb994c":22,"a2ce863d":24,"eb4e95d8":18,"8581d097":20,"72879084":24,"97a19b1d":17,"219882cd":21,"9b008599":21,"e87d0018":22,"f8e0a12a":21,"8ce3ab41":21,"1458a492":22,"b90b441f":18,"d97bbfda":21,"0d31899b":19,"1ed079d4":22,"52f1c32f":25,"a336a5c4":26,"5358a602":14,"26bc1999":21,"a73b2a26":19,"bebafe22":17,"dcf2ffc5":18,"2ca9b628":16,"a1d73ea6":22,"d65a27d0":20,"26bb04e3":20,"ac1dda6d":21,"0a4b3474":15,"bb36f4fb":14,"0b78145d":22,"df69b5f3":23,"1338e94e":17,"45f7b3c4":25,"e5a49c6a":20,"d4e43a12":18,"df5c6f9d":14,"8dd58489":21,"26bc1999":22,"2c97df3d":20,"d65a27d0":21,"2ca9b628":17,"7859df27":12,"671e2ce6":21,"a73b2a26":20,"a2baceaa":19,"0b78145d":23,"ac1dda6d":22,"c8acddce":19,"ac193188":29,"b762c68f":19,"472922ee":22,"60b006e8":18,"384e9c5c":17,"68bf5efc":23,"e89d045f":15,"dbc282c3":24,"12c7b586":20,"040526e9":22,"a83a3e27":22,"1de83508":9,"5ceab429":18,"0c0f226c":20,"ef05af2b":22,"93bca3a7":20,"dfec71ec":21,"c97d0e1f":23,"e40c9e3e":18,"d3b13b2b":15,"a2baceaa":20,"8dd58489":22,"d65a27d0":22,"2c97df3d":21,"a73b2a26":21,"26bb04e3":21,"7859df27":13,"df5c6f9d":15,"a5a43702":16,"0b78145d":24,"56119278":22,"f2659240":20,"26bc1999":23,"bebafe22":18,"2ca9b628":18,"d65a27d0":23,"a73b2a26":22,"26bb04e3":22,"bb36f4fb":15,"ac1dda6d":23,"671e2ce6":22,"0b78145d":25,"70f30702":21,"5f3a3712":17,"773f8dc8":21,"c7ac400b":14,"72879084":25,"853442ba":25,"97c1c469":23,"97a19b1d":18,"983fd4ab":24,"eb4e95d8":19,"a2ce863d":25,"31d10da4":17,"473c28f4":24,"1ed079d4":23,"493d686d":20,"1a50c018":23,"5358a602":15,"e87d0018":23,"9b008599":22,"f8e0a12a":22,"8ce3ab41":22,"df69b5f3":24,"b90b441f":19,"e2eec70a":20,"e2d15b52":15,"f07fc4e1":21,"4acd2d3f":25,"01979e27":14,"d4e43a12":19,"a18d967d":20,"8a1eb5de":16,"e10100ef":19,"3e920bfc":20,"60b006e8":19,"b762c68f":20,"56119278":23,"f2659240":21,"dcf2ffc5":19,"bebafe22":19,"d65a27d0":24,"2c97df3d":22,"a1d73ea6":23,"26bb04e3":23,"df5c6f9d":16,"ac1dda6d":24,"a5a43702":17,"2ca9b628":19,"7e7608d9":25,"fe210bf1":11,"272bc778":28,"bfe2432b":22,"80cf2e96":22,"79d3e3d0":15,"8e504771":17,"dfec71ec":22,"ee416056":18,"fe0dca50":13,"7f0b8a15":23,"12c7b586":21,"040526e9":23,"e9aa7393":19,"5f3a3712":18,"c5f61d1c":25,"5e9fd2dd":18,"12bc5ee4":27,"52bb994c":23,"0d31899b":20,"8b3685b7":23,"31d10da4":18,"587efd08":12,"52f1c32f":26,"50b3232f":21,"5358a602":16,"8581d097":21,"97a19b1d":19,"97c1c469":24,"853442ba":26,"d97bbfda":22,"f8e0a12a":23,"9b008599":23,"e2eec70a":21,"b90b441f":20,"8ce3ab41":23,"8e51adec":23,"f7532540":15,"f07fc4e1":22,"4acd2d3f":26,"45f7b3c4":26,"d4e43a12":20,"56119278":24,"df5c6f9d":17,"d3b13b2b":16,"2c97df3d":23,"a2baceaa":21,"bebafe22":20,"26bc1999":24,"a1d73ea6":24,"671e2ce6":23,"f2659240":22,"0a4b3474":16,"a5a43702":18,"bfe2432b":23,"fe210bf1":12,"272bc778":29,"93bca3a7":21,"80cf2e96":23,"064348d0":22,"0c0f226c":21,"8e504771":18,"a18d967d":21
