20,1606319236002
0.60975605,1606319236105
1.2121211,1606319236208
0.60975605,1606319236311
0.60606056,1606319236415
0.6134969,1606319236518
0.60606056,1606319236622
0.6024096,1606319236725
0.60975605,1606319236828
0.6134969,1606319236931
1.7964072,1606319237034
0.60975605,1606319237138
0.60975605,1606319237241
0.60606056,1606319237344
0.60975605,1606319237447
0.60606056,1606319237550
0.60606056,1606319237654
1.2048192,1606319237757
0.60975605,1606319237860
0.60606056,1606319237963
0.60975605,1606319238066
0.60606056,1606319238170
0.60606056,1606319238273
0.60606056,1606319238376
0.6134969,1606319238479
0.6024096,1606319238583
0.60975605,1606319238686
4.819277,1606319238789
2.4242423,1606319238892
0.6134969,1606319238995
0.60975605,1606319239098
2.4096384,1606319239201
0.60606056,1606319239305
0.60606056,1606319239408
1.2048192,1606319239511
0.60975605,1606319239615
0.60606056,1606319239718
0.60975605,1606319239821
0.60606056,1606319239924
0.60975605,1606319240027
0.60606056,1606319240131
0.60606056,1606319240234
0.60606056,1606319240338
0.60606056,1606319240441
0.60606056,1606319240544
0.60606056,1606319240648
0.60975605,1606319240751
1.2121211,1606319240854
1.2121211,1606319240957
0.60606056,1606319241060
0.60606056,1606319241164
0.6024096,1606319241267
0.60606056,1606319241370
0.60975605,1606319241474
0.60606056,1606319241577
0.6024096,1606319241681
0.60606056,1606319241784
0.60606056,1606319241887
0.60975605,1606319241990
0.60606056,1606319242093
0.60975605,1606319242197
0.60975605,1606319242300
0.60975605,1606319242403
0.60975605,1606319242506
0.60606056,1606319242609
0.60606056,1606319242713
0.60975605,1606319242816
1.2121211,1606319242919
0.60975605,1606319243022
0.60606056,1606319243125
0.6024096,1606319243229
0.60975605,1606319243332
0.60606056,1606319243436
0.60975605,1606319243539
0.60606056,1606319243642
0.60606056,1606319243746
0.60606056,1606319243849
6.097561,1606319243952
9.090909,1606319244055
8.536586,1606319244159
4.268293,1606319244263
7.185629,1606319244368
9.411765,1606319244472
8.235294,1606319244577
6.586827,1606319244682
5.421687,1606319244785
1.2121211,1606319244888
0.6134969,1606319244991
0.60606056,1606319245094
0.60606056,1606319245197
0.60975605,1606319245301
1.2048192,1606319245404
1.2048192,1606319245508
0.60606056,1606319245611
1.2121211,1606319245714
0.60975605,1606319245817
0.60975605,1606319245920
0.60606056,1606319246024
0.60975605,1606319246127
0.6134969,1606319246230
1.2121211,1606319246334
1.2121211,1606319246437
0.60606056,1606319246541
0.60606056,1606319246644
0.60606056,1606319246747
6.666667,1606319246851
14.035088,1606319246954
6.748466,1606319247057
7.7380953,1606319247161
12.121212,1606319247264
8.024691,1606319247367
8.074533,1606319247470
6.790123,1606319247574
7.9268293,1606319247677
10.365853,1606319247780
9.375,1606319247884
9.876543,1606319247987
9.146341,1606319248090
7.228915,1606319248194
9.202455,1606319248297
8.125,1606319248401
9.523809,1606319248504
7.317073,1606319248608
9.036144,1606319248711
14.45783,1606319248814
9.876543,1606319248918
6.1728396,1606319249021
6.832298,1606319249124
10.059172,1606319249227
9.259259,1606319249331
8.024691,1606319249434
9.146341,1606319249537
10.179641,1606319249641
9.090909,1606319249745
7.317073,1606319249848
11.180124,1606319249951
9.756097,1606319250055
7.97546,1606319250158
7.7844315,1606319250261
13.017752,1606319250365
9.090909,1606319250468
10.778442,1606319250572
9.638554,1606319250675
4.402516,1606319250778
10.119048,1606319250881
13.253013,1606319250985
4.3209877,1606319251088
7.8313255,1606319251191
10.493827,1606319251294
6.832298,1606319251398
7.97546,1606319251501
7.317073,1606319251604
7.4074073,1606319251708
9.876543,1606319251811
9.146341,1606319251914
6.9182386,1606319252018
8.641975,1606319252121
5.555556,1606319252224
10.365853,1606319252327
7.4534163,1606319252431
8.695652,1606319252534
5.5214725,1606319252637
11.377245,1606319252741
9.259259,1606319252845
7.9268293,1606319252949
12.195122,1606319253052
8.536586,1606319253155
7.97546,1606319253259
6.790123,1606319253362
10.179641,1606319253466
14.285715,1606319253569
7.878788,1606319253672
8.125,1606319253775
7.97546,1606319253879
7.5000005,1606319253982
9.31677,1606319254085
8.074533,1606319254189
7.3619633,1606319254293
6.097561,1606319254396
9.090909,1606319254500
8.227848,1606319254603
9.756097,1606319254707
4.907975,1606319254812
8.024691,1606319254915
9.696969,1606319255018
10.559006,1606319255121
7.878788,1606319255225
7.4534163,1606319255328
4.347826,1606319255431
11.515152,1606319255535
5.555556,1606319255638
5.5214725,1606319255742
10.059172,1606319255846
6.875,1606319255949
7.5000005,1606319256053
6.7073174,1606319256157
9.523809,1606319256260
14.545454,1606319256363
6.666667,1606319256467
6.21118,1606319256570
8.433735,1606319256674
10.778442,1606319256778
8.695652,1606319256881
7.9268293,1606319256984
7.4534163,1606319257088
9.146341,1606319257191
14.45783,1606319257295
7.878788,1606319257398
7.272727,1606319257501
6.7073174,1606319257605
8.536586,1606319257708
9.146341,1606319257811
3.6144576,1606319257914
0.60975605,1606319258018
0.60606056,1606319258121
0.60606056,1606319258224
0.60975605,1606319258328
0.60606056,1606319258431
1.8072288,1606319258534
0.60975605,1606319258637
1.2121211,1606319258741
2.4390242,1606319258844
0.60606056,1606319258948
0.60606056,1606319259051
0.60606056,1606319259155
0.60606056,1606319259258
1.2121211,1606319259361
4.2424245,1606319259465
1.8404908,1606319259568
2.4390242,1606319259671
1.8404908,1606319259775
1.8518518,1606319259878
3.030303,1606319259981
3.0120482,1606319260085
3.0120482,1606319260189
3.0120482,1606319260292
3.6144576,1606319260395
1.242236,1606319260498
1.2195121,1606319260601
1.8292682,1606319260704
3.6585364,1606319260808
1.8518518,1606319260911
4.2424245,1606319261014
2.4390242,1606319261117
4.7904196,1606319261220
1.2195121,1606319261324
0.60606056,1606319261427
0.60975605,1606319261530
0.60975605,1606319261633
0.60975605,1606319261736
2.4096384,1606319261840
0.60975605,1606319261943
0.60606056,1606319262046
0.60975605,1606319262149
0.6134969,1606319262252
4.191617,1606319262356
0.60975605,1606319262459
1.2121211,1606319262562
0.60606056,1606319262665
0.60975605,1606319262768
1.8292682,1606319262872
0.60975605,1606319262975
0.60975605,1606319263078
0.60606056,1606319263182
0.60606056,1606319263285
2.4390242,1606319263388
3.0674846,1606319263492
1.8181818,1606319263595
2.4539876,1606319263698
3.030303,1606319263801
2.4242423,1606319263905
0.60975605,1606319264008
0.60606056,1606319264111
1.2269938,1606319264214
5.357143,1606319264317
1.2195121,1606319264420
1.8404908,1606319264523
1.8292682,1606319264627
1.2195121,1606319264730
3.7037036,1606319264833
0.6134969,1606319264936
3.5714288,1606319265040
3.6363635,1606319265143
1.8292682,1606319265246
1.8181818,1606319265349
3.030303,1606319265453
1.8404908,1606319265556
4.7904196,1606319265659
3.030303,1606319265763
4.7904196,1606319265866
1.8404908,1606319265969
3.0120482,1606319266072
3.6585364,1606319266176
1.8292682,1606319266279
2.4390242,1606319266382
1.2195121,1606319266486
2.4242423,1606319266589
4.2168674,1606319266692
3.030303,1606319266795
3.0674846,1606319266899
1.8404908,1606319267002
1.2121211,1606319267106
3.6363635,1606319267209
1.242236,1606319267312
3.0487804,1606319267415
2.4242423,1606319267518
3.0487804,1606319267621
1.2269938,1606319267725
3.030303,1606319267828
13.75,1606319267931
17.682926,1606319268034
2.4539876,1606319268138
4.8484845,1606319268241
1.2269938,1606319268344
2.4539876,1606319268447
3.6144576,1606319268550
1.8518518,1606319268653
1.2195121,1606319268756
6.790123,1606319268861
7.97546,1606319268965
8.588957,1606319269070
8.982037,1606319269174
12.804878,1606319269277
3.6363635,1606319269381
2.4390242,1606319269484
4.7904196,1606319269587
4.8484845,1606319269690
4.2424245,1606319269793
1.8292682,1606319269897
4.2168674,1606319270000
0.6134969,1606319270103
6.0240965,1606319270207
2.4242423,1606319270310
5.421687,1606319270413
5.4545455,1606319270516
1.8404908,1606319270619
3.6363635,1606319270722
4.8484845,1606319270825
0.6134969,1606319270929
4.2424245,1606319271032
9.146341,1606319271135
20.625,1606319271238
5.4545455,1606319271341
9.259259,1606319271444
5.4545455,1606319271547
16.875,1606319271650
1.8292682,1606319271753
2.4691358,1606319271856
3.0487804,1606319271959
1.242236,1606319272063
4.2424245,1606319272166
9.090909,1606319272269
16.26506,1606319272372
7.5471697,1606319272475
3.6585364,1606319272578
8.588957,1606319272681
5.555556,1606319272784
1.8518518,1606319272887
4.7619047,1606319272990
2.484472,1606319273094
4.819277,1606319273197
4.7904196,1606319273300
25.903616,1606319273405
23.493975,1606319273508
11.875,1606319273611
11.949685,1606319273714
11.042945,1606319273817
6.748466,1606319273920
12.025317,1606319274024
15.757576,1606319274127
13.095239,1606319274230
7.7380953,1606319274333
10.30303,1606319274436
11.585366,1606319274539
3.7267082,1606319274642
18.292683,1606319274745
5.590062,1606319274848
5.5214725,1606319274951
8.9743595,1606319275055
10.909091,1606319275158
13.333334,1606319275261
8.433735,1606319275364
13.772455,1606319275468
10.493827,1606319275571
16.981133,1606319275674
6.097561,1606319275777
16.666668,1606319275880
15.52795,1606319275983
4.968944,1606319276087
17.834394,1606319276191
10.714286,1606319276294
10.179641,1606319276397
18.75,1606319276500
11.515152,1606319276604
7.5949364,1606319276707
16.666668,1606319276810
6.1728396,1606319276913
17.307693,1606319277017
15.757576,1606319277120
15.000001,1606319277223
9.756097,1606319277326
17.901234,1606319277429
12.269938,1606319277532
12.578617,1606319277635
27.54491,1606319277738
6.060606,1606319277841
18.064516,1606319277944
13.855421,1606319278048
14.814815,1606319278152
18.012423,1606319278255
13.939394,1606319278358
17.964073,1606319278461
16.666668,1606319278564
12.101911,1606319278667
14.649682,1606319278771
19.277107,1606319278874
20.118343,1606319278977
14.197532,1606319279080
19.879519,1606319279184
25.301207,1606319279287
15.853659,1606319279390
14.285715,1606319279493
17.391304,1606319279596
19.135803,1606319279699
9.756097,1606319279802
16.770187,1606319279905
30.674849,1606319280009
15.060242,1606319280112
25.925926,1606319280216
10.493827,1606319280319
20.37037,1606319280422
21.341463,1606319280526
9.259259,1606319280629
19.018404,1606319280732
27.044025,1606319280835
13.6094675,1606319280938
28.57143,1606319281041
19.393938,1606319281147
22.012577,1606319281251
32.544376,1606319281354
15.662651,1606319281459
32.317074,1606319281563
28.57143,1606319281666
12.269938,1606319281769
33.136093,1606319281874
29.761904,1606319281978
11.25,1606319282082
28.742516,1606319282185
16.363636,1606319282290
26.666668,1606319282393
26.993864,1606319282497
24.260355,1606319282600
24.242424,1606319282704
36.046513,1606319282808
18.75,1606319282911
22.981367,1606319283014
22.64151,1606319283118
31.288343,1606319283222
29.012346,1606319283326
17.857143,1606319283431
42.261906,1606319283535
24.539877,1606319283638
9.036144,1606319283741
37.19512,1606319283845
35.08772,1606319283949
30.722893,1606319284053
33.125,1606319284156
20.125786,1606319284259
18.471338,1606319284363
29.55975,1606319284466
25.925926,1606319284571
33.532936,1606319284675
23.493975,1606319284780
26.54321,1606319284883
38.36478,1606319284986
15.95092,1606319285090
28.395063,1606319285194
49.382717,1606319285297
12.345679,1606319285401
28.22086,1606319285504
32.121212,1606319285609
33.939396,1606319285712
26.086956,1606319285816
22.64151,1606319285920
46.060608,1606319286024
33.540375,1606319286127
7.5000005,1606319286230
35.849056,1606319286334
43.292683,1606319286438
30.722893,1606319286541
30.674849,1606319286645
18.181818,1606319286748
40.243904,1606319286851
32.71605,1606319286955
17.575758,1606319287058
28.57143,1606319287162
32.51534,1606319287266
37.654324,1606319287369
37.10692,1606319287473
22.5,1606319287577
51.25,1606319287682
39.751553,1606319287787
25,1606319287890
49.375,1606319287993
46.913578,1606319288097
26.219511,1606319288200
49.09091,1606319288304
37.654324,1606319288408
41.463413,1606319288511
25.465837,1606319288615
23.030304,1606319288718
46.25,1606319288821
43.030304,1606319288926
31.875,1606319289031
30.909092,1606319289135
21.212122,1606319289239
47.79874,1606319289342
48.75,1606319289447
19.393938,1606319289552
40.60606,1606319289655
37.654324,1606319289759
55.555557,1606319289864
28.662418,1606319289968
20.359282,1606319290073
42.038216,1606319290177
39.520958,1606319290281
49.693253,1606319290385
35.58282,1606319290488
19.753086,1606319290592
41.104298,1606319290695
41.614906,1606319290800
35.11905,1606319290903
63.190186,1606319291006
26.82927,1606319291110
24.223602,1606319291213
28.301886,1606319291317
27.5,1606319291421
50.625004,1606319291525
48.88889,1606319291637
44.871796,1606319291740
44.512196,1606319291844
21.875,1606319291949
27.60736,1606319292052
43.47826,1606319292157
34.756096,1606319292261
67.07317,1606319292366
56.969696,1606319292469
29.012346,1606319292573
35.802467,1606319292676
31.09756,1606319292781
48.125,1606319292886
52.439022,1606319292989
64.197525,1606319293094
50,1606319293198
26.38037,1606319293301
29.936304,1606319293405
53.7037,1606319293509
39.759037,1606319293614
79.141106,1606319293719
46.38554,1606319293822
31.0559,1606319293926
33.75,1606319294029
42.07317,1606319294133
47.878788,1606319294236
58.682632,1606319294340
64.375,1606319294443
42.771084,1606319294547
22.222223,1606319294650
29.447853,1606319294753
37.19512,1606319294858
39.759037,1606319294962
59.876545,1606319295066
56.17284,1606319295171
47.272728,1606319295274
32.121212,1606319295378
28.91566,1606319295482
40.4908,1606319295585
48.125,1606319295689
55.487804,1606319295793
63.92405,1606319295896
31.90184,1606319296000
29.87805,1606319296103
30.246914,1606319296208
46.913578,1606319296311
55.151516,1606319296415
60.7362,1606319296519
53.205128,1606319296622
30.81761,1606319296726
28.04878,1606319296829
32.71605,1606319296933
46.625767,1606319297038
57.051285,1606319297143
65.644165,1606319297248
50.306747,1606319297351
30.57325,1606319297456
29.87805,1606319297559
38.271606,1606319297663
55.624996,1606319297767
60.606064,1606319297872
60.000004,1606319297976
35,1606319298080
27.878788,1606319298184
53.289474,1606319298288
43.373497,1606319298392
60.975613,1606319298497
57.317074,1606319298605
34.756096,1606319298709
34.16149,1606319298813
29.012346,1606319298916
50.31447,1606319299021
60.7362,1606319299126
62.345676,1606319299230
46.58385,1606319299334
29.192547,1606319299437
31.288343,1606319299541
42.857143,1606319299646
45.73171,1606319299750
73.78049,1606319299855
60.240967,1606319299960
34.93976,1606319300064
31.25,1606319300167
36.024845,1606319300271
49.079754,1606319300376
50,1606319300480
70.625,1606319300585
43.125,1606319300688
30.674849,1606319300792
29.113924,1606319300895
45.238094,1606319300999
50.306747,1606319301102
50,1606319301207
69.87952,1606319301312
40.476192,1606319301416
30.246914,1606319301519
28.125,1606319301623
45.962734,1606319301726
50,1606319301831
64.63415,1606319301936
49.7006,1606319302040
27.564102,1606319302145
28.04878,1606319302248
40.4908,1606319302353
46.951218,1606319302457
49.7006,1606319302562
68.07229,1606319302666
46.060608,1606319302770
32.71605,1606319302873
32.92683,1606319302977
51.219513,1606319303080
47.204967,1606319303185
64.417175,1606319303291
51.53374,1606319303394
29.192547,1606319303498
28.658537,1606319303601
40.123455,1606319303705
48.466255,1606319303810
59.411766,1606319303917
72.04969,1606319304022
37.037037,1606319304126
33.333336,1606319304230
31.48148,1606319304334
46.341465,1606319304438
46.625767,1606319304542
70.25317,1606319304647
48.502995,1606319304751
28.834354,1606319304855
29.62963,1606319304958
42.5,1606319305063
49.079754,1606319305166
48.148148,1606319305271
65.4321,1606319305375
35.185184,1606319305478
29.012346,1606319305582
32.142857,1606319305685
40,1606319305789
51.25,1606319305893
64.417175,1606319305998
56.09756,1606319306101
32.07547,1606319306205
27.439026,1606319306308
36.477985,1606319306412
48.17073,1606319306517
46.783627,1606319306621
77.77778,1606319306725
40.60606,1606319306828
31.0559,1606319306931
29.55975,1606319307035
39.622643,1606319307139
54.320984,1606319307242
51.829266,1606319307347
62.1118,1606319307450
36.80982,1606319307554
28.04878,1606319307657
28.301886,1606319307761
41.509434,1606319307866
56.626503,1606319307970
50.318474,1606319308074
39.873417,1606319308177
31.288343,1606319308280
33.95062,1606319308384
29.268291,1606319308487
29.374998,1606319308591
33.536587,1606319308694
55.279507,1606319308798
47.5,1606319308902
72.560974,1606319309007
45.91195,1606319309110
28.484848,1606319309214
30.864197,1606319309318
52.727272,1606319309421
53.65854,1606319309525
75,1606319309629
44.578316,1606319309732
33.95062,1606319309836
31.09756,1606319309940
52.499996,1606319310046
44.17178,1606319310150
52.76074,1606319310256
61.349697,1606319310359
37.575756,1606319310463
26.086956,1606319310566
34.756096,1606319310677
48.837208,1606319310781
46.341465,1606319310886
83.53658,1606319310991
42.944786,1606319311095
33.13253,1606319311199
26.82927,1606319311302
40.123455,1606319311407
53.65854,1606319311510
42.592594,1606319311615
68.51852,1606319311718
39.156628,1606319311822
25.786165,1606319311925
42.07317,1606319312029
48.447205,1606319312133
50.303032,1606319312237
66.25,1606319312342
32.335327,1606319312445
30.864197,1606319312549
34.969322,1606319312652
47.530865,1606319312757
34.355827,1606319312861
70.731705,1606319312965
48.75,1606319313069
30.864197,1606319313172
23.602484,1606319313275
53.98773,1606319313380
54.166668,1606319313484
63.125004,1606319313587
51.898735,1606319313692
26.993864,1606319313796
33.536587,1606319313899
50.31056,1606319314004
52.439022,1606319314108
74.375,1606319314212
47.530865,1606319314316
35.757576,1606319314420
30.864197,1606319314524
48.765434,1606319314627
63.975155,1606319314732
69.69697,1606319314837
43.396225,1606319314942
30.303032,1606319315045
24.84472,1606319315150
39.506172,1606319315254
47.5,1606319315357
35.625,1606319315461
73.75,1606319315565
53.892212,1606319315670
31.875,1606319315774
28.57143,1606319315877
32.51534,1606319315982
55.555557,1606319316086
51.53374,1606319316191
74.4186,1606319316296
41.358025,1606319316400
26.54321,1606319316503
45.398773,1606319316607
48.10127,1606319316712
57.575756,1606319316817
64.28571,1606319316920
32.919254,1606319317025
42.236023,1606319317130
37.19512,1606319317234
51.515152,1606319317339
55.21472,1606319317443
61.874996,1606319317548
40.718563,1606319317651
28.301886,1606319317755
33.544304,1606319317859
61.585365,1606319317964
38.554214,1606319318068
21.875,1606319318172
26.708075,1606319318276
24.698795,1606319318380
47.826088,1606319318485
93.93939,1606319318590
66.66667,1606319318694
32.92683,1606319318797
23.312883,1606319318901
26.060604,1606319319004
25,1606319319108
22.5,1606319319211
27.777779,1606319319315
23.602484,1606319319418
23.125,1606319319522
25.316456,1606319319625
24.242424,1606319319729
25.625,1606319319832
25.925926,1606319319936
20.253164,1606319320040
25.477707,1606319320143
23.89937,1606319320247
29.341316,1606319320351
30.06135,1606319320454
28.22086,1606319320558
53.333336,1606319320663
46.01227,1606319320768
73.652695,1606319320871
52.83019,1606319320975
31.288343,1606319321078
35,1606319321182
34.33735,1606319321285
52.76074,1606319321390
47.204967,1606319321494
72.89157,1606319321599
55.90062,1606319321704
33.333336,1606319321808
26.506025,1606319321911
30.864197,1606319322015
32.71605,1606319322119
49.68944,1606319322223
45.06173,1606319322328
75.86207,1606319322433
42.592594,1606319322537
26.249998,1606319322642
35.975613,1606319322747
30.674849,1606319322850
28.834354,1606319322953
45.73171,1606319323057
47.239265,1606319323161
47.826088,1606319323266
54.037266,1606319323370
32.298134,1606319323473
40,1606319323577
39.39394,1606319323681
49.06832,1606319323785
42.857143,1606319323890
69.32516,1606319323995
47.239265,1606319324099
29.746836,1606319324202
27.439026,1606319324305
43.82716,1606319324409
50.931675,1606319324512
53.939396,1606319324617
61.728394,1606319324722
29.62963,1606319324825
27.5,1606319324929
30.06135,1606319325032
44.242424,1606319325136
46.54088,1606319325239
73.17073,1606319325345
55.555557,1606319325449
37.349396,1606319325553
27.044025,1606319325658
51.53374,1606319325762
55.279507,1606319325866
55.555557,1606319325969
39.130436,1606319326073
34.756096,1606319326176
37.26708,1606319326280
34.131737,1606319326385
49.36709,1606319326489
46.01227,1606319326593
75.46012,1606319326697
48.765434,1606319326801
30.864197,1606319326904
24.539877,1606319327007
41.509434,1606319327111
50,1606319327214
55.688625,1606319327319
69.565216,1606319327423
35.58282,1606319327526
30.864197,1606319327630
28.75,1606319327733
47.204967,1606319327838
44.512196,1606319327942
79.28994,1606319328049
59.87261,1606319328152
32.098763,1606319328255
26.38037,1606319328359
36.024845,1606319328462
53.04878,1606319328566
51.829266,1606319328670
69.32516,1606319328774
44.09938,1606319328878
30.06135,1606319328982
26.875002,1606319329086
37.423313,1606319329189
47.826088,1606319329293
45.679012,1606319329397
55.90062,1606319329500
38.50932,1606319329604
26.249998,1606319329707
44.09938,1606319329811
42.682926,1606319329916
55.21472,1606319330021
50.2994,1606319330126
71.42857,1606319330229
43.030304,1606319330334
27.108435,1606319330438
28.658537,1606319330541
43.312103,1606319330645
48.780487,1606319330749
75.31645,1606319330866
61.452515,1606319330970
29.374998,1606319331073
30.434782,1606319331177
28.484848,1606319331280
52.173912,1606319331385
49.39759,1606319331488
74.69879,1606319331592
46.25,1606319331696
25.786165,1606319331799
23.780487,1606319331902
24.528303,1606319332006
26.993864,1606319332110
42.592594,1606319332215
48.75,1606319332319
37.349396,1606319332424
72.1519,1606319332529
44.848484,1606319332632
27.329191,1606319332736
30.625,1606319332839
39.751553,1606319332944
50.617283,1606319333047
50.574715,1606319333169
68.2353,1606319333274
40.60606,1606319333377
26.506025,1606319333481
27.044025,1606319333585
43.209877,1606319333689
53.41615,1606319333793
55.333336,1606319333898
61.676643,1606319334001
32.5,1606319334104
29.87805,1606319334208
37.423313,1606319334312
55.90062,1606319334415
50.63291,1606319334519
74.05064,1606319334624
46.913578,1606319334727
26.249998,1606319334831
28.742516,1606319334935
38.21656,1606319335040
50.617283,1606319335145
56.953644,1606319335249
73.21429,1606319335354
39.024387,1606319335457
31.0559,1606319335561
29.268291,1606319335664
53.08642,1606319335768
54.08805,1606319335873
72.04969,1606319335977
51.851852,1606319336081
34.615387,1606319336184
30.864197,1606319336289
38.271606,1606319336393
52.76074,1606319336496
50.92025,1606319336600
70.731705,1606319336704
39.240505,1606319336807
33.128834,1606319336910
40.880505,1606319337014
53.37423,1606319337119
60.000004,1606319337224
83.01887,1606319337327
44.09938,1606319337431
30.246914,1606319337534
27.777779,1606319337637
38.414635,1606319337741
48.407642,1606319337844
39.506172,1606319337956
76.78571,1606319338059
41.91617,1606319338163
28.22086,1606319338266
34.375,1606319338371
51.829266,1606319338476
31.0559,1606319338579
73.29193,1606319338683
50.931675,1606319338787
33.75796,1606319338890
28.395063,1606319338993
43.589745,1606319339097
44.17178,1606319339200
44.512196,1606319339304
68.711655,1606319339408
40.625,1606319339511
27.672955,1606319339615
29.192547,1606319339718
38.75,1606319339821
54.81928,1606319339925
56.707317,1606319340030
63.529415,1606319340133
35.185184,1606319340237
27.160492,1606319340340
36.25,1606319340443
44.09938,1606319340548
53.08642,1606319340652
72.67081,1606319340755
39.634148,1606319340858
27.5,1606319340962
27.60736,1606319341066
50.931675,1606319341171
51.219513,1606319341275
53.7037,1606319341379
40.37267,1606319341483
42.168674,1606319341586
29.87805,1606319341690
32.51534,1606319341794
26.219511,1606319341897
52.071007,1606319342002
44.785275,1606319342106
68.15287,1606319342210
50,1606319342315
32.727272,1606319342418
30.000002,1606319342522
39.130436,1606319342625
51.552795,1606319342729
56.707317,1606319342834
64.417175,1606319342937
39.024387,1606319343042
33.73494,1606319343146
29.012346,1606319343250
49.044586,1606319343355
53.125,1606319343459
60.000004,1606319343563
45.962734,1606319343668
29.87805,1606319343772
22.699387,1606319343875
25.786165,1606319343978
26.666668,1606319344081
31.09756,1606319344185
50.931675,1606319344289
40.880505,1606319344393
67.68293,1606319344497
62.345676,1606319344600
34.375,1606319344704
29.113924,1606319344807
41.317364,1606319344911
51.80723,1606319345015
63.31361,1606319345130
61.849712,1606319345234
37.26708,1606319345337
26.54321,1606319345441
32.92683,1606319345544
48.79518,1606319345649
43.47826,1606319345753
66.049385,1606319345857
62.345676,1606319345961
34.375,1606319346065
25.625,1606319346169
30.538923,1606319346273
36.746986,1606319346376
47.13376,1606319346479
40.243904,1606319346583
75.625,1606319346688
46.625767,1606319346791
30.487806,1606319346895
27.5,1606319346998
51.234566,1606319347103
55.487804,1606319347208
63.580246,1606319347313
56.707317,1606319347417
32.121212,1606319347521
28.834354,1606319347625
31.25,1606319347728
50.609756,1606319347833
53.98773,1606319347936
69.1358,1606319348040
40.76433,1606319348143
26.114649,1606319348246
29.447853,1606319348350
45.73171,1606319348453
52.531647,1606319348558
57.575756,1606319348662
53.125,1606319348767
34.969322,1606319348871
29.51807,1606319348974
37.26708,1606319349079
46.54088,1606319349183
42.331287,1606319349287
71.34146,1606319349391
49.101795,1606319349495
33.540375,1606319349599
29.012346,1606319349702
49.68944,1606319349807
50.306747,1606319349910
74.39024,1606319350014
50,1606319350118
33.95062,1606319350221
28.742516,1606319350325
38.88889,1606319350428
51.234566,1606319350533
43.75,1606319350638
73.006134,1606319350743
45.454548,1606319350846
31.325302,1606319350950
26.54321,1606319351053
38.99371,1606319351158
52.14724,1606319351262
51.53374,1606319351368
67.08075,1606319351471
41.21212,1606319351575
29.51807,1606319351679
32.335327,1606319351783
45.962734,1606319351888
47.85276,1606319351992
63.190186,1606319352101
59.638554,1606319352204
40,1606319352308
26.086956,1606319352411
30.625,1606319352515
50.31056,1606319352618
44.09938,1606319352723
63.030304,1606319352829
56.790127,1606319352933
32.098763,1606319353036
29.813665,1606319353140
27.878788,1606319353244
46.710526,1606319353349
53.571426,1606319353453
59.006214,1606319353557
39.622643,1606319353660
29.268291,1606319353764
40.625,1606319353867
55,1606319353971
56.790127,1606319354075
63.291138,1606319354178
49.7006,1606319354282
26.875002,1606319354385
28.834354,1606319354489
41.614906,1606319354593
56.09756,1606319354697
32.51534,1606319354801
24.375,1606319354904
26.249998,1606319355008
26.219511,1606319355111
62.5,1606319355216
93.29269,1606319355321
67.07317,1606319355424
27.215189,1606319355527
25.925926,1606319355631
26.086956,1606319355734
28.57143,1606319355838
26.086956,1606319355941
27.95031,1606319356045
28.04878,1606319356149
23.076923,1606319356252
29.374998,1606319356356
25,1606319356459
26.993864,1606319356563
26.993864,1606319356666
26.993864,1606319356770
27.329191,1606319356873
26.82927,1606319356977
32.919254,1606319357080
32.5,1606319357184
43.55828,1606319357287
58.282207,1606319357391
58.125,1606319357495
70.80745,1606319357600
52.14724,1606319357704
34.11765,1606319357809
32.919254,1606319357912
52.727272,1606319358017
50,1606319358121
53.939396,1606319358224
71.951225,1606319358328
46.20253,1606319358431
33.125,1606319358534
32.5,1606319358638
53.08642,1606319358742
54.81928,1606319358846
64.84848,1606319358950
56.626503,1606319359055
31.67702,1606319359158
31.48148,1606319359261
31.44654,1606319359365
49.36709,1606319359468
53.65854,1606319359571
58.064514,1606319359676
65.29411,1606319359781
40,1606319359884
29.374998,1606319359987
26.875002,1606319360091
44.936707,1606319360196
50.588238,1606319360299
67.68293,1606319360406
53.04878,1606319360509
34.355827,1606319360613
28.22086,1606319360717
39.2638,1606319360822
41.104298,1606319360927
46.01227,1606319361030
46.951218,1606319361134
67.90124,1606319361239
38.414635,1606319361343
31.90184,1606319361447
28.395063,1606319361551
50.625004,1606319361656
50,1606319361763
77.01864,1606319361868
50.303032,1606319361973
30.120483,1606319362077
23.27044,1606319362181
44.17178,1606319362286
53.939396,1606319362389
63.125004,1606319362494
62.658226,1606319362599
37.349396,1606319362702
29.813665,1606319362805
25.949368,1606319362909
44.3038,1606319363012
48.447205,1606319363116
59.006214,1606319363220
66.459625,1606319363324
38.75,1606319363427
26.249998,1606319363531
31.90184,1606319363635
48.79518,1606319363739
50.303032,1606319363844
75,1606319363949
48.780487,1606319364053
33.742332,1606319364158
28.834354,1606319364261
42.767296,1606319364365
53.01205,1606319364469
50.92025,1606319364573
62.27545,1606319364681
40.243904,1606319364784
30.909092,1606319364888
30.06135,1606319364991
36.774193,1606319365095
53.41615,1606319365198
43.030304,1606319365303
65.644165,1606319365407
53.65854,1606319365511
31.90184,1606319365615
27.777779,1606319365718
49.685535,1606319365822
51.829266,1606319365927
79.041916,1606319366030
50.92025,1606319366135
47.272728,1606319366239
32.51534,1606319366342
41.25,1606319366446
51.515152,1606319366549
65.03068,1606319366654
62.26415,1606319366758
39.2638,1606319366862
28.658537,1606319366965
40.123455,1606319367070
46.98795,1606319367174
47.204967,1606319367277
70.80745,1606319367382
41.463413,1606319367486
29.696972,1606319367591
30.625,1606319367695
43.209877,1606319367799
55.08982,1606319367902
69.75309,1606319368009
56.969696,1606319368112
35.625,1606319368215
26.708075,1606319368319
41.21212,1606319368423
50.63291,1606319368528
50.595238,1606319368636
72.45509,1606319368740
39.506172,1606319368843
29.55975,1606319368947
35.32934,1606319369050
45.73171,1606319369155
54.037266,1606319369258
52.095806,1606319369363
72.45509,1606319369466
50,1606319369570
32.335327,1606319369673
31.288343,1606319369777
48.79518,1606319369882
47.79874,1606319369986
52.20126,1606319370091
63.636364,1606319370195
41.566265,1606319370300
35.32934,1606319370404
26.875002,1606319370507
51.552795,1606319370612
50,1606319370716
77.77778,1606319370821
56.287426,1606319370925
29.87805,1606319371028
30.246914,1606319371133
45,1606319371237
50.31056,1606319371341
72.04969,1606319371446
50.92025,1606319371550
39.8773,1606319371653
28.930819,1606319371757
43.47826,1606319371862
52.694614,1606319371966
58.787876,1606319372071
65.18987,1606319372174
40.37267,1606319372278
28.04878,1606319372381
29.012346,1606319372485
43.82716,1606319372589
51.851852,1606319372692
60.75949,1606319372797
58.536583,1606319372901
37.341774,1606319373005
30.246914,1606319373109
42.771084,1606319373213
52.439022,1606319373316
50,1606319373428
71.590904,1606319373533
37.654324,1606319373637
30.303032,1606319373741
39.285713,1606319373847
49.06832,1606319373951
46.951218,1606319374054
78.395065,1606319374159
47.023808,1606319374263
28.930819,1606319374366
30.909092,1606319374469
37.73585,1606319374574
49.39759,1606319374678
48.765434,1606319374782
72.04969,1606319374886
51.19048,1606319374990
31.325302,1606319375093
27.5,1606319375197
43.75,1606319375301
50.602413,1606319375404
70.55215,1606319375509
51.851852,1606319375612
32.727272,1606319375716
30.625,1606319375820
36.875,1606319375923
51.234566,1606319376027
46.01227,1606319376132
68.125,1606319376236
49.101795,1606319376340
30.674849,1606319376444
30.000002,1606319376549
46.951218,1606319376653
51.829266,1606319376757
59.14634,1606319376865
58.57988,1606319376969
38.271606,1606319377073
28.75,1606319377177
31.90184,1606319377281
50,1606319377385
51.898735,1606319377488
66.87117,1606319377592
46.20253,1606319377696
30.188679,1606319377799
36.477985,1606319377903
53.939396,1606319378007
55.555557,1606319378112
65.83851,1606319378215
35.185184,1606319378318
31.25,1606319378422
31.288343,1606319378525
53.797466,1606319378630
53.37423,1606319378733
70.987656,1606319378837
47.5,1606319378941
33.95062,1606319379045
25,1606319379148
46.341465,1606319379252
51.219513,1606319379356
62.89308,1606319379461
63.125004,1606319379564
34.545456,1606319379669
31.875,1606319379773
37.80488,1606319379878
59.006214,1606319379982
57.763977,1606319380086
70.25317,1606319380190
41.25,1606319380293
30.722893,1606319380397
29.268291,1606319380500
52.727272,1606319380605
49.079754,1606319380708
73.91304,1606319380812
60.000004,1606319380916
33.333336,1606319381019
30.769232,1606319381122
27.95031,1606319381227
47.435898,1606319381330
54.87805,1606319381434
63.414635,1606319381539
67.08075,1606319381644
35.975613,1606319381747
30.487806,1606319381852
34.5679,1606319381956
55.95238,1606319382060
54.487183,1606319382163
73.125,1606319382268
44.242424,1606319382371
32.298134,1606319382475
28.75,1606319382578
52.499996,1606319382683
57.48503,1606319382787
66.25,1606319382891
46.01227,1606319382994
25,1606319383098
30.538923,1606319383201
36.305733,1606319383306
49.390244,1606319383409
45.679012,1606319383513
70.625,1606319383616
46.54088,1606319383720
28.395063,1606319383823
28.301886,1606319383928
41.13924,1606319384031
52.12121,1606319384136
49.696968,1606319384240
69.18239,1606319384345
40.4908,1606319384449
27.777779,1606319384552
32.93413,1606319384657
45.22293,1606319384762
49.685535,1606319384866
53.04878,1606319384972
64.197525,1606319385075
42.771084,1606319385179
29.374998,1606319385284
39.634148,1606319385388
49.390244,1606319385493
59.14634,1606319385598
66.66667,1606319385702
41.614906,1606319385805
27.95031,1606319385908
29.012346,1606319386012
41.772152,1606319386116
54.320984,1606319386220
55.82822,1606319386325
73.78049,1606319386430
41.81818,1606319386533
26.993864,1606319386637
31.48148,1606319386740
30.379745,1606319386845
53.333336,1606319386949
56.363636,1606319387053
69.18239,1606319387156
45.454548,1606319387259
26.114649,1606319387363
29.374998,1606319387467
53.29341,1606319387571
53.08642,1606319387674
67.484665,1606319387778
52.409637,1606319387881
32.051285,1606319387985
30.909092,1606319388088
40.243904,1606319388192
62.33766,1606319388297
55.151516,1606319388400
71.51515,1606319388504
47.7707,1606319388607
30.538923,1606319388711
34.375,1606319388814
41.104298,1606319388918
50.31447,1606319389021
53.45912,1606319389126
70.18633,1606319389230
47.530865,1606319389334
29.192547,1606319389437
28.025478,1606319389541
47.928993,1606319389646
55.487804,1606319389751
66.459625,1606319389855
58.536583,1606319389960
35.151516,1606319390063
32.71605,1606319390167
37.575756,1606319390272
48.75,1606319390375
29.192547,1606319390479
23.125,1606319390582
26.219511,1606319390687
49.693253,1606319390792
72.61904,1606319390897
75,1606319391002
43.292683,1606319391105
24.691359,1606319391209
26.38037,1606319391313
26.666668,1606319391416
26.54321,1606319391520
27.439026,1606319391624
21.383648,1606319391727
25.625,1606319391831
25.625,1606319391934
26.875002,1606319392038
26.415094,1606319392141
22.981367,1606319392245
29.268291,1606319392350
26.086956,1606319392453
27.329191,1606319392559
43.11377,1606319392663
28.395063,1606319392767
30.434782,1606319392871
46.25,1606319392974
48.447205,1606319393079
69.27711,1606319393183
68.15287,1606319393287
42.405064,1606319393391
30.379745,1606319393494
28.930819,1606319393598
56.626503,1606319393703
42.331287,1606319393806
73.75,1606319393911
65.03068,1606319394016
35.58282,1606319394120
31.09756,1606319394224
30.487806,1606319394328
44.871796,1606319394432
52.727272,1606319394536
44.09938,1606319394640
75.7764,1606319394745
44.025154,1606319394849
30.379745,1606319394953
30.487806,1606319395058
46.875,1606319395162
47.5,1606319395266
60.000004,1606319395373
60.126583,1606319395477
35.365852,1606319395581
31.09756,1606319395686
28.04878,1606319395789
47.13376,1606319395893
49.68944,1606319395997
74.23312,1606319396101
54.87805,1606319396205
32.098763,1606319396308
27.777779,1606319396412
35,1606319396516
51.829266,1606319396621
39.024387,1606319396725
67.28395,1606319396830
66.06061,1606319396934
37.19512,1606319397038
25,1606319397142
32.71605,1606319397246
41.25,1606319397350
54.320984,1606319397454
41.614906,1606319397559
75.92593,1606319397663
52.095806,1606319397766
28.57143,1606319397870
25.949368,1606319397974
33.95062,1606319398078
55.21472,1606319398182
47.530865,1606319398286
72.67081,1606319398391
49.375,1606319398494
30.864197,1606319398599
31.515152,1606319398703
40.99379,1606319398806
54.08805,1606319398910
44.720497,1606319399014
70.987656,1606319399119
50,1606319399223
30.000002,1606319399326
32.51534,1606319399429
40.99379,1606319399534
54.93827,1606319399637
47.468357,1606319399741
62.04819,1606319399846
52.727272,1606319399949
34.177216,1606319400053
33.13253,1606319400156
47.272728,1606319400260
52.439022,1606319400363
46.451614,1606319400467
70.51282,1606319400571
46.951218,1606319400676
31.25,1606319400780
27.215189,1606319400884
45.78313,1606319400988
47.826088,1606319401092
56.707317,1606319401196
61.63522,1606319401300
49.375,1606319401404
38.82353,1606319401508
28.75,1606319401612
39.751553,1606319401716
53.125,1606319401820
41.25,1606319401925
68.711655,1606319402033
54.651165,1606319402136
30.81761,1606319402240
30.379745,1606319402343
36.80982,1606319402449
54.166668,1606319402552
45.12195,1606319402656
73.29193,1606319402761
50.617283,1606319402864
31.515152,1606319402968
31.515152,1606319403071
38.311687,1606319403175
50.931675,1606319403279
54.320984,1606319403384
68.6747,1606319403487
37.037037,1606319403591
29.374998,1606319403694
37.80488,1606319403798
50.92025,1606319403903
50,1606319404007
77.77778,1606319404111
49.06832,1606319404215
29.374998,1606319404319
31.288343,1606319404422
46.01227,1606319404526
51.80723,1606319404629
59.006214,1606319404734
64.81481,1606319404838
36.19632,1606319404942
26.249998,1606319405045
31.48148,1606319405149
42.682926,1606319405253
54.268295,1606319405356
41.666664,1606319405461
73.21429,1606319405565
52.439022,1606319405669
31.90184,1606319405772
30.188679,1606319405876
46.38554,1606319405981
49.68944,1606319406085
55.34591,1606319406189
67.68293,1606319406293
36.875,1606319406396
31.515152,1606319406499
30.967743,1606319406603
50.31447,1606319406706
40.880505,1606319406810
74.09639,1606319406914
57.317074,1606319407019
35.151516,1606319407122
32.5,1606319407226
30.246914,1606319407331
50.31056,1606319407434
46.25,1606319407538
68.63905,1606319407644
51.875,1606319407748
33.75,1606319407851
30.06135,1606319407955
48.75,1606319408058
52.499996,1606319408163
77.77778,1606319408272
63.855423,1606319408376
32.71605,1606319408481
30.864197,1606319408585
39.759037,1606319408690
55.90062,1606319408794
50.63291,1606319408899
74.53416,1606319409002
48.148148,1606319409106
34.355827,1606319409209
32.51534,1606319409314
45.73171,1606319409418
51.219513,1606319409523
53.98773,1606319409628
66.26506,1606319409731
38.271606,1606319409835
34.545456,1606319409938
31.0559,1606319410042
46.710526,1606319410146
44.025154,1606319410249
60.000004,1606319410355
62.345676,1606319410458
36.419754,1606319410562
31.90184,1606319410665
36.19632,1606319410771
51.898735,1606319410874
44.444447,1606319410979
75.30121,1606319411084
53.614456,1606319411187
30.81761,1606319411291
28.301886,1606319411395
34.177216,1606319411499
51.875,1606319411603
46.875,1606319411706
74.68355,1606319411811
52.409637,1606319411914
30.246914,1606319412017
32.71605,1606319412121
44.09938,1606319412224
56.886227,1606319412328
59.1195,1606319412433
62.424244,1606319412538
35.185184,1606319412641
27.777779,1606319412745
29.192547,1606319412848
43.373497,1606319412952
49.67742,1606319413055
52.20126,1606319413160
68.09816,1606319413263
38.271606,1606319413367
29.62963,1606319413471
30.379745,1606319413576
56.725143,1606319413680
54.037266,1606319413785
74.53416,1606319413889
44.65409,1606319413992
31.48148,1606319414096
30.625,1606319414200
40,1606319414305
57.396446,1606319414409
55.29412,1606319414517
71.51515,1606319414620
40.99379,1606319414724
29.113924,1606319414827
38.88889,1606319414931
55.555557,1606319415036
53.29341,1606319415139
68.125,1606319415243
58.86076,1606319415347
37.579617,1606319415450
25.925926,1606319415554
47.826088,1606319415659
53.98773,1606319415762
56.329113,1606319415867
70.55215,1606319415970
39.240505,1606319416074
28.125,1606319416178
31.288343,1606319416281
44.65409,1606319416385
56.493507,1606319416488
63.414635,1606319416593
68.32298,1606319416698
42.5,1606319416802
27.329191,1606319416906
37.037037,1606319417009
49.696968,1606319417114
57.40741,1606319417218
72.83951,1606319417322
40,1606319417425
29.87805,1606319417529
30.674849,1606319417633
54.375,1606319417737
51.20482,1606319417841
70.65868,1606319417945
62.576687,1606319418049
34.375,1606319418152
30.864197,1606319418256
37.10692,1606319418360
51.744186,1606319418464
44.09938,1606319418569
73.45679,1606319418674
50.31056,1606319418777
33.128834,1606319418881
29.51807,1606319418984
39.506172,1606319419088
53.750004,1606319419191
39.506172,1606319419295
74.84663,1606319419399
46.70659,1606319419503
30.000002,1606319419607
30.909092,1606319419710
38.650307,1606319419814
55.757576,1606319419918
52.173912,1606319420022
67.5,1606319420127
44.242424,1606319420231
29.192547,1606319420334
42.405064,1606319420439
57.48503,1606319420542
50.90909,1606319420645
74.23312,1606319420749
48.765434,1606319420854
32.919254,1606319420958
28.834354,1606319421062
46.060608,1606319421165
52.83019,1606319421269
57.317074,1606319421373
67.701866,1606319421477
40.74074,1606319421580
27.329191,1606319421683
31.48148,1606319421787
28.395063,1606319421891
51.25,1606319421994
46.58385,1606319422098
68.9441,1606319422203
61.00629,1606319422307
36.969696,1606319422412
30.909092,1606319422516
32.484074,1606319422619
50.92025,1606319422724
50.29586,1606319422829
69.82249,1606319422933
46.01227,1606319423037
34.810127,1606319423141
34.810127,1606319423245
33.333336,1606319423349
29.62963,1606319423453
29.012346,1606319423556
54.320984,1606319423661
50.617283,1606319423765
75.60976,1606319423870
56.44172,1606319423973
31.0559,1606319424077
34.545456,1606319424180
34.756096,1606319424284
51.592358,1606319424388
62.721897,1606319424493
69.461075,1606319424597
46.25,1606319424701
29.113924,1606319424804
29.012346,1606319424907
41.666664,1606319425012
56.626503,1606319425117
52.258064,1606319425221
73.006134,1606319425325
42.07317,1606319425430
28.75,1606319425533
30.722893,1606319425637
32.317074,1606319425742
53.7037,1606319425846
52.173912,1606319425950
64.375,1606319426054
45.679012,1606319426158
29.62963,1606319426261
32.92683,1606319426365
39.751553,1606319426472
55.688625,1606319426577
42.07317,1606319426681
66.25,1606319426785
60.606064,1606319426889
37.8882,1606319426993
28.57143,1606319427096
44.09938,1606319427200
54.83871,1606319427304
37.419353,1606319427407
26.249998,1606319427511
22.560974,1606319427614
28.662418,1606319427717
66.87117,1606319427823
85.802475,1606319427928
63.855423,1606319428031
23.75,1606319428135
26.54321,1606319428239
26.086956,1606319428343
22.981367,1606319428446
28.930819,1606319428549
22.981367,1606319428653
28.22086,1606319428756
25.925926,1606319428859
20.64516,1606319428963
28.125,1606319429066
27.60736,1606319429170
28.395063,1606319429273
26.282051,1606319429377
22.839506,1606319429480
32.92683,1606319429584
31.288343,1606319429688
36.80982,1606319429791
55.555557,1606319429896
45.398773,1606319430000
75,1606319430105
50.602413,1606319430209
29.62963,1606319430313
39.506172,1606319430417
45.625,1606319430522
52.469135,1606319430625
60.000004,1606319430737
65.83851,1606319430842
43.55828,1606319430946
29.813665,1606319431049
32.098763,1606319431153
57.14286,1606319431257
48.484848,1606319431361
71.42857,1606319431466
53.41615,1606319431570
30.81761,1606319431674
33.125,1606319431779
37.8882,1606319431883
51.592358,1606319431987
45.398773,1606319432090
75.15151,1606319432194
52.76074,1606319432298
30.000002,1606319432401
28.930819,1606319432504
56.790127,1606319432608
52.439022,1606319432712
56.41026,1606319432817
66.86391,1606319432921
41.463413,1606319433026
34.355827,1606319433131
28.484848,1606319433236
51.219513,1606319433339
51.219513,1606319433444
66.66667,1606319433549
66.87117,1606319433652
38.50932,1606319433756
29.746836,1606319433859
45.679012,1606319433964
55.35714,1606319434069
65.21739,1606319434173
65.83851,1606319434277
34.394905,1606319434381
35.714287,1606319434485
33.939396,1606319434589
53.939396,1606319434694
54.658382,1606319434797
56.969696,1606319434903
40.60606,1606319435006
32.098763,1606319435110
43.373497,1606319435215
55.688625,1606319435319
52.469135,1606319435423
57.575756,1606319435528
71.779144,1606319435631
43.55828,1606319435736
32.51534,1606319435839
28.658537,1606319435943
44.720497,1606319436047
55,1606319436150
59.5092,1606319436256
67.27273,1606319436361
36.024845,1606319436464
29.192547,1606319436568
33.75,1606319436671
46.666668,1606319436776
47.826088,1606319436880
47.5,1606319436984
67.2956,1606319437088
49.079754,1606319437192
27.160492,1606319437295
28.125,1606319437398
34.782608,1606319437502
55,1606319437606
42.682926,1606319437710
75.92593,1606319437814
45.73171,1606319437918
29.374998,1606319438021
30.120483,1606319438125
39.8773,1606319438229
53.65854,1606319438333
50.602413,1606319438437
75.7764,1606319438541
48.780487,1606319438645
29.192547,1606319438748
32.92683,1606319438852
39.375,1606319438956
59.880238,1606319439060
54.93827,1606319439165
61.392403,1606319439268
41.717793,1606319439372
26.249998,1606319439475
35.403725,1606319439579
51.53374,1606319439683
47.239265,1606319439787
77.5,1606319439890
48.447205,1606319439994
33.742332,1606319440098
30.188679,1606319440201
45.454548,1606319440305
56.790127,1606319440409
62.27545,1606319440515
61.585365,1606319440619
38.650307,1606319440722
28.57143,1606319440826
33.95062,1606319440931
52.79503,1606319441035
49.06832,1606319441140
66.25,1606319441245
55.95238,1606319441349
32.911392,1606319441453
32.51534,1606319441556
24.223602,1606319441660
39.130436,1606319441764
47.7707,1606319441868
47.239265,1606319441972
77.38096,1606319442077
48.447205,1606319442182
33.540375,1606319442285
30.246914,1606319442388
39.751553,1606319442492
52.564102,1606319442595
42.07317,1606319442699
73.93939,1606319442803
50,1606319442906
29.012346,1606319443010
33.540375,1606319443113
33.333336,1606319443217
52.499996,1606319443320
46.296295,1606319443424
70.80745,1606319443528
52.79503,1606319443632
28.91566,1606319443735
31.875,1606319443839
32.298134,1606319443942
49.09091,1606319444047
45.962734,1606319444151
58.59873,1606319444255
69.375,1606319444361
44.04762,1606319444464
28.22086,1606319444568
29.55975,1606319444671
42.767296,1606319444775
52.469135,1606319444878
49.685535,1606319444983
74.251495,1606319445089
51.515152,1606319445193
30.000002,1606319445296
30.246914,1606319445400
46.666668,1606319445503
55.414017,1606319445607
46.70659,1606319445712
78.88199,1606319445815
45.962734,1606319445919
30.246914,1606319446022
30.188679,1606319446126
38.271606,1606319446230
58.49057,1606319446334
48.427673,1606319446439
61.00629,1606319446543
56.875004,1606319446646
33.75,1606319446750
35,1606319446853
29.62963,1606319446956
45.679012,1606319447061
51.234566,1606319447165
66.66667,1606319447270
58.125,1606319447374
40.853657,1606319447478
29.813665,1606319447581
41.614906,1606319447686
51.552795,1606319447789
46.58385,1606319447894
68.63905,1606319447998
42.5,1606319448102
36.585365,1606319448205
30.434782,1606319448309
34.177216,1606319448414
51.515152,1606319448518
52.439022,1606319448622
60.1227,1606319448726
43.90244,1606319448830
29.62963,1606319448934
44.09938,1606319449038
28.57143,1606319449141
33.536587,1606319449245
47.79874,1606319449350
42.682926,1606319449455
31.0559,1606319449558
47.204967,1606319449663
70.440254,1606319449767
88.414635,1606319449871
48.780487,1606319449976
29.299364,1606319450080
28.313251,1606319450184
28.313251,1606319450289
28.75,1606319450393
26.38037,1606319450497
27.329191,1606319450600
28.125,1606319450704
27.741936,1606319450807
31.48148,1606319450911
31.0559,1606319451016
53.614456,1606319451119
59.876545,1606319451224
46.01227,1606319451328
77.30061,1606319451432
49.36709,1606319451535
31.09756,1606319451639
31.645569,1606319451742
43.90244,1606319451848
54.320984,1606319451951
59.880238,1606319452055
70.18633,1606319452158
42.771084,1606319452262
31.875,1606319452365
34.355827,1606319452469
51.552795,1606319452573
45.962734,1606319452677
56.287426,1606319452781
69.461075,1606319452885
46.58385,1606319452988
27.215189,1606319453092
31.25,1606319453195
41.875,1606319453300
53.939396,1606319453403
58.08383,1606319453518
63.25301,1606319453622
38.88889,1606319453725
29.813665,1606319453829
33.540375,1606319453932
51.851852,1606319454036
46.913578,1606319454140
52.866245,1606319454244
74.69135,1606319454347
44.09938,1606319454451
39.130436,1606319454554
38.036808,1606319454658
58.57988,1606319454763
46.242775,1606319454873
67.701866,1606319454977
59.876545,1606319455081
33.333336,1606319455184
30.434782,1606319455287
47.5,1606319455391
54.81928,1606319455494
63.473053,1606319455601
65.38461,1606319455704
39.506172,1606319455808
30.434782,1606319455912
35.32934,1606319456016
46.794872,1606319456120
50.92025,1606319456223
48.427673,1606319456332
84.79532,1606319456435
47.878788,1606319456539
30.000002,1606319456642
32.71605,1606319456746
35.66879,1606319456851
60.000004,1606319456955
41.463413,1606319457060
71.85629,1606319457164
54.140125,1606319457268
31.21019,1606319457371
32.298134,1606319457474
33.128834,1606319457578
56.09756,1606319457681
52.095806,1606319457785
75.15528,1606319457888
56.875004,1606319457992
30.434782,1606319458095
31.67702,1606319458199
29.55975,1606319458302
52.14724,1606319458406
56.024097,1606319458510
69.75309,1606319458615
64.63415,1606319458719
36.875,1606319458824
29.813665,1606319458927
33.766235,1606319459031
47.560974,1606319459135
42.07317,1606319459239
63.636364,1606319459343
68.29269,1606319459448
43.45238,1606319459551
30.246914,1606319459655
32.51534,1606319459758
41.717793,1606319459862
58.282207,1606319459966
45.882355,1606319460075
73.45679,1606319460180
51.829266,1606319460283
32.919254,1606319460387
29.55975,1606319460490
54.601227,1606319460595
56.363636,1606319460699
59.49367,1606319460804
72.560974,1606319460909
44.186047,1606319461012
30.81761,1606319461116
33.939396,1606319461220
49.06832,1606319461325
50,1606319461428
56.804733,1606319461537
72.72727,1606319461642
41.81818,1606319461746
32.07547,1606319461849
34.146343,1606319461953
56.60377,1606319462058
48.79518,1606319462162
62.874252,1606319462274
61.79775,1606319462378
36.144577,1606319462482
29.87805,1606319462586
34.355827,1606319462691
42.138367,1606319462795
52.79503,1606319462898
56.707317,1606319463003
68.63905,1606319463107
42.138367,1606319463210
32.92683,1606319463315
32.098763,1606319463419
43.90244,1606319463524
50.898205,1606319463628
47.09302,1606319463733
73.78049,1606319463838
46.296295,1606319463942
31.09756,1606319464045
30.674849,1606319464149
38.036808,1606319464252
51.923077,1606319464357
57.228916,1606319464461
80.606064,1606319464569
70.65868,1606319464674
36.942677,1606319464778
31.67702,1606319464881
36.645966,1606319464986
52.79503,1606319465090
43.292683,1606319465195
73.61964,1606319465300
58.333332,1606319465403
32.27848,1606319465508
36.526947,1606319465613
46.783627,1606319465721
52.79503,1606319465825
30.909092,1606319465929
31.90184,1606319466033
26.993864,1606319466136
45.73171,1606319466241
79.411766,1606319466349
89.50617,1606319466453
53.01205,1606319466557
25.308641,1606319466660
26.086956,1606319466764
27.878788,1606319466867
25,1606319466971
27.044025,1606319467074
29.5858,1606319467178
24.375,1606319467281
26.875002,1606319467385
26.415094,1606319467488
26.708075,1606319467593
28.04878,1606319467697
25.301207,1606319467800
29.090908,1606319467904
24.528303,1606319468007
32.298134,1606319468111
35.542168,1606319468215
29.374998,1606319468318
50.2994,1606319468423
50.92025,1606319468526
59.006214,1606319468632
71.257484,1606319468736
41.25,1606319468841
33.939396,1606319468945
34.5679,1606319469050
49.68944,1606319469155
52.79503,1606319469258
65,1606319469362
64.55696,1606319469467
39.634148,1606319469570
30.246914,1606319469674
35.625,1606319469778
58.024693,1606319469883
52.20126,1606319469988
79.7619,1606319470092
55.279507,1606319470196
35.403725,1606319470300
31.0559,1606319470403
33.540375,1606319470507
56.17284,1606319470611
46.01227,1606319470715
60.96257,1606319470831
63.030304,1606319470936
38.650307,1606319471039
30.487806,1606319471143
27.95031,1606319471246
34.545456,1606319471350
55.21472,1606319471454
50.617283,1606319471557
62.732918,1606319471662
72.22222,1606319471765
45.28302,1606319471869
33.962265,1606319471972
31.847134,1606319472075
53.45912,1606319472179
49.693253,1606319472282
78.26087,1606319472387
59.281437,1606319472491
28.658537,1606319472596
31.707317,1606319472699
33.128834,1606319472803
56.626503,1606319472907
48.447205,1606319473011
48.466255,1606319473115
70.625,1606319473221
46.153847,1606319473325
30.434782,1606319473428
34.146343,1606319473532
36.53846,1606319473635
57.2327,1606319473739
42.592594,1606319473842
75.15151,1606319473947
56.287426,1606319474050
31.875,1606319474154
31.288343,1606319474257
42.5,1606319474361
55.21472,1606319474466
45.679012,1606319474570
74.84663,1606319474674
53.41615,1606319474778
32.71605,1606319474882
29.87805,1606319474985
30.000002,1606319475088
27.95031,1606319475192
26.114649,1606319475295
33.536587,1606319475399
52.531647,1606319475503
45.679012,1606319475607
60.7362,1606319475712
74.09639,1606319475815
48.75,1606319475919
29.374998,1606319476023
29.55975,1606319476126
38.125,1606319476230
52.14724,1606319476334
56.521736,1606319476439
69.32516,1606319476542
65.66265,1606319476647
38.414635,1606319476751
30.674849,1606319476854
32.5,1606319476958
39.240505,1606319477065
53.254436,1606319477169
44.785275,1606319477273
73.58491,1606319477377
54.93827,1606319477481
33.333336,1606319477585
30.06135,1606319477688
36.144577,1606319477793
57.763977,1606319477897
50.92025,1606319478000
73.93939,1606319478104
55.82822,1606319478208
33.125,1606319478312
31.25,1606319478415
25.786165,1606319478518
38.46154,1606319478622
57.317074,1606319478727
59.74843,1606319478831
67.90124,1606319478937
72.90323,1606319479042
55.151516,1606319479145
34.810127,1606319479250
39.375,1606319479354
39.8773,1606319479459
59.006214,1606319479563
61.349697,1606319479667
70.18633,1606319479772
74.117645,1606319479877
52.499996,1606319479980
38.50932,1606319480085
43.209877,1606319480190
59.14634,1606319480294
63.855423,1606319480399
79.7546,1606319480503
62.658226,1606319480606
51.53374,1606319480710
39.024387,1606319480814
42.682926,1606319480917
63.694267,1606319481022
54.545456,1606319481126
68.711655,1606319481230
67.2956,1606319481340
83.23699,1606319481444
60.869564,1606319481549
46.01227,1606319481654
48.17073,1606319481759
48.734177,1606319481864
69.69697,1606319481968
63.473053,1606319482073
79.28994,1606319482181
79.62963,1606319482286
53.333336,1606319482390
36.25,1606319482494
39.130436,1606319482598
52.499996,1606319482702
63.975155,1606319482806
57.763977,1606319482911
81.36646,1606319483016
60.126583,1606319483120
39.130436,1606319483223
38.414635,1606319483328
40.4908,1606319483431
54.487183,1606319483535
58.536583,1606319483640
59.7561,1606319483744
81.59509,1606319483848
58.385094,1606319483952
43.11377,1606319484057
36.19632,1606319484161
43.90244,1606319484266
62.352943,1606319484371
57.988167,1606319484475
70.17544,1606319484584
73.17073,1606319484689
40.25157,1606319484792
32.5,1606319484897
43.712574,1606319485002
56.707317,1606319485106
45.679012,1606319485211
73.58491,1606319485316
54.320984,1606319485419
33.95062,1606319485523
31.48148,1606319485626
39.024387,1606319485730
53.37423,1606319485835
50,1606319485939
68.51852,1606319486045
56.886227,1606319486149
32.5,1606319486252
31.707317,1606319486355
33.333336,1606319486459
51.25,1606319486564
51.851852,1606319486668
69.82249,1606319486773
62.576687,1606319486877
39.490448,1606319486980
32.51534,1606319487084
44.078945,1606319487188
55.95238,1606319487292
50.303032,1606319487396
70.55215,1606319487500
46.951218,1606319487603
27.672955,1606319487707
31.645569,1606319487811
33.75,1606319487915
54.658382,1606319488018
48.17073,1606319488123
61.96319,1606319488227
65.85366,1606319488331
37.8882,1606319488435
32.51534,1606319488538
32.298134,1606319488642
44.785275,1606319488745
56.875004,1606319488849
60.714287,1606319488959
75.73965,1606319489065
48.10127,1606319489168
29.192547,1606319489272
33.333336,1606319489375
49.693253,1606319489479
44.720497,1606319489582
46.625767,1606319489686
71.42857,1606319489791
59.393944,1606319489895
38.271606,1606319489999
27.95031,1606319490103
43.125,1606319490206
55.279507,1606319490311
40.4908,1606319490416
68.902435,1606319490521
59.49367,1606319490625
42.07317,1606319490730
31.90184,1606319490834
31.44654,1606319490938
54.658382,1606319491043
47.85276,1606319491147
59.1195,1606319491251
74.69135,1606319491356
45.454548,1606319491460
34.5679,1606319491564
30.246914,1606319491667
42.857143,1606319491772
57.988167,1606319491877
42.07317,1606319491980
81.76101,1606319492085
58.385094,1606319492189
35.185184,1606319492292
31.012657,1606319492396
33.128834,1606319492499
47.468357,1606319492604
59.03614,1606319492708
49.375,1606319492811
74.52229,1606319492916
49.09091,1606319493020
30.57325,1606319493123
32.07547,1606319493227
44.025154,1606319493331
57.14286,1606319493435
56.287426,1606319493538
73.548386,1606319493643
49.7006,1606319493747
29.374998,1606319493852
33.95062,1606319493957
40.853657,1606319494061
54.320984,1606319494165
52.173912,1606319494269
69.42675,1606319494375
53.65854,1606319494478
35.220127,1606319494583
30.864197,1606319494686
42.331287,1606319494790
56.17284,1606319494894
53.125,1606319494997
74.21384,1606319495101
44.17178,1606319495205
32.5,1606319495310
33.536587,1606319495413
44.025154,1606319495517
56.707317,1606319495620
52.20126,1606319495725
71.604935,1606319495829
50.931675,1606319495934
30.864197,1606319496037
33.73494,1606319496141
31.875,1606319496245
46.83544,1606319496350
52.694614,1606319496454
51.219513,1606319496558
80.8642,1606319496662
50,1606319496767
33.540375,1606319496871
34.782608,1606319496975
44.720497,1606319497078
59.375,1606319497183
51.851852,1606319497287
75.4717,1606319497391
48.780487,1606319497495
32.71605,1606319497598
32.919254,1606319497702
46.666668,1606319497807
53.614456,1606319497911
55.90062,1606319498015
70.70064,1606319498119
52.76074,1606319498223
26.923079,1606319498327
30.379745,1606319498431
36.585365,1606319498534
57.14286,1606319498639
49.404762,1606319498743
66.24204,1606319498847
60.000004,1606319498952
39.2638,1606319499056
34.545456,1606319499160
33.742332,1606319499264
54.375,1606319499369
50.31447,1606319499472
67.66467,1606319499578
66.459625,1606319499681
39.751553,1606319499785
32.919254,1606319499889
32.71605,1606319499993
50.609756,1606319500097
56.024097,1606319500202
52.79503,1606319500306
71.794876,1606319500410
49.390244,1606319500513
31.90184,1606319500617
36.585365,1606319500721
33.92857,1606319500825
38.46154,1606319500930
57.763977,1606319501035
47.878788,1606319501139
61.728394,1606319501244
60.365856,1606319501348
32.911392,1606319501451
30.434782,1606319501554
34.5679,1606319501658
45.398773,1606319501762
60.714287,1606319501866
40.37267,1606319501970
70,1606319502082
65.51724,1606319502187
39.024387,1606319502290
35.58282,1606319502394
31.44654,1606319502498
57.2327,1606319502602
55.757576,1606319502707
69.69697,1606319502811
56.886227,1606319502915
35.185184,1606319503019
35.58282,1606319503123
35.58282,1606319503228
52.439022,1606319503331
49.06832,1606319503435
62.42038,1606319503540
68.82353,1606319503645
42.5,1606319503749
31.288343,1606319503853
32.71605,1606319503956
38.414635,1606319504059
56.521736,1606319504164
49.06832,1606319504267
79.375,1606319504372
56.969696,1606319504476
33.742332,1606319504579
33.962265,1606319504683
42.405064,1606319504788
55.35714,1606319504892
58.282207,1606319504998
77.77778,1606319505103
46.38554,1606319505206
31.875,1606319505311
30.434782,1606319505414
46.25,1606319505519
49.68944,1606319505623
28.658537,1606319505727
26.415094,1606319505830
26.249998,1606319505933
47.878788,1606319506037
59.5092,1606319506142
67.484665,1606319506245
41.358025,1606319506349
27.777779,1606319506452
27.95031,1606319506556
26.58228,1606319506659
27.215189,1606319506763
27.777779,1606319506866
28.395063,1606319506971
27.777779,1606319507074
27.60736,1606319507178
29.012346,1606319507282
27.044025,1606319507385
27.044025,1606319507489
27.439026,1606319507592
24.050634,1606319507695
25.786165,1606319507799
74.23312,1606319507902
42.767296,1606319508006
35.185184,1606319508110
30.06135,1606319508213
54.320984,1606319508318
48.466255,1606319508422
69.1358,1606319508547
66.14583,1606319508651
35.185184,1606319508754
34.16149,1606319508857
35.757576,1606319508962
45.625,1606319509065
54.140125,1606319509170
64.02439,1606319509274
63.975155,1606319509378
40.74074,1606319509481
28.395063,1606319509585
31.012657,1606319509689
31.44654,1606319509793
54.430378,1606319509897
53.7037,1606319510001
65.85366,1606319510105
60.869564,1606319510210
39.751553,1606319510313
30.379745,1606319510417
37.80488,1606319510521
48.148148,1606319510624
53.41615,1606319510727
52.173912,1606319510832
76.68712,1606319510937
55.279507,1606319511041
36.875,1606319511145
32.51534,1606319511249
43.125,1606319511353
54.545456,1606319511458
48.484848,1606319511562
78.125,1606319511667
62.650604,1606319511770
34.969322,1606319511874
29.374998,1606319511978
31.67702,1606319512083
48.407642,1606319512186
53.65854,1606319512290
49.375,1606319512395
76.36363,1606319512499
48.447205,1606319512602
34.16149,1606319512706
33.72781,1606319512810
48.10127,1606319512913
53.04878,1606319513017
43.47826,1606319513121
79.87805,1606319513226
58.385094,1606319513329
35.403725,1606319513433
31.09756,1606319513537
32.298134,1606319513641
62.650604,1606319513746
56.024097,1606319513850
56.09756,1606319513954
74.23312,1606319514059
46.666668,1606319514163
35,1606319514267
30.06135,1606319514370
52.439022,1606319514474
51.25,1606319514578
52.662724,1606319514681
84.472046,1606319514786
54.268295,1606319514889
34.5679,1606319514993
32.07547,1606319515096
32.51534,1606319515200
55.555557,1606319515304
47.85276,1606319515408
64.417175,1606319515513
69.620255,1606319515616
39.751553,1606319515721
34.969322,1606319515825
38.50932,1606319515929
53.333336,1606319516034
47.239265,1606319516138
69.565216,1606319516250
61.58192,1606319516353
39.2638,1606319516457
29.55975,1606319516560
31.48148,1606319516664
46.496815,1606319516769
57.738094,1606319516872
52.409637,1606319516976
68.51852,1606319517081
46.341465,1606319517185
33.333336,1606319517289
31.90184,1606319517393
48.447205,1606319517497
57.66871,1606319517601
50.306747,1606319517705
69.75309,1606319517809
53.333336,1606319517913
32.704403,1606319518016
31.67702,1606319518120
34.782608,1606319518223
54.601227,1606319518328
49.404762,1606319518432
61.63522,1606319518537
62.5,1606319518641
36.305733,1606319518745
31.25,1606319518848
31.288343,1606319518953
50,1606319519056
55.90062,1606319519161
50.90909,1606319519265
80.9816,1606319519369
50.617283,1606319519473
30.722893,1606319519577
33.75,1606319519682
32.098763,1606319519787
54.268295,1606319519891
48.780487,1606319519996
62.96296,1606319520099
71.15385,1606319520203
40.74074,1606319520308
27.5,1606319520411
29.813665,1606319520514
32.51534,1606319520619
49.382717,1606319520723
48.484848,1606319520827
54.658382,1606319520931
71.604935,1606319521036
47.5,1606319521141
35.50296,1606319521244
34.355827,1606319521348
42.168674,1606319521452
56.962025,1606319521557
43.373497,1606319521660
71.42857,1606319521765
58.895706,1606319521868
33.95062,1606319521972
31.012657,1606319522076
31.578945,1606319522179
45.512817,1606319522283
53.08642,1606319522387
57.40741,1606319522492
76.582275,1606319522595
44.025154,1606319522699
34.782608,1606319522802
32.121212,1606319522907
39.375,1606319523011
53.750004,1606319523115
46.01227,1606319523219
74.84663,1606319523324
50,1606319523428
36.969696,1606319523532
33.333336,1606319523636
50.955414,1606319523740
51.785713,1606319523844
62.576687,1606319523947
80.24691,1606319524051
49.079754,1606319524154
32.298134,1606319524257
29.813665,1606319524362
39.506172,1606319524465
51.25,1606319524569
53.37423,1606319524673
68.589745,1606319524777
68.9441,1606319524881
40.123455,1606319524985
28.75,1606319525089
30.909092,1606319525193
33.540375,1606319525296
52.439022,1606319525400
49.67742,1606319525504
58.823532,1606319525609
58.787876,1606319525713
35.975613,1606319525816
42.767296,1606319525920
41.509434,1606319526023
48.447205,1606319526126
53.98773,1606319526230
57.575756,1606319526334
75,1606319526438
48.447205,1606319526543
32.919254,1606319526646
30.434782,1606319526750
33.95062,1606319526854
38.99371,1606319526958
54.93827,1606319527061
41.614906,1606319527165
74.251495,1606319527271
64.242424,1606319527374
34.545456,1606319527479
32.911392,1606319527583
42.236023,1606319527687
57.594936,1606319527792
48.10127,1606319527896
63.69048,1606319528001
64.197525,1606319528104
36.942677,1606319528207
29.374998,1606319528311
41.358025,1606319528416
53.125,1606319528521
53.216373,1606319528625
77.01864,1606319528729
55.421684,1606319528833
32.298134,1606319528938
32.5,1606319529042
42.07317,1606319529148
57.317074,1606319529253
56.363636,1606319529357
70.987656,1606319529461
50.931675,1606319529565
29.62963,1606319529670
34.782608,1606319529773
37.423313,1606319529878
58.024693,1606319529982
58.895706,1606319530086
66.66667,1606319530191
64.670654,1606319530295
35.802467,1606319530399
31.288343,1606319530503
41.614906,1606319530607
58.536583,1606319530710
50.931675,1606319530814
67.2619,1606319530919
58.024693,1606319531023
34.16149,1606319531127
32.92683,1606319531230
32.121212,1606319531334
54.601227,1606319531437
55.95238,1606319531542
67.06587,1606319531646
59.281437,1606319531750
37.8882,1606319531853
33.13253,1606319531957
32.5,1606319532061
48.17073,1606319532164
49.382717,1606319532268
55.90062,1606319532373
68.75,1606319532477
42.138367,1606319532580
32.51534,1606319532684
30.434782,1606319532787
42.67516,1606319532891
56.44172,1606319532995
46.951218,1606319533099
70,1606319533203
63.636364,1606319533306
40.243904,1606319533410
32.07547,1606319533514
34.355827,1606319533618
48.502995,1606319533722
55.90062,1606319533826
42.07317,1606319533929
77.77778,1606319534034
60.000004,1606319534137
39.759037,1606319534241
31.67702,1606319534345
38.787876,1606319534450
63.855423,1606319534555
53.801167,1606319534660
68.589745,1606319534765
62.27545,1606319534869
35,1606319534973
31.875,1606319535077
35.802467,1606319535182
55.279507,1606319535286
43.396225,1606319535389
56.363636,1606319535494
71.951225,1606319535599
49.693253,1606319535704
28.742516,1606319535809
36.585365,1606319535913
34.782608,1606319536016
48.192772,1606319536125
55.621304,1606319536228
50.303032,1606319536332
73.417725,1606319536437
62,1606319536541
36.19632,1606319536646
34.131737,1606319536749
32.93413,1606319536853
48.387096,1606319536956
57.40741,1606319537060
53.04878,1606319537164
74.67533,1606319537269
46.060608,1606319537372
35.849056,1606319537476
31.847134,1606319537579
36.746986,1606319537682
55.84416,1606319537787
48.17073,1606319537891
66.87898,1606319538004
66.480446,1606319538108
35.11905,1606319538212
38.607594,1606319538316
30.487806,1606319538419
39.8773,1606319538523
59.74843,1606319538626
44.848484,1606319538730
71.794876,1606319538835
59.006214,1606319538939
29.341316,1606319539042
37.8882,1606319539146
33.125,1606319539250
50.31056,1606319539354
53.65854,1606319539458
53.37423,1606319539562
83.73494,1606319539666
47.826088,1606319539770
31.707317,1606319539873
35.975613,1606319539978
32.51534,1606319540081
60.869564,1606319540185
49.685535,1606319540288
53.45912,1606319540392
75.757576,1606319540496
36.942677,1606319540600
32.704403,1606319540703
37.19512,1606319540807
46.327682,1606319540919
51.25,1606319541023
53.08642,1606319541126
71.779144,1606319541231
90.303024,1606319541336
46.98795,1606319541441
30.864197,1606319541544
27.672955,1606319541648
28.22086,1606319541752
28.930819,1606319541855
29.696972,1606319541959
63.030304,1606319542062
40.243904,1606319542166
28.930819,1606319542269
35.849056,1606319542373
51.851852,1606319542477
52.79503,1606319542581
63.414635,1606319542686
68.09816,1606319542790
49.696968,1606319542895
27.672955,1606319542999
38.036808,1606319543102
52.499996,1606319543206
51.552795,1606319543310
50.609756,1606319543414
74.09639,1606319543520
50,1606319543625
39.2638,1606319543728
29.447853,1606319543832
42.331287,1606319543936
53.503185,1606319544040
45.614033,1606319544144
66.451614,1606319544249
61.490685,1606319544353
35.403725,1606319544457
36.585365,1606319544562
33.333336,1606319544666
56.41026,1606319544769
57.861637,1606319544873
66.66667,1606319544979
76.68712,1606319545084
45.78313,1606319545188
33.333336,1606319545291
34.756096,1606319545396
36.024845,1606319545500
59.638554,1606319545605
47.85276,1606319545708
61.818184,1606319545816
73.376625,1606319545920
41.104298,1606319546023
33.128834,1606319546127
35.802467,1606319546230
41.104298,1606319546334
55.21472,1606319546438
29.813665,1606319546542
28.125,1606319546646
34.756096,1606319546754
46.70659,1606319546858
68.9441,1606319546963
90.06211,1606319547067
75.30865,1606319547171
39.39394,1606319547275
26.54321,1606319547380
29.192547,1606319547484
30.06135,1606319547588
28.301886,1606319547692
33.532936,1606319547796
27.272728,1606319547900
27.096775,1606319548003
28.75,1606319548107
27.777779,1606319548210
30.188679,1606319548314
28.834354,1606319548417
30.487806,1606319548521
28.846153,1606319548624
32.317074,1606319548727
29.936304,1606319548831
33.742332,1606319548934
35.185184,1606319549039
54.430378,1606319549143
51.219513,1606319549247
68.26347,1606319549351
72.5,1606319549456
40.60606,1606319549560
36.419754,1606319549664
32.298134,1606319549768
52.409637,1606319549872
55.279507,1606319549976
52.439022,1606319550079
82.1656,1606319550184
59.393944,1606319550287
34.177216,1606319550391
35.975613,1606319550495
30.188679,1606319550599
51.875,1606319550704
57.055218,1606319550807
56.44172,1606319550912
75.30121,1606319551017
43.90244,1606319551120
34.355827,1606319551223
34.5679,1606319551328
42.5,1606319551431
58.536583,1606319551535
54.601227,1606319551639
72.02381,1606319551744
55.34591,1606319551848
34.969322,1606319551951
33.536587,1606319552055
37.17949,1606319552160
57.055218,1606319552263
43.82716,1606319552367
61.077847,1606319552471
69.32516,1606319552575
42.682926,1606319552679
33.939396,1606319552782
34.591194,1606319552886
51.875,1606319552989
50,1606319553093
56.44172,1606319553197
88.48485,1606319553302
52.173912,1606319553406
32.71605,1606319553510
33.128834,1606319553614
39.024387,1606319553724
57.471264,1606319553829
48.148148,1606319553933
56.09756,1606319554037
77.77778,1606319554141
54.037266,1606319554245
32.92683,1606319554350
30.434782,1606319554454
39.61039,1606319554558
55.82822,1606319554662
52.83019,1606319554765
50.609756,1606319554870
79.375,1606319554975
57.14286,1606319555078
33.939396,1606319555182
32.258064,1606319555285
51.234566,1606319555389
57.14286,1606319555492
56.363636,1606319555597
77.77778,1606319555700
56.875004,1606319555804
37.951805,1606319555908
33.95062,1606319556012
33.540375,1606319556116
43.636364,1606319556220
58.385094,1606319556325
47.30539,1606319556428
68.09816,1606319556540
77.16049,1606319556645
46.296295,1606319556749
32.298134,1606319556852
34.177216,1606319556956
39.024387,1606319557060
61.728394,1606319557165
52.173912,1606319557269
69.938644,1606319557375
66.25767,1606319557481
43.030304,1606319557585
34.146343,1606319557690
40,1606319557795
54.93827,1606319557899
49.7006,1606319558003
67.741936,1606319558108
68.6747,1606319558213
45.50898,1606319558317
35.151516,1606319558422
34.545456,1606319558526
57.40741,1606319558629
50.306747,1606319558734
70.18633,1606319558838
69.18239,1606319558943
41.104298,1606319559048
34.355827,1606319559153
36.094673,1606319559256
44.17178,1606319559360
53.37423,1606319559465
53.65854,1606319559570
73.24841,1606319559675
66.66667,1606319559779
39.39394,1606319559882
32.27848,1606319559986
33.75796,1606319560089
55.21472,1606319560193
54.545456,1606319560297
59.393944,1606319560402
67.68293,1606319560506
47.239265,1606319560611
32.121212,1606319560714
29.113924,1606319560819
33.95062,1606319560924
53.7037,1606319561027
57.228916,1606319561131
45.398773,1606319561236
75.15151,1606319561341
60.645164,1606319561445
38.323357,1606319561548
32.07547,1606319561653
34.756096,1606319561757
43.47826,1606319561862
60.493828,1606319561965
42.307693,1606319562070
64.88096,1606319562176
67.2619,1606319562280
42.424244,1606319562384
32.098763,1606319562487
32.727272,1606319562591
45.679012,1606319562695
60.625,1606319562801
64.70589,1606319562905
70.88608,1606319563013
60.606064,1606319563118
38.181816,1606319563221
34.355827,1606319563325
44.720497,1606319563428
56.25,1606319563533
49.079754,1606319563638
80,1606319563746
66.47059,1606319563852
40,1606319563955
34.756096,1606319564059
37.5,1606319564164
56.97674,1606319564269
44.375,1606319564373
52.439022,1606319564477
87.05882,1606319564585
56.790127,1606319564688
35.802467,1606319564792
30.188679,1606319564897
36.585365,1606319565000
51.875,1606319565104
45.28302,1606319565208
61.11111,1606319565315
75,1606319565419
49.09091,1606319565524
35.151516,1606319565627
31.645569,1606319565731
36.80982,1606319565835
56.363636,1606319565939
49.06832,1606319566043
50.617283,1606319566148
80,1606319566253
54.166668,1606319566357
32.298134,1606319566461
34.730537,1606319566564
32.92683,1606319566668
44.785275,1606319566778
54.037266,1606319566881
44.785275,1606319566986
69.51219,1606319567091
66.06061,1606319567195
38.650307,1606319567299
33.962265,1606319567403
31.44654,1606319567507
47.435898,1606319567611
61.585365,1606319567715
43.209877,1606319567819
79.874214,1606319567924
64.417175,1606319568028
38.554214,1606319568133
35.58282,1606319568236
35.714287,1606319568341
53.29341,1606319568446
54.601227,1606319568551
58.749996,1606319568655
83.63636,1606319568758
51.851852,1606319568862
36.746986,1606319568965
35.975613,1606319569069
38.607594,1606319569173
61.63522,1606319569277
58.536583,1606319569382
51.515152,1606319569487
77.16049,1606319569591
80.47337,1606319569701
76.47059,1606319569805
53.846157,1606319569908
28.125,1606319570012
27.5,1606319570115
24.223602,1606319570219
34.756096,1606319570323
30.81761,1606319570427
34.545456,1606319570531
35.403725,1606319570636
58.282207,1606319570741
51.829266,1606319570845
69.1358,1606319570949
72.83951,1606319571054
46.01227,1606319571158
32.317074,1606319571262
31.25,1606319571365
45.78313,1606319571469
53.750004,1606319571573
45.28302,1606319571677
65.408806,1606319571782
73.61964,1606319571886
50.92025,1606319571989
30.188679,1606319572093
36.19632,1606319572196
42.5,1606319572300
57.5,1606319572404
52.071007,1606319572509
74.375,1606319572614
58.641975,1606319572717
39.2638,1606319572822
29.813665,1606319572925
35.975613,1606319573030
60.000004,1606319573135
51.80723,1606319573240
66.25,1606319573344
71.084335,1606319573448
39.622643,1606319573551
36.363636,1606319573655
31.09756,1606319573759
38.36478,1606319573864
57.055218,1606319573968
51.552795,1606319574073
63.190186,1606319574180
63.125004,1606319574284
38.922153,1606319574388
31.645569,1606319574491
31.44654,1606319574595
45.73171,1606319574699
59.638554,1606319574802
47.59036,1606319574905
69.42675,1606319575010
69.51219,1606319575115
40.60606,1606319575218
34.756096,1606319575323
35.403725,1606319575427
42.236023,1606319575530
58.787876,1606319575635
42.857143,1606319575738
73.125,1606319575843
66.66667,1606319575948
39.751553,1606319576053
32.738094,1606319576156
27.329191,1606319576260
44.3038,1606319576363
59.14634,1606319576467
48.125,1606319576571
73.91304,1606319576675
61.349697,1606319576779
35.66879,1606319576882
35.975613,1606319576987
36.363636,1606319577091
57.40741,1606319577195
54.658382,1606319577299
64.02439,1606319577407
70.37037,1606319577511
41.614906,1606319577615
30.06135,1606319577720
37.125748,1606319577823
37.037037,1606319577927
55.6962,1606319578031
49.390244,1606319578134
64.53488,1606319578246
72.67081,1606319578349
46.296295,1606319578453
32.121212,1606319578556
32.71605,1606319578661
44.375,1606319578769
60.35503,1606319578873
37.951805,1606319578977
74.53416,1606319579082
67.2956,1606319579187
37.19512,1606319579291
32.71605,1606319579394
31.875,1606319579498
46.927376,1606319579612
58.895706,1606319579716
41.614906,1606319579821
70.30303,1606319579925
66.86747,1606319580030
40.123455,1606319580134
31.707317,1606319580238
31.90184,1606319580342
46.666668,1606319580446
60.606064,1606319580550
49.382717,1606319580653
65.269455,1606319580760
64.81481,1606319580865
38.787876,1606319580970
35,1606319581074
33.333336,1606319581177
35.25641,1606319581281
59.523808,1606319581385
44.17178,1606319581488
54.320984,1606319581593
79.012344,1606319581698
48.427673,1606319581803
39.2638,1606319581907
31.48148,1606319582011
38.787876,1606319582117
55.82822,1606319582220
42.236023,1606319582324
58.895706,1606319582429
76.25,1606319582534
45.12195,1606319582638
34.591194,1606319582742
31.25,1606319582845
36.585365,1606319582950
65,1606319583054
55.279507,1606319583159
65.454544,1606319583267
70.625,1606319583373
41.104298,1606319583476
34.375,1606319583579
29.090908,1606319583683
36.774193,1606319583788
62.5,1606319583892
43.949043,1606319583995
67.701866,1606319584100
73.053894,1606319584204
47.398846,1606319584307
33.75,1606319584411
31.90184,1606319584516
39.39394,1606319584620
62.04819,1606319584725
55.487804,1606319584829
72.611465,1606319584935
73.58491,1606319585039
50,1606319585143
33.962265,1606319585246
30.487806,1606319585350
36.477985,1606319585455
58.385094,1606319585559
55.279507,1606319585663
69.51219,1606319585768
68.862274,1606319585874
41.717793,1606319585977
32.27848,1606319586081
31.48148,1606319586185
33.125,1606319586289
53.65854,1606319586392
59.876545,1606319586496
45.06173,1606319586599
83.33333,1606319586704
73.053894,1606319586808
43.292683,1606319586911
35.625,1606319587015
33.75,1606319587118
52.727272,1606319587223
51.53374,1606319587326
58.282207,1606319587431
74.05064,1606319587536
50.2994,1606319587640
30.434782,1606319587744
33.75,1606319587848
35.66879,1606319587953
52.095806,1606319588057
53.65854,1606319588161
54.21687,1606319588264
71.779144,1606319588368
60.509556,1606319588472
40.361446,1606319588576
32.27848,1606319588680
45.12195,1606319588785
53.892212,1606319588889
42.771084,1606319588993
32.317074,1606319589096
31.48148,1606319589200
45.625,1606319589304
60.000004,1606319589407
73.17073,1606319589512
80.8642,1606319589616
47.5,1606319589720
29.192547,1606319589824
28.125,1606319589927
33.333336,1606319590031
30.864197,1606319590136
32.121212,1606319590241
30.06135,1606319590345
29.374998,1606319590448
29.55975,1606319590552
25.477707,1606319590655
29.87805,1606319590759
30.188679,1606319590864
28.22086,1606319590967
28.846153,1606319591071
38.15029,1606319591181
43.292683,1606319591286
34.782608,1606319591389
30.864197,1606319591494
55.421684,1606319591598
53.01205,1606319591702
49.09091,1606319591807
91.30435,1606319591912
77.710846,1606319592017
41.25,1606319592121
35.44304,1606319592225
31.44654,1606319592328
48.502995,1606319592432
56.129032,1606319592537
42.331287,1606319592640
48.192772,1606319592749
81.01266,1606319592854
67.92453,1606319592958
41.358025,1606319593062
36.363636,1606319593166
33.333336,1606319593270
46.341465,1606319593375
60.000004,1606319593479
50,1606319593584
79.11392,1606319593690
67.06587,1606319593794
38.650307,1606319593899
37.19512,1606319594002
39.873417,1606319594107
60.248447,1606319594211
50.898205,1606319594317
46.01227,1606319594421
83.53658,1606319594525
64.81481,1606319594628
36.875,1606319594732
39.634148,1606319594837
33.95062,1606319594942
54.658382,1606319595046
57.5,1606319595150
46.060608,1606319595254
79.012344,1606319595359
70.30303,1606319595463
42.424244,1606319595566
35.031845,1606319595670
32.71605,1606319595774
35.975613,1606319595878
63.190186,1606319595982
53.7037,1606319596087
54.81928,1606319596192
70.440254,1606319596296
59.1716,1606319596400
41.025642,1606319596504
42.011833,1606319596609
35.403725,1606319596713
55.974842,1606319596817
56.25,1606319596921
47.61905,1606319597025
58.49057,1606319597130
80,1606319597234
53.41615,1606319597337
33.95062,1606319597441
34.146343,1606319597545
43.90244,1606319597649
60.493828,1606319597753
49.404762,1606319597858
69.375,1606319597963
71.33758,1606319598069
47.30539,1606319598174
37.575756,1606319598278
34.5679,1606319598382
44.09938,1606319598488
59.763313,1606319598593
44.444447,1606319598697
57.988167,1606319598805
82.82208,1606319598909
53.7037,1606319599013
35.403725,1606319599116
35.031845,1606319599220
34.146343,1606319599323
45.28302,1606319599427
60.869564,1606319599531
46.38554,1606319599636
76.92308,1606319599743
66.06061,1606319599847
40.123455,1606319599951
46.666668,1606319600055
36.645966,1606319600159
49.693253,1606319600264
61.11111,1606319600368
46.98795,1606319600472
72.121216,1606319600577
73.75,1606319600681
46.01227,1606319600785
37.654324,1606319600889
33.540375,1606319600992
44.09938,1606319601096
58.282207,1606319601201
47.239265,1606319601305
49.09091,1606319601410
82.31707,1606319601514
59.876545,1606319601618
36.645966,1606319601722
33.95062,1606319601826
35.757576,1606319601930
50.602413,1606319602034
61.392403,1606319602139
46.341465,1606319602244
78.61635,1606319602351
70.2381,1606319602454
41.509434,1606319602559
37.423313,1606319602662
37.19512,1606319602766
51.57233,1606319602871
58.57988,1606319602975
45,1606319603078
75.15528,1606319603183
70.06369,1606319603287
45.18072,1606319603392
36.19632,1606319603495
34.969322,1606319603600
34.756096,1606319603704
63.190186,1606319603808
51.497005,1606319603912
52.564102,1606319604015
80.9816,1606319604121
58.181816,1606319604225
37.575756,1606319604328
35,1606319604432
36.363636,1606319604536
55,1606319604639
55.279507,1606319604744
46.060608,1606319604847
80.74534,1606319604951
69.69697,1606319605055
37.26708,1606319605159
30.674849,1606319605263
32.27848,1606319605367
32.051285,1606319605470
30.57325,1606319605574
33.939396,1606319605678
33.540375,1606319605783
39.634148,1606319605886
36.645966,1606319605990
54.658382,1606319606094
56.790127,1606319606198
54.320984,1606319606302
73.45679,1606319606406
66.459625,1606319606510
43.90244,1606319606614
36.477985,1606319606718
34.5679,1606319606821
40.99379,1606319606926
63.190186,1606319607031
49.079754,1606319607135
57.575756,1606319607239
77.914116,1606319607344
55.06329,1606319607447
38.88889,1606319607551
35.151516,1606319607654
39.8773,1606319607759
60.1227,1606319607864
53.892212,1606319607968
67.90124,1606319608081
80.35714,1606319608185
50,1606319608289
37.97468,1606319608394
37.19512,1606319608497
46.951218,1606319608601
64.77987,1606319608705
45.625,1606319608810
50.303032,1606319608915
87.577644,1606319609018
60.625,1606319609123
37.97468,1606319609227
34.591194,1606319609331
32.298134,1606319609435
57.575756,1606319609543
59.7561,1606319609647
47.530865,1606319609750
65.625,1606319609855
81.65681,1606319609960
59.25926,1606319610064
34.16149,1606319610168
37.423313,1606319610272
35.625,1606319610376
36.53846,1606319610479
60.869564,1606319610584
55.621304,1606319610689
53.04878,1606319610794
85.36585,1606319610898
62.5,1606319611003
39.375,1606319611107
36.144577,1606319611211
33.128834,1606319611316
57.988167,1606319611421
59.375,1606319611524
45.50898,1606319611629
65.83851,1606319611733
72.67081,1606319611838
60.47904,1606319611942
49.019608,1606319612045
34.5679,1606319612149
54.320984,1606319612253
61.96319,1606319612357
43.786983,1606319612466
66.87117,1606319612571
63.190186,1606319612675
62.1118,1606319612778
45.625,1606319612882
38.036808,1606319612986
36.645966,1606319613090
58.125,1606319613195
53.37423,1606319613298
52.499996,1606319613402
73.09942,1606319613509
60.645164,1606319613612
38.99371,1606319613716
35.58282,1606319613820
33.333336,1606319613923
51.80723,1606319614027
58.787876,1606319614131
43.82716,1606319614235
78.443115,1606319614345
66.66667,1606319614448
37.10692,1606319614551
35.802467,1606319614655
37.349396,1606319614759
56.17284,1606319614864
58.181816,1606319614967
50.31056,1606319615071
78.980896,1606319615175
57.763977,1606319615280
40.60606,1606319615385
35.58282,1606319615489
40.243904,1606319615593
60.365856,1606319615698
49.696968,1606319615801
65.47619,1606319615910
69.27711,1606319616014
61.728394,1606319616119
35.757576,1606319616222
36.419754,1606319616326
35,1606319616429
46.951218,1606319616534
47.59036,1606319616637
38.88889,1606319616741
64.84848,1606319616844
69.18239,1606319616949
49.39759,1606319617052
37.423313,1606319617157
30.864197,1606319617260
31.707317,1606319617363
40,1606319617468
37.869823,1606319617571
42.138367,1606319617675
53.37423,1606319617778
36.419754,1606319617882
35.542168,1606319617985
29.012346,1606319618089
30.06135,1606319618193
41.509434,1606319618296
40.361446,1606319618399
51.265823,1606319618504
37.19512,1606319618608
30.000002,1606319618711
46.341465,1606319618815
52.14724,1606319618919
47.560974,1606319619024
74.26901,1606319619133
68.125,1606319619237
42.857143,1606319619341
25.925926,1606319619445
28.22086,1606319619548
25.609756,1606319619652
29.090908,1606319619755
24.223602,1606319619859
24.223602,1606319619962
20,1606319620066
22.839506,1606319620169
18.012423,1606319620273
23.312883,1606319620377
29.374998,1606319620481
44.720497,1606319620584
32.51534,1606319620688
66.86391,1606319620800
74.07407,1606319620905
37.575756,1606319621009
24.840765,1606319621112
22.08589,1606319621216
26.993864,1606319621319
26.38037,1606319621423
27.60736,1606319621527
27.329191,1606319621631
23.170732,1606319621735
21.383648,1606319621839
29.696972,1606319621944
24.698795,1606319622047
27.777779,1606319622151
36.419754,1606319622254
36.585365,1606319622358
29.374998,1606319622462
24.691359,1606319622565
20.37037,1606319622669
26.060604,1606319622773
18.471338,1606319622876
22.08589,1606319622980
22.699387,1606319623084
20.118343,1606319623187
20,1606319623291
18.90244,1606319623394
18.292683,1606319623497
19.6319,1606319623601
17.901234,1606319623705
16.564417,1606319623809
19.753086,1606319623912
15.432098,1606319624016
19.375,1606319624119
15.432098,1606319624223
19.512194,1606319624326
17.79141,1606319624429
17.177914,1606319624533
21.084337,1606319624636
13.207547,1606319624739
21.95122,1606319624843
19.018404,1606319624946
18.125,1606319625050
22.891565,1606319625153
19.161678,1606319625256
18.181818,1606319625360
18.75,1606319625463
17.901234,1606319625567
15.337424,1606319625670
19.6319,1606319625774
18.90244,1606319625877
16.981133,1606319625981
18.40491,1606319626084
16.666668,1606319626188
16.770187,1606319626291
17.575758,1606319626395
17.5,1606319626498
18.40491,1606319626602
15.95092,1606319626705
19.25466,1606319626809
20.731707,1606319626912
17.79141,1606319627016
23.75,1606319627119
18.562874,1606319627222
19.375,1606319627326
17.073172,1606319627429
17.391304,1606319627532
20.731707,1606319627636
14.465409,1606319627739
18.518518,1606319627842
19.875776,1606319627946
15.757576,1606319628049
21.341463,1606319628152
17.79141,1606319628256
17.177914,1606319628359
20.121952,1606319628462
15.52795,1606319628566
17.79141,1606319628670
16.666668,1606319628773
23.030304,1606319628876
20.60606,1606319628980
19.25466,1606319629083
15.000001,1606319629187
18.012423,1606319629290
19.161678,1606319629393
19.875776,1606319629497
14.197532,1606319629601
19.512194,1606319629704
19.393938,1606319629808
24.096386,1606319629911
20.37037,1606319630015
14.814815,1606319630118
15.000001,1606319630222
19.753086,1606319630325
17.28395,1606319630428
19.135803,1606319630532
17.28395,1606319630635
18.40491,1606319630738
20.731707,1606319630841
17.073172,1606319630945
21.472393,1606319631048
19.135803,1606319631151
14.556962,1606319631255
18.674698,1606319631358
16.049381,1606319631461
19.6319,1606319631565
21.818182,1606319631668
18.012423,1606319631771
19.375,1606319631875
18.292683,1606319631978
18.90244,1606319632082
20.858896,1606319632185
16.564417,1606319632290
19.018404,1606319632393
23.312883,1606319632496
13.580246,1606319632600
17.79141,1606319632703
16.049381,1606319632806
20.121952,1606319632910
23.312883,1606319633013
17.307693,1606319633116
19.135803,1606319633220
18.181818,1606319633324
18.63354,1606319633427
17.79141,1606319633531
17.177914,1606319633635
16.352201,1606319633738
23.312883,1606319633842
14.906833,1606319633945
16.25,1606319634048
16.564417,1606319634151
16.875,1606319634255
16.25,1606319634358
1.8518518,1606319634461
3.6363635,1606319634564
1.8518518,1606319634667
3.030303,1606319634771
5.389221,1606319634875
3.5928144,1606319634978
6.6265063,1606319635082
2.4390242,1606319635185
3.0487804,1606319635288
1.8518518,1606319635391
2.4539876,1606319635495
3.6363635,1606319635598
5.421687,1606319635701
1.2269938,1606319635804
4.2424245,1606319635908
1.242236,1606319636011
1.2195121,1606319636114
5.389221,1606319636218
1.2121211,1606319636321
3.0487804,1606319636424
2.4390242,1606319636528
0.621118,1606319636631
1.2048192,1606319636734
0.60606056,1606319636837
1.2121211,1606319636941
0.60606056,1606319637044
0.60975605,1606319637148
0.60975605,1606319637251
0.60606056,1606319637354
1.8404908,1606319637458
