1601342216714,"00000000":0
1601342220382,"00000000":1
1601342223161,"00000000":2
1601342225730,"00000000":3
1601342228066,"00000000":4
1601342231862,"00000000":5
1601342234090,"00000000":6,"00000000":7,"00000000":8,"00000000":9,"00000000":10
1601342237385,"273e504d":0,"06e595d1":0,"06e595d1":1,"06e595d1":2,"06e595d1":3,"06e595d1":4,"06e595d1":5,"06e595d1":6,"06e595d1":7,"06e595d1":8,"06e595d1":9,"273e504d":1,"273e504d":2,"273e504d":3,"273e504d":4,"273e504d":5,"273e504d":6,"273e504d":7,"273e504d":8,"273e504d":9,"273e504d":10,"273e504d":11,"06e595d1":10,"06e595d1":11,"06e595d1":12,"06e595d1":13,"06e595d1":14,"06e595d1":15,"06e595d1":16,"06e595d1":17,"06e595d1":18,"06e595d1":19,"273e504d":12,"273e504d":13,"273e504d":14,"273e504d":15,"273e504d":16,"273e504d":17,"273e504d":18,"273e504d":19
1601342237688,"e4461620":0,"e4461620":1,"e4461620":2,"352cf93c":0,"352cf93c":1,"352cf93c":2,"352cf93c":3,"720b22b1":0,"720b22b1":1,"720b22b1":2,"720b22b1":3,"720b22b1":4,"720b22b1":5,"720b22b1":6,"720b22b1":7,"720b22b1":8,"720b22b1":9,"720b22b1":10,"720b22b1":11,"720b22b1":12,"720b22b1":13,"e4461620":3,"e4461620":4,"e4461620":5,"e4461620":6,"e4461620":7,"e4461620":8,"e4461620":9,"e4461620":10,"e4461620":11,"e4461620":12,"e4461620":13,"e4461620":14,"e4461620":15,"e4461620":16,"e4461620":17,"e4461620":18,"352cf93c":4,"352cf93c":5,"352cf93c":6,"352cf93c":7,"352cf93c":8,"352cf93c":9,"352cf93c":10,"352cf93c":11,"352cf93c":12,"352cf93c":13,"352cf93c":14,"352cf93c":15,"352cf93c":16,"352cf93c":17,"352cf93c":18,"352cf93c":19,"720b22b1":14,"720b22b1":15,"720b22b1":16,"720b22b1":17,"720b22b1":18,"720b22b1":19,"e4461620":19
1601342239582,"06e595d1":20,"06e595d1":21,"273e504d":20,"273e504d":21,"273e504d":22,"273e504d":23,"06e595d1":22,"06e595d1":23,"06e595d1":24,"06e595d1":25,"06e595d1":26,"06e595d1":27,"06e595d1":28,"06e595d1":29,"06e595d1":30,"06e595d1":31,"06e595d1":32,"06e595d1":33,"06e595d1":34,"06e595d1":35,"06e595d1":36,"06e595d1":37,"06e595d1":38,"06e595d1":39,"273e504d":24,"273e504d":25,"273e504d":26,"273e504d":27,"273e504d":28,"273e504d":29,"273e504d":30,"273e504d":31,"273e504d":32,"273e504d":33,"273e504d":34,"273e504d":35,"273e504d":36,"273e504d":37,"273e504d":38,"273e504d":39
1601342240273,"720b22b1":20,"720b22b1":21,"720b22b1":22,"720b22b1":23,"720b22b1":24,"720b22b1":25,"720b22b1":26,"720b22b1":27,"720b22b1":28,"720b22b1":29,"720b22b1":30,"720b22b1":31,"720b22b1":32,"720b22b1":33,"720b22b1":34,"720b22b1":35,"720b22b1":36,"720b22b1":37,"720b22b1":38,"720b22b1":39,"e4461620":20,"e4461620":21,"e4461620":22,"e4461620":23,"e4461620":24,"e4461620":25,"e4461620":26,"e4461620":27,"e4461620":28,"e4461620":29,"e4461620":30,"e4461620":31,"e4461620":32,"e4461620":33,"e4461620":34,"e4461620":35,"e4461620":36,"e4461620":37,"e4461620":38,"e4461620":39,"352cf93c":20,"352cf93c":21,"352cf93c":22,"352cf93c":23
1601342241019,"352cf93c":24,"352cf93c":25,"352cf93c":26,"352cf93c":27,"352cf93c":28,"352cf93c":29,"352cf93c":30,"352cf93c":31,"352cf93c":32,"352cf93c":33,"352cf93c":34,"352cf93c":35,"352cf93c":36,"352cf93c":37,"352cf93c":38,"352cf93c":39
1601342241928,"06e595d1":40,"273e504d":40,"273e504d":41,"273e504d":42,"273e504d":43,"273e504d":44,"273e504d":45,"273e504d":46,"273e504d":47,"273e504d":48,"273e504d":49,"273e504d":50,"273e504d":51,"273e504d":52,"273e504d":53,"273e504d":54,"273e504d":55,"273e504d":56,"273e504d":57,"273e504d":58,"273e504d":59,"06e595d1":41,"06e595d1":42,"06e595d1":43,"06e595d1":44,"06e595d1":45,"06e595d1":46,"06e595d1":47,"06e595d1":48,"06e595d1":49,"06e595d1":50,"06e595d1":51,"06e595d1":52,"06e595d1":53,"06e595d1":54,"06e595d1":55,"06e595d1":56,"06e595d1":57,"06e595d1":58,"06e595d1":59
1601342242362,"e4461620":40,"e4461620":41,"e4461620":42,"e4461620":43,"e4461620":44,"e4461620":45,"e4461620":46,"e4461620":47,"e4461620":48,"e4461620":49,"e4461620":50,"e4461620":51,"e4461620":52,"e4461620":53
1601342243026,"e4461620":54,"e4461620":55,"e4461620":56,"e4461620":57,"e4461620":58,"e4461620":59,"720b22b1":40,"720b22b1":41,"720b22b1":42,"720b22b1":43,"720b22b1":44,"720b22b1":45,"720b22b1":46,"720b22b1":47,"720b22b1":48,"720b22b1":49,"720b22b1":50,"720b22b1":51,"720b22b1":52,"720b22b1":53,"720b22b1":54,"720b22b1":55,"720b22b1":56,"720b22b1":57,"720b22b1":58,"720b22b1":59
1601342243394,"352cf93c":40,"352cf93c":41,"352cf93c":42,"352cf93c":43,"352cf93c":44,"352cf93c":45,"352cf93c":46,"352cf93c":47,"352cf93c":48,"352cf93c":49,"352cf93c":50,"352cf93c":51,"352cf93c":52,"352cf93c":53,"352cf93c":54,"352cf93c":55,"352cf93c":56,"352cf93c":57,"352cf93c":58,"352cf93c":59
1601342243729,"273e504d":60,"273e504d":61,"273e504d":62,"273e504d":63,"273e504d":64,"273e504d":65,"273e504d":66,"273e504d":67,"273e504d":68,"273e504d":69,"273e504d":70,"273e504d":71,"273e504d":72,"273e504d":73,"273e504d":74,"273e504d":75,"273e504d":76,"273e504d":77,"273e504d":78,"273e504d":79
1601342245046,"06e595d1":60,"06e595d1":61,"06e595d1":62,"06e595d1":63,"06e595d1":64,"06e595d1":65,"06e595d1":66,"06e595d1":67,"06e595d1":68,"06e595d1":69,"06e595d1":70,"06e595d1":71,"06e595d1":72,"06e595d1":73,"06e595d1":74,"06e595d1":75,"06e595d1":76,"06e595d1":77,"06e595d1":78,"06e595d1":79
1601342245703,"e4461620":60,"e4461620":61,"e4461620":62,"e4461620":63
1601342246119,"e4461620":64,"e4461620":65,"e4461620":66,"e4461620":67,"e4461620":68,"e4461620":69,"e4461620":70,"e4461620":71,"e4461620":72,"e4461620":73,"e4461620":74,"e4461620":75,"e4461620":76,"e4461620":77,"e4461620":78,"e4461620":79,"720b22b1":60,"720b22b1":61,"720b22b1":62,"720b22b1":63,"720b22b1":64,"720b22b1":65,"720b22b1":66,"720b22b1":67,"720b22b1":68,"720b22b1":69,"720b22b1":70,"720b22b1":71,"720b22b1":72,"720b22b1":73,"720b22b1":74,"720b22b1":75,"720b22b1":76,"720b22b1":77,"720b22b1":78,"720b22b1":79,"352cf93c":60,"352cf93c":61,"352cf93c":62,"352cf93c":63,"352cf93c":64,"352cf93c":65,"352cf93c":66,"352cf93c":67,"352cf93c":68,"352cf93c":69,"352cf93c":70,"352cf93c":71,"352cf93c":72,"352cf93c":73,"352cf93c":74,"352cf93c":75,"352cf93c":76,"352cf93c":77,"352cf93c":78,"352cf93c":79
1601342246516,"273e504d":80,"273e504d":81,"273e504d":82,"273e504d":83,"273e504d":84,"273e504d":85,"273e504d":86,"273e504d":87,"273e504d":88,"273e504d":89,"273e504d":90,"273e504d":91,"273e504d":92,"273e504d":93,"273e504d":94,"273e504d":95,"273e504d":96,"273e504d":97,"273e504d":98,"273e504d":99
1601342247739,"06e595d1":80,"06e595d1":81,"06e595d1":82,"06e595d1":83,"06e595d1":84,"06e595d1":85,"06e595d1":86
1601342248052,"06e595d1":87,"06e595d1":88,"06e595d1":89,"06e595d1":90,"06e595d1":91,"06e595d1":92,"06e595d1":93,"06e595d1":94,"06e595d1":95,"06e595d1":96,"06e595d1":97,"06e595d1":98,"06e595d1":99
1601342248657,"e4461620":80,"e4461620":81,"e4461620":82,"e4461620":83
1601342249347,"352cf93c":80,"352cf93c":81,"720b22b1":80,"720b22b1":81,"720b22b1":82,"720b22b1":83,"720b22b1":84,"e4461620":84,"e4461620":85,"e4461620":86,"e4461620":87,"e4461620":88,"e4461620":89,"e4461620":90,"e4461620":91,"e4461620":92,"e4461620":93,"e4461620":94,"e4461620":95,"e4461620":96,"e4461620":97,"e4461620":98,"e4461620":99,"352cf93c":82,"352cf93c":83,"352cf93c":84,"352cf93c":85,"352cf93c":86,"352cf93c":87,"352cf93c":88,"352cf93c":89,"352cf93c":90,"352cf93c":91,"352cf93c":92,"352cf93c":93,"352cf93c":94,"352cf93c":95,"352cf93c":96,"352cf93c":97,"352cf93c":98,"352cf93c":99,"720b22b1":85,"720b22b1":86,"720b22b1":87,"720b22b1":88,"720b22b1":89,"720b22b1":90,"720b22b1":91,"720b22b1":92,"720b22b1":93,"720b22b1":94,"720b22b1":95,"720b22b1":96,"720b22b1":97,"720b22b1":98,"720b22b1":99,"273e504d":100,"273e504d":101,"273e504d":102,"273e504d":103,"273e504d":104,"273e504d":105,"273e504d":106,"273e504d":107,"273e504d":108,"273e504d":109,"273e504d":110,"273e504d":111,"273e504d":112,"273e504d":113,"273e504d":114,"273e504d":115,"273e504d":116,"273e504d":117,"273e504d":118,"273e504d":119
1601342251086,"06e595d1":100,"06e595d1":101,"06e595d1":102,"06e595d1":103,"06e595d1":104,"06e595d1":105,"06e595d1":106,"06e595d1":107,"06e595d1":108,"06e595d1":109,"06e595d1":110,"06e595d1":111
1601342251718,"06e595d1":112,"06e595d1":113,"06e595d1":114,"06e595d1":115,"06e595d1":116,"06e595d1":117,"06e595d1":118,"06e595d1":119
1601342252066,"e4461620":100,"e4461620":101,"e4461620":102,"e4461620":103,"e4461620":104,"e4461620":105,"e4461620":106,"e4461620":107,"e4461620":108,"e4461620":109,"e4461620":110,"e4461620":111,"e4461620":112,"e4461620":113,"e4461620":114,"e4461620":115,"e4461620":116,"e4461620":117,"e4461620":118,"e4461620":119,"352cf93c":100,"352cf93c":101,"352cf93c":102,"352cf93c":103,"352cf93c":104,"352cf93c":105,"352cf93c":106,"352cf93c":107,"352cf93c":108,"352cf93c":109,"352cf93c":110,"352cf93c":111,"352cf93c":112,"352cf93c":113,"720b22b1":100,"720b22b1":101,"720b22b1":102,"720b22b1":103,"352cf93c":114,"352cf93c":115,"352cf93c":116,"352cf93c":117,"352cf93c":118,"352cf93c":119,"720b22b1":104,"720b22b1":105,"720b22b1":106,"720b22b1":107,"720b22b1":108,"720b22b1":109,"720b22b1":110,"720b22b1":111,"720b22b1":112,"720b22b1":113,"720b22b1":114,"720b22b1":115,"720b22b1":116,"720b22b1":117,"720b22b1":118,"720b22b1":119
1601342253231,"273e504d":120,"273e504d":121,"273e504d":122,"273e504d":123,"273e504d":124,"273e504d":125,"273e504d":126,"273e504d":127,"273e504d":128,"273e504d":129,"273e504d":130,"273e504d":131,"273e504d":132,"273e504d":133,"273e504d":134,"273e504d":135,"273e504d":136,"273e504d":137,"273e504d":138,"273e504d":139
1601342254004,"06e595d1":120,"06e595d1":121,"06e595d1":122,"06e595d1":123,"06e595d1":124,"06e595d1":125,"06e595d1":126,"06e595d1":127,"06e595d1":128,"06e595d1":129,"06e595d1":130,"06e595d1":131,"06e595d1":132,"06e595d1":133,"06e595d1":134,"06e595d1":135,"06e595d1":136,"06e595d1":137,"06e595d1":138,"06e595d1":139
1601342255133,"352cf93c":120,"352cf93c":121,"352cf93c":122,"352cf93c":123,"352cf93c":124,"352cf93c":125,"352cf93c":126,"352cf93c":127,"352cf93c":128,"352cf93c":129,"352cf93c":130,"352cf93c":131,"352cf93c":132,"352cf93c":133,"352cf93c":134,"352cf93c":135,"352cf93c":136,"352cf93c":137,"352cf93c":138,"352cf93c":139
1601342255569,"273e504d":140,"273e504d":141,"273e504d":142,"273e504d":143,"273e504d":144,"273e504d":145,"273e504d":146,"273e504d":147,"273e504d":148,"273e504d":149,"e4461620":120,"e4461620":121,"e4461620":122,"e4461620":123,"e4461620":124,"e4461620":125,"e4461620":126,"e4461620":127,"e4461620":128,"e4461620":129,"e4461620":130,"e4461620":131,"e4461620":132,"e4461620":133,"e4461620":134,"e4461620":135,"e4461620":136,"e4461620":137,"e4461620":138,"e4461620":139,"720b22b1":120,"720b22b1":121,"720b22b1":122,"720b22b1":123,"720b22b1":124,"720b22b1":125,"720b22b1":126,"720b22b1":127,"720b22b1":128,"720b22b1":129,"720b22b1":130,"720b22b1":131,"720b22b1":132,"720b22b1":133,"720b22b1":134,"720b22b1":135,"720b22b1":136,"720b22b1":137,"720b22b1":138,"720b22b1":139
1601342256831,"06e595d1":140,"06e595d1":141,"06e595d1":142,"06e595d1":143,"06e595d1":144,"06e595d1":145,"06e595d1":146,"06e595d1":147,"06e595d1":148,"06e595d1":149
1601342258086,"720b22b1":140,"720b22b1":141,"e4461620":140,"e4461620":141,"e4461620":142,"e4461620":143,"e4461620":144,"e4461620":145,"e4461620":146,"e4461620":147,"e4461620":148,"e4461620":149,"720b22b1":142,"720b22b1":143,"720b22b1":144,"720b22b1":145,"720b22b1":146,"720b22b1":147,"720b22b1":148,"720b22b1":149,"352cf93c":140,"352cf93c":141,"352cf93c":142,"352cf93c":143,"352cf93c":144,"352cf93c":145,"352cf93c":146,"352cf93c":147,"352cf93c":148,"352cf93c":149
1601342271171,"96dbbb87":0,"c0b9994c":0,"07164798":0,"ca976943":0,"57c3f1e9":0,"f4ab5d17":0,"45cd4a5a":0,"819224b0":0,"4cfe91bf":0,"7185e2bb":0,"97db3783":0,"fb10257e":0,"bbc993a7":0,"ec2a5273":0,"1307f438":0,"c75c3a59":0,"db3e909c":0,"d5f7f144":0,"9343a99e":0,"4ac68c8b":0,"080c4bd5":0,"547a6bc5":0,"57e23566":0,"78fffd5e":0,"297f0cf1":0,"6610562f":0,"07ecdfe8":0,"52dc98f1":0,"6a610742":0,"db0f3719":0,"ebef9ce2":0,"051ba221":0,"a220fe3a":0,"813ad11d":0,"1ac9c94a":0,"d4dde331":0,"14f94c8b":0,"42ba023a":0,"0e85d93e":0,"f8c9f970":0,"40f9cc21":0,"7386faae":0,"715fcb21":0,"df6c39dc":0,"2b852b9e":0,"dd560599":0,"3a99944a":0,"f09c1a94":0,"55297318":0,"067c54fe":0,"bce2771a":0,"a51daa9f":0,"63988afb":0,"b9a48a93":0,"e8d86cbc":0,"aebf3b33":0,"11684169":0,"d147e6b5":0,"63d6edd5":0,"a3d2ccdd":0,"cdc8bf0e":0,"768fbf36":0,"0d3589b9":0,"4c57f7ac":0,"5223c958":0,"273d36c2":0,"4eeb39f1":0,"3f1eee30":0,"2ba6213d":0,"16c0a912":0,"7cba76cf":0,"72c56d1c":0,"9b463a2a":0,"f41eaf34":0,"f298bcbf":0,"4a763546":0,"c21874ec":0,"1873500a":0,"bc9c493e":0,"9382ec28":0,"dfdb64c8":0,"4b4162e9":0,"e7429f3c":0,"7f98f522":0,"a56a328e":0,"5375c811":0,"69bf0800":0,"72641867":0,"5b1e25c4":0,"32ba9d78":0,"6cf6c4bc":0,"cec92e18":0,"b07ca1bd":0,"cb9c9152":0,"d76c1d37":0,"2039574a":0,"40e252a4":0,"6cb5086f":0,"3ae00b8f":0,"a761f8f5":0,"c6c6992a":0,"a3839281":0,"1b24b4ff":0,"6ab0d53e":0,"52da9e19":0,"6d48a174":0,"4677af23":0,"5e4e43db":0,"b454150b":0,"eda5c755":0,"f2cd3ebc":0,"104f2396":0,"35a48f87":0,"cf00d650":0,"beac0ee2":0,"791bf467":0,"3b8d25ff":0,"a7a06c1a":0,"5c3f17ec":0,"db0ce1c8":0,"f90c0849":0,"5f945047":0,"044a88aa":0,"d1a289b2":0,"e6195187":0,"bd3b08c8":0,"bfe3821a":0,"c73ed296":0,"ee47d5c7":0,"cb6e1673":0,"7e5c1797":0,"ad7e8566":0,"3be3b1d6":0,"8761d154":0,"6925d722":0,"b0f6856a":0,"8d47eded":0,"959ab456":0,"07e9898d":0,"0b3839df":0,"5bb74d73":0,"52e9d05c":0,"4ac63f74":0,"b14fe130":0,"10525df4":0,"bdfd3617":0,"874ce56c":0,"39745199":0,"d5124eb3":0,"3e524869":0,"6eb061df":0,"3054330c":0,"2abe25f2":0,"e168fcf2":0,"44c69bee":0,"76276129":0,"ce5442f1":0,"8856caae":0,"6745622c":0,"d9ba75e8":0,"7dd6ea3c":0,"ecdd3143":0,"13deecd5":0,"7e7daf9f":0,"c9273748":0,"22d0ae6d":0,"7fb1f07b":0,"348f485d":0,"5b1d72af":0,"e4dd087f":0,"dae44b34":0,"1b1157e7":0,"8cc9ba96":0,"9b994c2e":0,"b5e4a1fb":0,"f5623884":0,"bb0e8b99":0,"f7bdc6ed":0,"85154dfa":0,"3b3adb85":0,"e9bf8b4c":0,"771eec81":0,"627d8f93":0,"1609db43":0,"b5fed921":0,"5ebaae22":0,"558399e5":0,"fb4c4ee3":0,"9c330774":0,"1e1bda06":0,"588c2a3e":0,"d9818c07":0,"33bb4704":0,"e4fb6248":0,"f73a0d75":0,"519a20c4":0,"f8fabf90":0,"b2a9ba34":0,"8d7a0582":0,"c6c94284":0,"d92b2605":0,"75e35367":0,"774a0289":0,"d02953e3":0,"905262e2":0,"d3d015e6":0,"de77ac89":0,"bbbc824a":0,"3a1f5ae4":0,"787779e8":0,"6663d5d9":0,"3a883cfb":0,"2d99537c":0,"ba5c5265":0,"a3119bdf":0,"f75b475b":0,"af734ebd":0,"1ea5a40f":0,"01c1c69a":0,"d7ff1a4a":0,"bcfef8da":0,"44c42389":0,"96541cb4":0,"357f2116":0,"48e6dd99":0,"58321f1b":0,"158dd176":0,"4dfc5a41":0,"2fd2a60b":0,"89dcf83b":0,"c1902280":0,"092e2a87":0,"b8a914d2":0,"b83be04c":0,"7ba9f8ab":0,"a2111966":0,"500e74ab":0,"5a4fa996":0,"244dfc2c":0,"1cda2061":0,"4a014f08":0,"c766d858":0,"728fefdc":0,"520c8a52":0,"f82646db":0,"dffa6533":0,"55fbb111":0,"22191828":0,"87622b13":0,"9da16a9e":0,"c41e4c25":0,"c2123146":0,"b1dce2dc":0,"f7f8b7ac":0,"96d8e385":0,"caa2d163":0,"6adb28ac":0,"a5daf5df":0,"57a2311c":0,"75ab1b16":0,"81bd980b":0,"560e0b2c":0,"10419702":0,"b9b735d6":0,"afc27cb9":0,"67bd32f7":0,"a8d6194c":0,"723576ba":0,"f21c9d7b":0,"1f96bc96":0,"81d2dd26":0,"5116b93f":0,"40d8b048":0,"67e01977":0,"7d60823e":0,"53b5e41e":0,"e5fb7112":0,"0fd2c349":0,"a992b109":0,"38084c7e":0,"da4a6543":0,"c28b63e9":0,"99919ec2":0,"e242806b":0,"8ed71fb9":0,"99041265":0,"86099679":0,"f927d765":0,"7cb2057f":0,"b0f3fd15":0,"d1fd9da4":0,"6439aaee":0,"88161c40":0,"88c3e5c5":0,"6e10d906":0,"6856ee9e":0,"98176570":0,"72569a65":0,"eaebbdf0":0,"c1518a4e":0,"a8bd800d":0,"a1c4060e":0,"6fe5c002":0,"2736fbb6":0,"20e23200":0
1601342271171,"d52a55b6":0,"dee6d43e":0,"a118f11f":0,"32f00abd":0,"90ddae1d":0,"bff10d1c":0,"663b823f":0,"4504577e":0,"3f5fd1c8":0,"f672f431":0,"01194fa0":0,"7fa9710f":0,"c4ef3f93":0,"b7dbf80d":0,"62c0aef7":0,"2a08b463":0,"2aa4815b":0,"bc99d763":0,"cccd79c4":0,"bd9a46e5":0,"33d02df8":0,"3d57952e":0,"c7d1343f":0,"796adb1b":0,"8d447475":0,"a0ddeba0":0,"2066f2d4":0,"e861b77e":0,"c27f791f":0,"92e04248":0,"3cf6ef1b":0,"25563216":0,"e1449176":0,"c301aeb2":0,"bee1cd8f":0,"182be256":0,"763b0d99":0,"707e3bc2":0,"803dd453":0,"344be485":0,"0f0d2df2":0,"506cbc4b":0,"cc962d0b":0,"b004c48e":0,"754737e3":0,"ffaeb177":0,"17cc281f":0,"9a370766":0,"857a3bb1":0,"995af8a3":0,"58c60e21":0,"e0744d17":0,"3dd626d3":0,"87c5ece5":0,"47d39089":0,"d58319f9":0,"50e24b10":0,"3e98ddd5":0,"23bd9ced":0,"55abe0b8":0,"7281f4dc":0,"77f73a7f":0,"f8bcfeff":0,"21fd9d26":0,"064ff197":0,"3fc28e31":0,"e520deec":0,"3ee4e6a0":0,"eb9caaae":0,"38c4ea93":0,"1300b724":0,"0fbb63d5":0,"3f899d3a":0,"25ea3bf0":0,"78de3080":0,"e8cb7253":0,"fbd4c0c1":0,"68ac72ff":0,"dde093cc":0,"19dda7d2":0,"c4895772":0,"945e6d00":0,"1b420d1e":0,"94749e4c":0,"86784343":0,"dd7f23f2":0,"e9cdd250":0,"37a0cfb8":0,"c4594193":0,"7efd8314":0,"de194398":0,"fda01550":0,"21331918":0,"551d3faa":0,"a5589f48":0,"18e591dd":0,"49dc4ad5":0,"db6bfc38":0,"0b756e16":0,"6557a142":0,"3b6c71b9":0,"f340739a":0,"0ae7ee77":0,"761ae350":0,"16df0ce6":0,"4e7d1f7c":0,"144f0630":0,"ea2dd488":0,"ae9723c4":0,"22f4cad9":0,"35c4bf8e":0,"d8e6f38c":0,"14123b46":0,"4ee0141e":0,"c9c0d701":0,"5cc72da1":0,"78668042":0,"7dee3dd7":0,"3329ffc1":0,"3c9361b2":0,"55427098":0,"ee081f94":0,"5337facd":0,"75d1a434":0,"0bc7e2c5":0,"72240288":0,"fc8c202e":0,"3a609b0a":0,"e04b4348":0,"19a2aa15":0,"119e9bd7":0,"4cf26880":0,"9b75d71d":0,"3a66212b":0,"68c17d3e":0,"4e5306d1":0,"ae68972c":0,"6329b84d":0,"a333fb37":0,"372c0470":0,"a80f45ad":0,"9d2777fc":0,"e8fa849b":0,"048a39c7":0,"6ed96f68":0,"deedfcd5":0,"74b281f1":0,"164fd8c3":0,"e879fc97":0,"0fa52316":0,"05d1e26b":0,"c9ad3b4f":0,"39479ad1":0,"75b381c7":0,"9aab9641":0,"1674a388":0,"845f6adb":0,"6b54b848":0,"2d75c252":0,"a47eb7fd":0,"64e90098":0,"45802d2c":0,"b58d012b":0,"b4987948":0,"004b357c":0,"971630c0":0,"8566c82e":0,"8189b6e5":0,"59c8d711":0,"35b27657":0,"c84e80bb":0,"41bf5999":0,"4d9b4cb0":0,"8c9e5a22":0,"c9bffda2":0,"fe9834c7":0,"c517d097":0,"b5536f27":0,"fd3ef153":0,"181a1d55":0,"6189548c":0,"978dd514":0,"254d07eb":0,"40a4c678":0,"c4a435b2":0,"cb0d4b12":0,"08722ac6":0,"82665043":0,"f00c339e":0,"ba2a3aa9":0,"14694c51":0,"272ca30d":0,"20fef9e0":0,"8545f502":0,"bc244c46":0,"28f8a2fc":0,"010af542":0,"9bc79747":0,"1d9435ed":0,"5768f2c5":0,"cdd6bd96":0,"9328922e":0,"b10950b7":0,"39f3068f":0,"9f55bd19":0,"765c823e":0,"8b925992":0,"cf9cdb26":0,"98345216":0,"b209a6ed":0,"5853f2b8":0,"009c0188":0,"59f3086b":0,"3cc75985":0,"12b0a235":0,"bb635bda":0,"50ebaf30":0,"35b70b31":0,"e44065e1":0,"4034b43c":0,"dd6ee1bb":0,"e3f18c9c":0,"401bdee1":0,"e880f8cf":0,"7ed560bf":0,"930a1ba1":0,"8853db78":0,"74e830e4":0,"60fd32f2":0,"70698ba6":0,"ca82b6ac":0,"1e9972a2":0,"b18f17bd":0,"84117fbf":0,"914e7377":0,"7a7804b8":0,"7c893b4a":0,"32030f9a":0,"0f77b54f":0,"d29f5341":0,"3162fc3e":0,"80485b50":0,"1e11e78f":0,"601e5353":0,"00949117":0,"a3369a2b":0,"798a79a2":0,"cf1dc0ee":0,"9e1d5681":0,"2dd8f7ce":0,"e86fc9e6":0,"2f67a3a5":0,"0a927ad6":0,"b4389247":0,"f2cbb3cd":0,"737b9eeb":0,"2431e14b":0,"3e522422":0,"b18046d0":0,"557dc9c4":0,"b267df76":0,"b5b0029a":0,"796a6ed8":0,"c503b689":0,"aa209e3d":0,"010ea1c8":0,"fbf3651b":0,"372877f1":0,"b7309ca5":0,"e25cc18c":0,"3611b438":0,"0d0c313d":0,"b3104fb3":0,"c0594153":0,"3ec70845":0,"f83d27a5":0,"d95b0b8d":0,"005dfa13":0,"9678a34c":0,"9dfc73cd":0,"2ade3571":0,"855cf9c1":0,"8a282cd3":0,"9ec0ba4b":0,"143c4f00":0,"14b01bf9":0,"aac3a431":0,"ca538606":0,"2d6e0688":0,"c1c866d0":0,"24ee99e7":0,"92c21589":0,"7c6f9d3c":0,"9be14648":0,"abc83c3b":0,"26e820a3":0,"f4055bf1":0,"d4c2642c":0,"3ace5b20":0,"6cbcd80f":0,"93498ef4":0,"30a8b197":0,"8c033101":0,"945225fc":0,"06f50749":0,"b264733d":0,"8ebb514e":0,"c26a5ce6":0,"af4f7603":0,"813ae78f":0,"839eb1de":0,"4d63ec04":0,"93559add":0,"0cf7f835":0,"8265a75d":0,"6810aa14":0,"3008aab5":0,"5c9d2084":0,"9a1cf352":0,"b2ff7fa6":0,"fe5b564c":0,"9c48ba24":0,"80eaf4e1":0,"9723f46b":0,"e321ae53":0,"22b0e0da":0,"91b48316":0,"c20a7dc2":0,"04556bf4":0,"c7a5776a":0,"c727bbf6":0,"cc38cad7":0,"958a8e83":0,"67e36409":0,"d85a903e":0,"2f5a9beb":0,"967ae91f":0,"65931530":0,"44c03702":0,"23b2f71e":0,"3bf4af36":0,"c8ee2165":0,"7843d0ec":0,"6eaf7922":0,"d55801f6":0,"69c1ae5f":0,"dbfbbf2e":0,"1353c5fa":0,"efc5794c":0,"8ef6ae21":0,"71afad6a":0,"9a98d440":0,"73c564ce":0,"28c8677c":0,"27adc46d":0,"32a7ff6b":0,"c9475985":0,"8dd13892":0,"287e8a20":0,"bbd4d0d5":0,"a222dd94":0,"cb3011fc":0,"98100317":0,"4e67c347":0,"0da6f208":0,"46fb72e7":0,"b26d96be":0,"c9042974":0,"7b143f35":0,"2f060220":0,"2f779dc6":0,"b42c4dde":0,"8c67bfb8":0,"3ab46feb":0,"dd4b0215":0,"ada45c2a":0,"f9927fcf":0,"cfa660c7":0,"6fad4e62":0,"90f7b21c":0,"c9e30703":0,"3ebace06":0,"602fad90":0,"8fafc6e9":0,"6d2f6d21":0,"7f311162":0,"e369e795":0,"9d6445c6":0,"fb18aabe":0,"fc4e2bf0":0,"d91942f0":0,"b6fa507d":0,"754d8f44":0,"1d44117b":0,"a1724c9a":0,"8509dd8d":0,"f4948a5c":0,"2582ba5b":0,"41b4da3f":0,"3546437f":0,"30e288b9":0,"f7c164e9":0,"f366f149":0,"18609ee3":0,"e98699bd":0,"ef9d0f42":0,"a83ea204":0,"1634e3b6":0,"ed9e5561":0,"ea6a3613":0,"1c88e524":0,"4240067c":0,"354cc647":0,"195469d2":0,"1fa73ef0":0,"593222a8":0,"066e8094":0,"895797a3":0,"a4525484":0,"c7864be8":0,"ab8f105c":0,"a3b4ce1e":0,"eb6a1e11":0,"fe448013":0,"ff869bdb":0,"4f8687a5":0,"e251a299":0,"0aa0b264":0,"04a2bf37":0,"ed5f0d13":0,"3bef30de":0,"fa5d0a91":0,"4bb05974":0,"833fe5e8":0,"34d59ed3":0,"cc0a5e54":0,"f9c2531b":0,"b467683a":0,"08dd000b":0,"11367d2a":0,"f1eb52a1":0,"e18082f0":0,"8e09cc60":0,"cb24d396":0,"65122b1e":0
1601342275465,"2a08b463":1,"cccd79c4":1,"796adb1b":1,"3a609b0a":1,"62c0aef7":1,"4cf26880":1,"bc99d763":1,"3a66212b":1,"2aa4815b":1,"33d02df8":1,"c7d1343f":1,"bd9a46e5":1,"ae68972c":1,"fc8c202e":1,"a333fb37":1,"3d57952e":1,"19a2aa15":1,"e04b4348":1,"048a39c7":1,"68c17d3e":1,"74b281f1":1,"119e9bd7":1,"6329b84d":1,"0fa52316":1,"9b75d71d":1,"372c0470":1,"4e5306d1":1,"05d1e26b":1,"9d2777fc":1,"9aab9641":1,"a80f45ad":1,"6ed96f68":1,"e8fa849b":1,"6b54b848":1,"164fd8c3":1,"b4987948":1,"deedfcd5":1,"e879fc97":1,"39479ad1":1,"8566c82e":1,"1674a388":1,"c9ad3b4f":1,"35b27657":1,"4d9b4cb0":1,"75b381c7":1,"2d75c252":1,"d52a55b6":1,"dee6d43e":1,"a118f11f":1,"bff10d1c":1,"32f00abd":1,"90ddae1d":1,"4504577e":1,"663b823f":1,"01194fa0":1,"3f5fd1c8":1,"f672f431":1,"7fa9710f":1,"b7dbf80d":1,"c4ef3f93":1,"a0ddeba0":1,"2066f2d4":1,"8d447475":1,"e861b77e":1,"92e04248":1,"c27f791f":1,"e1449176":1,"3cf6ef1b":1,"25563216":1,"c301aeb2":1,"182be256":1,"bee1cd8f":1,"707e3bc2":1,"763b0d99":1,"803dd453":1,"fe9834c7":1,"64e90098":1,"845f6adb":1,"b5536f27":1,"6189548c":1,"b58d012b":1,"a47eb7fd":1,"254d07eb":1,"c4a435b2":1,"971630c0":1,"45802d2c":1,"59c8d711":1,"82665043":1,"004b357c":1,"41bf5999":1,"8189b6e5":1,"930a1ba1":1,"c9bffda2":1,"60fd32f2":1,"c84e80bb":1,"fd3ef153":1,"1e9972a2":1,"8c9e5a22":1,"978dd514":1,"84117fbf":1,"08722ac6":1,"c517d097":1,"181a1d55":1,"ba2a3aa9":1,"7c893b4a":1,"8853db78":1,"40a4c678":1,"d29f5341":1,"74e830e4":1,"1e11e78f":1,"cb0d4b12":1,"ca82b6ac":1,"a3369a2b":1,"f00c339e":1,"7a7804b8":1,"7ed560bf":1,"9e1d5681":1,"32030f9a":1,"70698ba6":1,"2f67a3a5":1,"80485b50":1,"f2cbb3cd":1,"b18f17bd":1,"00949117":1,"914e7377":1,"3e522422":1,"798a79a2":1,"0f77b54f":1,"796a6ed8":1,"e86fc9e6":1,"010ea1c8":1,"3162fc3e":1,"b4389247":1,"601e5353":1,"372877f1":1,"cf1dc0ee":1,"737b9eeb":1,"0d0c313d":1,"2dd8f7ce":1,"0f0d2df2":1,"344be485":1,"506cbc4b":1,"17cc281f":1,"cc962d0b":1,"b004c48e":1,"995af8a3":1,"ffaeb177":1,"754737e3":1,"e0744d17":1,"857a3bb1":1,"87c5ece5":1,"9a370766":1,"3dd626d3":1,"50e24b10":1,"58c60e21":1,"55abe0b8":1,"d58319f9":1,"47d39089":1,"3e98ddd5":1,"23bd9ced":1,"f8bcfeff":1,"7281f4dc":1,"77f73a7f":1,"3fc28e31":1,"21fd9d26":1,"eb9caaae":1,"e520deec":1,"064ff197":1,"0fbb63d5":1,"3ee4e6a0":1,"38c4ea93":1,"25ea3bf0":1,"3f899d3a":1,"1300b724":1,"e8cb7253":1,"fbd4c0c1":1,"78de3080":1,"68ac72ff":1,"dde093cc":1,"19dda7d2":1,"c4895772":1,"945e6d00":1,"86784343":1,"1b420d1e":1,"94749e4c":1,"dd7f23f2":1,"c4594193":1,"e9cdd250":1,"7efd8314":1,"37a0cfb8":1,"de194398":1,"21331918":1,"fda01550":1,"551d3faa":1,"18e591dd":1,"a5589f48":1,"49dc4ad5":1,"0b756e16":1,"3ec70845":1,"b18046d0":1,"0a927ad6":1,"d95b0b8d":1,"2431e14b":1,"b5b0029a":1,"557dc9c4":1,"aa209e3d":1,"9dfc73cd":1,"b267df76":1,"fbf3651b":1,"2ade3571":1,"c503b689":1,"e25cc18c":1,"b7309ca5":1,"9ec0ba4b":1,"2d6e0688":1,"3611b438":1,"c0594153":1,"b3104fb3":1,"c1c866d0":1,"005dfa13":1,"f83d27a5":1,"abc83c3b":1,"8a282cd3":1,"9678a34c":1,"855cf9c1":1,"143c4f00":1,"26e820a3":1,"14b01bf9":1,"6cbcd80f":1,"aac3a431":1,"24ee99e7":1,"ca538606":1,"92c21589":1,"7c6f9d3c":1,"9be14648":1,"f4055bf1":1,"d4c2642c":1,"3ace5b20":1,"db6bfc38":1,"f340739a":1,"6557a142":1,"3b6c71b9":1,"0ae7ee77":1,"761ae350":1,"4e7d1f7c":1,"16df0ce6":1,"ae9723c4":1,"144f0630":1,"22f4cad9":1,"d8e6f38c":1,"ea2dd488":1,"14123b46":1,"4ee0141e":1,"35c4bf8e":1,"78668042":1,"5cc72da1":1,"3329ffc1":1,"3c9361b2":1,"c9c0d701":1,"5337facd":1,"7dee3dd7":1,"ee081f94":1,"55427098":1,"75d1a434":1,"0bc7e2c5":1,"72240288":1,"272ca30d":1,"20fef9e0":1,"bc244c46":1,"8545f502":1,"14694c51":1,"9bc79747":1,"28f8a2fc":1,"1d9435ed":1,"9328922e":1,"b10950b7":1,"010af542":1,"39f3068f":1,"5768f2c5":1,"765c823e":1,"8b925992":1,"98345216":1,"cdd6bd96":1,"009c0188":1,"9f55bd19":1,"b209a6ed":1,"cf9cdb26":1,"12b0a235":1,"59f3086b":1,"5853f2b8":1,"50ebaf30":1,"bb635bda":1,"dd6ee1bb":1,"e44065e1":1,"3cc75985":1,"35b70b31":1,"e3f18c9c":1,"4034b43c":1,"401bdee1":1,"e880f8cf":1,"fb10257e":1,"bbc993a7":1,"ec2a5273":1,"1307f438":1,"c75c3a59":1,"db3e909c":1,"d5f7f144":1,"a8bd800d":1,"2736fbb6":1,"a1c4060e":1,"96dbbb87":1,"c0b9994c":1,"57c3f1e9":1,"45cd4a5a":1,"7185e2bb":1,"813ad11d":1,"ca976943":1,"d4dde331":1,"07164798":1,"40f9cc21":1,"819224b0":1,"f4ab5d17":1,"df6c39dc":1,"97db3783":1,"3a99944a":1,"4cfe91bf":1,"1ac9c94a":1,"55297318":1,"14f94c8b":1,"a220fe3a":1,"63988afb":1,"f8c9f970":1,"42ba023a":1,"715fcb21":1,"0e85d93e":1,"11684169":1,"dd560599":1,"d147e6b5":1,"067c54fe":1,"cdc8bf0e":1,"9343a99e":1,"4ac68c8b":1,"080c4bd5":1,"547a6bc5":1,"57e23566":1,"78fffd5e":1,"6610562f":1,"297f0cf1":1,"6a610742":1,"07ecdfe8":1,"ebef9ce2":1,"52dc98f1":1,"b07ca1bd":1,"051ba221":1,"40e252a4":1,"cec92e18":1,"a761f8f5":1,"6ab0d53e":1,"d76c1d37":1,"6d48a174":1,"6cb5086f":1,"db0f3719":1,"b454150b":1,"c6c6992a":1,"cf00d650":1,"1b24b4ff":1,"cb9c9152":1,"5e4e43db":1,"3b8d25ff":1,"2039574a":1,"eda5c755":1,"db0ce1c8":1,"3ae00b8f":1,"104f2396":1,"a3839281":1,"044a88aa":1,"beac0ee2":1,"bd3b08c8":1,"52da9e19":1,"ee47d5c7":1,"a7a06c1a":1,"4677af23":1,"ad7e8566":1,"f2cd3ebc":1,"f90c0849":1,"6925d722":1,"35a48f87":1,"d1a289b2":1,"07e9898d":1,"e6195187":1,"791bf467":1,"52e9d05c":1,"cb6e1673":1,"5c3f17ec":1,"b14fe130":1,"5f945047":1,"3be3b1d6":1,"874ce56c":1,"bfe3821a":1,"b0f6856a":1,"3e524869":1,"c73ed296":1,"7e5c1797":1,"8d47eded":1,"2abe25f2":1,"8761d154":1,"76276129":1,"0b3839df":1,"959ab456":1,"905262e2":1,"5bb74d73":1,"10525df4":1,"4ac63f74":1,"d3d015e6":1,"bdfd3617":1,"787779e8":1,"39745199":1,"d5124eb3":1,"2d99537c":1,"6eb061df":1,"3054330c":1,"f75b475b":1,"e168fcf2":1,"44c69bee":1,"1ea5a40f":1,"44c42389":1,"774a0289":1,"d02953e3":1,"de77ac89":1,"bbbc824a":1,"48e6dd99":1,"6663d5d9":1,"3a1f5ae4":1,"89dcf83b":1,"b8a914d2":1,"ba5c5265":1,"3a883cfb":1,"7ba9f8ab":1,"af734ebd":1,"a3119bdf":1,"500e74ab":1,"d7ff1a4a":1,"4a014f08":1,"01c1c69a":1,"bcfef8da":1,"7386faae":1,"b9a48a93":1,"273d36c2":1,"aebf3b33":1,"2b852b9e":1,"3f1eee30":1,"a3d2ccdd":1,"72c56d1c":1,"f09c1a94":1,"0d3589b9":1,"bce2771a":1,"9b463a2a":1,"5223c958":1,"1873500a":1,"a51daa9f":1,"4eeb39f1":1,"e8d86cbc":1,"dfdb64c8":1,"7cba76cf":1,"4b4162e9":1,"63d6edd5":1,"f41eaf34":1,"768fbf36":1,"a56a328e":1,"c21874ec":1,"4c57f7ac":1,"bc9c493e":1,"69bf0800":1,"e7429f3c":1,"32ba9d78":1,"2ba6213d":1,"5375c811":1,"8856caae":1,"16c0a912":1,"6cf6c4bc":1,"f298bcbf":1,"6745622c":1,"d9ba75e8":1,"4a763546":1,"ecdd3143":1,"7e7daf9f":1,"9382ec28":1,"c9273748":1,"7fb1f07b":1,"348f485d":1,"7f98f522":1,"e4dd087f":1,"8cc9ba96":1,"1b1157e7":1,"72641867":1,"b5e4a1fb":1,"f5623884":1,"5b1e25c4":1,"bb0e8b99":1,"ce5442f1":1,"85154dfa":1,"e9bf8b4c":1,"1609db43":1,"7dd6ea3c":1,"771eec81":1,"13deecd5":1,"5ebaae22":1,"9c330774":1,"22d0ae6d":1,"558399e5":1,"5b1d72af":1,"d9818c07":1,"1e1bda06":1,"f73a0d75":1,"dae44b34":1,"588c2a3e":1,"9b994c2e":1,"8d7a0582":1,"519a20c4":1,"75e35367":1,"f8fabf90":1,"f7bdc6ed":1,"87622b13":1,"c6c94284":1,"3b3adb85":1,"627d8f93":1,"c2123146":1,"9da16a9e":1,"b5fed921":1,"f7f8b7ac":1,"caa2d163":1,"fb4c4ee3":1,"6adb28ac":1,"75ab1b16":1,"33bb4704":1,"e4fb6248":1,"10419702":1,"a5daf5df":1,"b2a9ba34":1,"afc27cb9":1,"81bd980b":1,"a8d6194c":1,"b9b735d6":1,"d92b2605":1,"5116b93f":1,"c41e4c25":1,"723576ba":1,"67e01977":1,"b1dce2dc":1,"81d2dd26":1,"53b5e41e":1,"96d8e385":1,"7d60823e":1,"57a2311c":1,"0fd2c349":1,"a992b109":1,"560e0b2c":1,"da4a6543":1,"67bd32f7":1,"c28b63e9":1,"f21c9d7b":1,"1f96bc96":1,"40d8b048":1,"e5fb7112":1,"96541cb4":1,"357f2116":1,"58321f1b":1,"158dd176":1,"4dfc5a41":1,"2fd2a60b":1,"092e2a87":1,"c1902280":1,"b83be04c":1,"a2111966":1,"5a4fa996":1,"244dfc2c":1,"1cda2061":1,"c766d858":1,"520c8a52":1,"728fefdc":1,"f82646db":1,"dffa6533":1,"22191828":1,"55fbb111":1,"e242806b":1,"99919ec2":1,"99041265":1,"8ed71fb9":1,"86099679":1,"f927d765":1,"7cb2057f":1,"b0f3fd15":1,"6439aaee":1,"d1fd9da4":1,"88161c40":1,"88c3e5c5":1,"6e10d906":1,"6856ee9e":1,"98176570":1,"72569a65":1,"eaebbdf0":1,"c1518a4e":1,"38084c7e":1,"6fe5c002":1,"20e23200":1,"30a8b197":1,"93498ef4":1,"06f50749":1,"8c033101":1,"945225fc":1,"af4f7603":1,"b264733d":1,"c26a5ce6":1,"839eb1de":1,"8ebb514e":1,"4d63ec04":1,"813ae78f":1,"0cf7f835":1,"8265a75d":1,"6810aa14":1,"93559add":1,"5c9d2084":1,"3008aab5":1,"fe5b564c":1,"b2ff7fa6":1,"9a1cf352":1,"e321ae53":1,"80eaf4e1":1,"9c48ba24":1,"91b48316":1,"22b0e0da":1,"c7a5776a":1,"9723f46b":1,"04556bf4":1,"958a8e83":1,"c20a7dc2":1,"c727bbf6":1,"cc38cad7":1,"2f5a9beb":1,"67e36409":1,"d85a903e":1,"65931530":1,"967ae91f":1,"44c03702":1,"23b2f71e":1,"3bf4af36":1,"c8ee2165":1,"7843d0ec":1,"6eaf7922":1,"d55801f6":1,"69c1ae5f":1,"efc5794c":1,"1353c5fa":1,"71afad6a":1,"dbfbbf2e":1,"8ef6ae21":1,"28c8677c":1,"9a98d440":1,"73c564ce":1,"32a7ff6b":1,"27adc46d":1,"c9475985":1,"bbd4d0d5":1,"8dd13892":1,"287e8a20":1,"4e67c347":1,"e18082f0":1,"11367d2a":1,"f1eb52a1":1,"65122b1e":1,"cb24d396":1,"8e09cc60":1,"3ab46feb":1,"2f060220":1,"2f779dc6":1,"ada45c2a":1,"b42c4dde":1,"f9927fcf":1,"8c67bfb8":1,"dd4b0215":1,"6fad4e62":1,"90f7b21c":1,"cfa660c7":1,"98100317":1,"a222dd94":1,"46fb72e7":1,"cb3011fc":1,"0da6f208":1,"c9042974":1,"b26d96be":1,"c9e30703":1,"3ebace06":1,"8fafc6e9":1,"7b143f35":1,"6d2f6d21":1,"7f311162":1,"602fad90":1,"9d6445c6":1,"e369e795":1,"d91942f0":1,"fc4e2bf0":1,"fb18aabe":1,"1d44117b":1,"754d8f44":1,"f4948a5c":1,"8509dd8d":1,"b6fa507d":1,"2582ba5b":1,"41b4da3f":1,"a1724c9a":1,"f7c164e9":1,"f366f149":1,"3546437f":1,"e98699bd":1,"18609ee3":1,"30e288b9":1,"ea6a3613":1,"ef9d0f42":1,"a83ea204":1,"4240067c":1,"ed9e5561":1,"1634e3b6":1,"195469d2":1,"354cc647":1,"1c88e524":1,"066e8094":1,"1fa73ef0":1,"593222a8":1,"895797a3":1,"a4525484":1,"c7864be8":1,"ab8f105c":1,"eb6a1e11":1,"fe448013":1,"4f8687a5":1,"a3b4ce1e":1,"e251a299":1,"0aa0b264":1,"ff869bdb":1,"04a2bf37":1,"ed5f0d13":1,"3bef30de":1,"4bb05974":1,"fa5d0a91":1,"833fe5e8":1,"cc0a5e54":1,"34d59ed3":1,"b467683a":1,"08dd000b":1,"f9c2531b":1
1601342275465,"fb10257e":2,"bbc993a7":2,"ec2a5273":2,"1307f438":2,"c75c3a59":2,"db3e909c":2,"d5f7f144":2,"9343a99e":2,"4ac68c8b":2,"080c4bd5":2,"547a6bc5":2,"57e23566":2,"78fffd5e":2,"6610562f":2,"6a610742":2,"ebef9ce2":2,"b07ca1bd":2,"40e252a4":2,"a761f8f5":2,"6ab0d53e":2,"6d48a174":2,"b454150b":2,"cf00d650":2,"3b8d25ff":2,"db0ce1c8":2,"044a88aa":2,"bd3b08c8":2,"ee47d5c7":2,"297f0cf1":2,"ad7e8566":2,"07ecdfe8":2,"52dc98f1":2,"6925d722":2,"07e9898d":2,"051ba221":2,"52e9d05c":2,"cec92e18":2,"b14fe130":2,"d76c1d37":2,"874ce56c":2,"3e524869":2,"6cb5086f":2,"db0f3719":2,"c6c6992a":2,"2abe25f2":2,"76276129":2,"cb9c9152":2,"1b24b4ff":2,"905262e2":2,"5e4e43db":2,"d3d015e6":2,"2039574a":2,"eda5c755":2,"787779e8":2,"3ae00b8f":2,"2d99537c":2,"07164798":2,"f4ab5d17":2,"4cfe91bf":2,"a220fe3a":2,"42ba023a":2,"ca976943":2,"0e85d93e":2,"819224b0":2,"7386faae":2,"2b852b9e":2,"97db3783":2,"1ac9c94a":2,"f09c1a94":2,"bce2771a":2,"14f94c8b":2,"96dbbb87":2,"f8c9f970":2,"a51daa9f":2,"104f2396":2,"a3839281":2,"f75b475b":2,"52da9e19":2,"beac0ee2":2,"4677af23":2,"1ea5a40f":2,"a7a06c1a":2,"44c42389":2,"f2cd3ebc":2,"f90c0849":2,"48e6dd99":2
1601342277223,"715fcb21":2,"c0b9994c":2,"e8d86cbc":2,"dd560599":2,"63d6edd5":2,"57c3f1e9":2,"768fbf36":2,"45cd4a5a":2,"067c54fe":2,"7185e2bb":2,"b9a48a93":2,"4c57f7ac":2,"2ba6213d":2,"aebf3b33":2,"813ad11d":2,"16c0a912":2,"a3d2ccdd":2,"f298bcbf":2,"d4dde331":2,"0d3589b9":2,"4a763546":2,"40f9cc21":2,"5223c958":2,"df6c39dc":2,"4eeb39f1":2,"9382ec28":2,"3a99944a":2,"7f98f522":2,"55297318":2,"7cba76cf":2,"72641867":2,"f41eaf34":2,"63988afb":2,"c21874ec":2,"5b1e25c4":2,"11684169":2,"d147e6b5":2,"ce5442f1":2,"bc9c493e":2,"cdc8bf0e":2,"7dd6ea3c":2,"e7429f3c":2,"273d36c2":2,"13deecd5":2,"5375c811":2,"3f1eee30":2,"22d0ae6d":2,"72c56d1c":2,"6cf6c4bc":2,"5b1d72af":2,"d9ba75e8":2,"9b463a2a":2,"dae44b34":2,"ecdd3143":2,"1873500a":2,"9b994c2e":2,"f7bdc6ed":2,"dfdb64c8":2,"c9273748":2,"3b3adb85":2,"348f485d":2,"4b4162e9":2,"35a48f87":2,"d1a289b2":2,"89dcf83b":2,"791bf467":2,"e6195187":2,"b8a914d2":2,"5c3f17ec":2,"cb6e1673":2,"7ba9f8ab":2,"5f945047":2,"3be3b1d6":2,"500e74ab":2,"bfe3821a":2,"4a014f08":2,"c73ed296":2,"b0f6856a":2,"8d47eded":2,"7e5c1797":2,"0b3839df":2,"8761d154":2,"959ab456":2,"10525df4":2,"bdfd3617":2,"5bb74d73":2,"1b1157e7":2,"627d8f93":2,"a56a328e":2,"b5fed921":2,"b5e4a1fb":2,"fb4c4ee3":2,"69bf0800":2,"bb0e8b99":2,"32ba9d78":2,"e9bf8b4c":2,"33bb4704":2,"8856caae":2,"771eec81":2,"e4fb6248":2,"558399e5":2,"b2a9ba34":2,"6745622c":2,"d92b2605":2,"7e7daf9f":2,"1e1bda06":2,"c41e4c25":2,"588c2a3e":2,"7fb1f07b":2,"b1dce2dc":2,"519a20c4":2,"e4dd087f":2,"8cc9ba96":2,"f8fabf90":2,"96d8e385":2,"57a2311c":2,"c6c94284":2,"f5623884":2,"85154dfa":2,"9da16a9e":2,"560e0b2c":2,"67bd32f7":2,"f7f8b7ac":2,"1609db43":2,"5ebaae22":2,"6adb28ac":2,"f21c9d7b":2,"a5daf5df":2,"9c330774":2,"1f96bc96":2,"81bd980b":2,"d9818c07":2,"40d8b048":2,"b9b735d6":2,"e5fb7112":2,"f73a0d75":2,"4ac63f74":2,"d5124eb3":2,"39745199":2,"6eb061df":2,"e168fcf2":2,"3054330c":2,"774a0289":2,"44c69bee":2,"de77ac89":2,"d02953e3":2,"bbbc824a":2,"6663d5d9":2,"3a1f5ae4":2,"ba5c5265":2,"3a883cfb":2,"a3119bdf":2,"af734ebd":2,"01c1c69a":2,"d7ff1a4a":2,"bcfef8da":2,"357f2116":2,"96541cb4":2,"58321f1b":2,"158dd176":2,"2fd2a60b":2,"4dfc5a41":2,"c1902280":2,"092e2a87":2,"b83be04c":2,"a2111966":2,"5a4fa996":2,"244dfc2c":2,"c766d858":2,"1cda2061":2,"520c8a52":2,"dffa6533":2,"728fefdc":2,"55fbb111":2,"723576ba":2,"8d7a0582":2,"38084c7e":2,"81d2dd26":2,"75e35367":2,"7d60823e":2,"87622b13":2,"0fd2c349":2,"c2123146":2,"caa2d163":2,"a992b109":2,"da4a6543":2,"75ab1b16":2,"10419702":2,"c28b63e9":2,"afc27cb9":2,"a8d6194c":2,"5116b93f":2,"67e01977":2,"53b5e41e":2,"e242806b":2,"f82646db":2,"99041265":2,"22191828":2,"86099679":2,"99919ec2":2,"8ed71fb9":2,"b0f3fd15":2,"6439aaee":2,"f927d765":2,"7cb2057f":2,"88c3e5c5":2,"d1fd9da4":2,"6856ee9e":2,"88161c40":2,"98176570":2,"72569a65":2,"6e10d906":2,"eaebbdf0":2,"c1518a4e":2,"a8bd800d":2,"2aa4815b":2,"bd9a46e5":2,"3d57952e":2,"e04b4348":2,"119e9bd7":2,"9b75d71d":2,"4e5306d1":2,"62c0aef7":2,"a80f45ad":2,"bc99d763":2,"33d02df8":2,"e8fa849b":2,"c7d1343f":2,"deedfcd5":2,"fc8c202e":2,"e879fc97":2,"2a08b463":2,"19a2aa15":2,"c9ad3b4f":2,"68c17d3e":2,"cccd79c4":2,"6329b84d":2,"75b381c7":2,"845f6adb":2,"372c0470":2,"796adb1b":2,"a47eb7fd":2,"9d2777fc":2,"3a609b0a":2,"d52a55b6":2,"a118f11f":2,"90ddae1d":2,"663b823f":2,"f672f431":2,"c4ef3f93":2,"8d447475":2,"c27f791f":2,"e1449176":2,"bee1cd8f":2,"32f00abd":2,"707e3bc2":2,"3f5fd1c8":2,"506cbc4b":2,"7fa9710f":2,"a0ddeba0":2,"b004c48e":2,"ffaeb177":2,"e861b77e":2,"2736fbb6":2,"30a8b197":2,"06f50749":2,"af4f7603":2,"839eb1de":2,"0cf7f835":2,"6fe5c002":2,"6810aa14":2,"fe5b564c":2,"93498ef4":2,"e321ae53":2,"a1c4060e":2,"91b48316":2,"20e23200":2,"945225fc":2,"8ebb514e":2,"8c033101":2,"c7a5776a":2,"813ae78f":2,"958a8e83":2,"b264733d":2,"93559add":2,"2f5a9beb":2,"c26a5ce6":2,"3008aab5":2,"65931530":2,"4d63ec04":2,"b2ff7fa6":2,"8265a75d":2,"3bf4af36":2,"80eaf4e1":2,"6eaf7922":2,"5c9d2084":2,"22b0e0da":2,"dbfbbf2e":2,"9a1cf352":2,"04556bf4":2,"9a98d440":2,"c727bbf6":2,"9c48ba24":2,"c9475985":2,"9723f46b":2,"287e8a20":2,"67e36409":2,"967ae91f":2,"c20a7dc2":2,"98100317":2,"0da6f208":2,"cc38cad7":2,"23b2f71e":2,"7843d0ec":2,"d85a903e":2,"9a370766":2,"25563216":2,"dee6d43e":2,"58c60e21":2,"182be256":2,"bff10d1c":2,"47d39089":2,"4504577e":2,"803dd453":2,"23bd9ced":2,"01194fa0":2,"0f0d2df2":2,"77f73a7f":2,"b7dbf80d":2,"17cc281f":2,"064ff197":2,"2066f2d4":2,"995af8a3":2,"92e04248":2,"3ee4e6a0":2,"e0744d17":2,"1300b724":2,"3cf6ef1b":2,"87c5ece5":2,"50e24b10":2,"c301aeb2":2,"78de3080":2,"55abe0b8":2,"763b0d99":2,"dde093cc":2,"f8bcfeff":2,"344be485":2,"945e6d00":2,"cc962d0b":2,"86784343":2,"3fc28e31":2,"754737e3":2,"c4594193":2,"eb9caaae":2,"de194398":2,"0fbb63d5":2,"857a3bb1":2,"551d3faa":2,"3dd626d3":2,"25ea3bf0":2,"49dc4ad5":2,"d58319f9":2,"fbd4c0c1":2,"3e98ddd5":2,"6557a142":2,"19dda7d2":2,"1b420d1e":2,"0ae7ee77":2,"7281f4dc":2,"16df0ce6":2,"21fd9d26":2,"e9cdd250":2,"e520deec":2,"37a0cfb8":2,"ea2dd488":2,"38c4ea93":2,"fda01550":2,"35c4bf8e":2,"4cf26880":2,"45802d2c":2,"6ed96f68":2,"3a66212b":2,"004b357c":2,"164fd8c3":2,"ae68972c":2,"8189b6e5":2,"39479ad1":2,"c84e80bb":2,"a333fb37":2,"1674a388":2,"2d75c252":2,"048a39c7":2,"8c9e5a22":2,"64e90098":2,"c517d097":2,"74b281f1":2,"b58d012b":2,"181a1d55":2,"0fa52316":2,"40a4c678":2,"05d1e26b":2,"971630c0":2,"9aab9641":2,"cb0d4b12":2,"59c8d711":2,"41bf5999":2,"f00c339e":2,"6b54b848":2,"c9bffda2":2,"7ed560bf":2,"b4987948":2,"fd3ef153":2,"8566c82e":2,"70698ba6":2,"978dd514":2,"b18f17bd":2,"35b27657":2,"914e7377":2,"08722ac6":2,"0f77b54f":2,"ba2a3aa9":2,"4d9b4cb0":2,"3162fc3e":2,"fe9834c7":2,"8853db78":2,"b5536f27":2,"601e5353":2,"74e830e4":2,"6189548c":2,"ca82b6ac":2,"254d07eb":2,"7a7804b8":2,"cf1dc0ee":2,"c4a435b2":2,"32030f9a":2,"82665043":2,"80485b50":2,"2dd8f7ce":2,"930a1ba1":2,"0a927ad6":2,"00949117":2,"44c03702":2,"c9e30703":2,"69c1ae5f":2,"c8ee2165":2,"1353c5fa":2,"8fafc6e9":2,"d55801f6":2,"8ef6ae21":2,"efc5794c":2,"7f311162":2,"71afad6a":2,"73c564ce":2,"d91942f0":2,"28c8677c":2,"27adc46d":2,"1d44117b":2,"32a7ff6b":2,"8dd13892":2,"bbd4d0d5":2,"f4948a5c":2,"4e67c347":2,"2582ba5b":2,"a222dd94":2,"46fb72e7":2,"cb3011fc":2,"f7c164e9":2,"c9042974":2,"b26d96be":2,"3ebace06":2,"7b143f35":2,"602fad90":2,"e98699bd":2,"6d2f6d21":2,"ea6a3613":2,"9d6445c6":2,"e369e795":2,"4240067c":2,"fc4e2bf0":2,"fb18aabe":2,"195469d2":2,"754d8f44":2,"b6fa507d":2,"593222a8":2,"8509dd8d":2,"a4525484":2,"a1724c9a":2,"41b4da3f":2,"3546437f":2,"fe448013":2,"30e288b9":2,"f366f149":2,"e251a299":2,"ef9d0f42":2,"18609ee3":2,"04a2bf37":2,"ed9e5561":2,"a83ea204":2,"4bb05974":2,"60fd32f2":2,"798a79a2":2,"2431e14b":2,"1e9972a2":2,"e86fc9e6":2,"84117fbf":2,"b4389247":2,"7c893b4a":2,"557dc9c4":2,"737b9eeb":2,"d29f5341":2,"b267df76":2,"b18046d0":2,"c503b689":2,"1e11e78f":2,"b5b0029a":2,"a3369a2b":2,"b7309ca5":2,"aa209e3d":2,"9e1d5681":2,"3611b438":2,"fbf3651b":2,"2f67a3a5":2,"e25cc18c":2,"f2cbb3cd":2,"b3104fb3":2,"c0594153":2,"3e522422":2,"f83d27a5":2,"005dfa13":2,"796a6ed8":2,"8a282cd3":2,"9678a34c":2,"010ea1c8":2,"855cf9c1":2,"143c4f00":2,"372877f1":2,"aac3a431":2,"0d0c313d":2,"14b01bf9":2,"3ec70845":2,"ca538606":2,"24ee99e7":2,"92c21589":2,"7c6f9d3c":2,"d95b0b8d":2,"9be14648":2,"9dfc73cd":2,"f4055bf1":2,"d4c2642c":2,"2ade3571":2,"3ace5b20":2,"9ec0ba4b":2,"2d6e0688":2,"c1c866d0":2,"abc83c3b":2,"c9c0d701":2,"3f899d3a":2,"a5589f48":2,"e8cb7253":2,"7dee3dd7":2,"db6bfc38":2,"68ac72ff":2,"55427098":2,"3b6c71b9":2,"72240288":2,"c4895772":2,"4e7d1f7c":2,"14694c51":2,"94749e4c":2,"28f8a2fc":2,"ae9723c4":2,"dd7f23f2":2,"010af542":2,"7efd8314":2,"d8e6f38c":2,"4ee0141e":2,"21331918":2,"5768f2c5":2,"78668042":2,"18e591dd":2,"cdd6bd96":2,"3c9361b2":2,"0b756e16":2,"9f55bd19":2,"5337facd":2,"f340739a":2,"cf9cdb26":2,"5853f2b8":2,"0bc7e2c5":2,"761ae350":2,"20fef9e0":2,"3cc75985":2,"144f0630":2,"22f4cad9":2,"35b70b31":2,"8545f502":2,"1d9435ed":2,"14123b46":2,"4034b43c":2,"9328922e":2,"5cc72da1":2,"3329ffc1":2,"765c823e":2,"98345216":2,"ee081f94":2,"009c0188":2,"75d1a434":2,"272ca30d":2,"12b0a235":2,"bc244c46":2,"50ebaf30":2,"354cc647":2,"1634e3b6":2,"066e8094":2,"cc0a5e54":2,"c7864be8":2,"b467683a":2,"1c88e524":2,"e18082f0":2,"eb6a1e11":2,"1fa73ef0":2,"4f8687a5":2,"65122b1e":2,"895797a3":2,"0aa0b264":2,"ab8f105c":2,"3ab46feb":2,"3bef30de":2,"a3b4ce1e":2,"ada45c2a":2,"ff869bdb":2,"833fe5e8":2,"f9927fcf":2,"ed5f0d13":2,"f9c2531b":2,"6fad4e62":2,"fa5d0a91":2,"90f7b21c":2,"11367d2a":2,"34d59ed3":2,"cb24d396":2,"08dd000b":2,"f1eb52a1":2,"2f779dc6":2,"8c67bfb8":2,"8e09cc60":2,"2f060220":2,"dd4b0215":2,"cfa660c7":2,"b42c4dde":2,"26e820a3":2,"6cbcd80f":2,"dd6ee1bb":2,"9bc79747":2,"e3f18c9c":2,"b10950b7":2,"39f3068f":2,"401bdee1":2,"8b925992":2,"e880f8cf":2,"b209a6ed":2,"59f3086b":2,"bb635bda":2,"e44065e1":2
