1601282495756,"00000000":0
1601282497446,"00000000":1
1601282498506,"00000000":2
1601282499486,"00000000":3
1601282500347,"00000000":4
1601282502207,"00000000":5
1601282503070,"00000000":6,"00000000":7,"00000000":8,"00000000":9,"00000000":10
1601282504234,"6b5edc46":0,"6b5edc46":1,"6b5edc46":2,"744e31f5":0,"744e31f5":1,"744e31f5":2,"6b5edc46":3,"6b5edc46":4,"6b5edc46":5,"6b5edc46":6,"6b5edc46":7,"6b5edc46":8,"6b5edc46":9,"6b5edc46":10,"6b5edc46":11,"6b5edc46":12,"a65cf4a7":0,"6b5edc46":13,"6b5edc46":14,"6b5edc46":15,"6b5edc46":16,"6b5edc46":17
1601282504497,"744e31f5":3,"744e31f5":4,"744e31f5":5,"744e31f5":6,"744e31f5":7,"744e31f5":8,"744e31f5":9,"744e31f5":10,"744e31f5":11,"744e31f5":12,"744e31f5":13,"744e31f5":14,"744e31f5":15,"744e31f5":16,"744e31f5":17,"bf1d9921":0,"744e31f5":18,"744e31f5":19,"a65cf4a7":1,"a65cf4a7":2,"a65cf4a7":3,"a65cf4a7":4,"a65cf4a7":5,"a65cf4a7":6,"bccbfc06":0,"bccbfc06":1,"bccbfc06":2,"bccbfc06":3,"bccbfc06":4,"bccbfc06":5,"bccbfc06":6,"bccbfc06":7,"6b5edc46":18,"6b5edc46":19,"a65cf4a7":7,"a65cf4a7":8,"a65cf4a7":9,"a65cf4a7":10,"a65cf4a7":11,"a65cf4a7":12,"a65cf4a7":13,"a65cf4a7":14,"a65cf4a7":15,"a65cf4a7":16,"a65cf4a7":17,"a65cf4a7":18,"a65cf4a7":19,"bccbfc06":8,"bccbfc06":9,"bccbfc06":10,"bccbfc06":11,"bccbfc06":12,"bccbfc06":13,"bccbfc06":14,"bccbfc06":15,"bccbfc06":16,"bccbfc06":17,"bccbfc06":18,"bccbfc06":19,"bf1d9921":1,"bf1d9921":2,"bf1d9921":3,"bf1d9921":4,"bf1d9921":5,"bf1d9921":6,"bf1d9921":7,"bf1d9921":8,"bf1d9921":9,"bf1d9921":10,"bf1d9921":11,"bf1d9921":12,"bf1d9921":13,"bf1d9921":14,"bf1d9921":15,"bf1d9921":16,"bf1d9921":17,"bf1d9921":18,"bf1d9921":19
1601282505715,"a65cf4a7":20,"a65cf4a7":21,"a65cf4a7":22,"a65cf4a7":23,"a65cf4a7":24,"a65cf4a7":25,"a65cf4a7":26,"a65cf4a7":27,"a65cf4a7":28,"a65cf4a7":29,"a65cf4a7":30,"a65cf4a7":31,"a65cf4a7":32,"a65cf4a7":33,"a65cf4a7":34,"a65cf4a7":35,"a65cf4a7":36,"a65cf4a7":37,"a65cf4a7":38,"a65cf4a7":39,"744e31f5":20,"744e31f5":21,"6b5edc46":20,"bf1d9921":20,"bf1d9921":21,"bf1d9921":22,"bf1d9921":23,"744e31f5":22,"744e31f5":23,"744e31f5":24,"bccbfc06":20,"bccbfc06":21,"bccbfc06":22,"bccbfc06":23,"bccbfc06":24,"bccbfc06":25,"bccbfc06":26,"bccbfc06":27,"bccbfc06":28
1601282505991,"744e31f5":25,"744e31f5":26,"744e31f5":27,"744e31f5":28,"744e31f5":29,"744e31f5":30,"744e31f5":31,"744e31f5":32,"744e31f5":33,"744e31f5":34,"744e31f5":35,"744e31f5":36,"744e31f5":37,"744e31f5":38,"744e31f5":39,"6b5edc46":21,"6b5edc46":22,"6b5edc46":23,"6b5edc46":24,"6b5edc46":25,"6b5edc46":26,"6b5edc46":27,"6b5edc46":28,"6b5edc46":29,"6b5edc46":30,"6b5edc46":31,"6b5edc46":32,"6b5edc46":33,"6b5edc46":34,"6b5edc46":35,"6b5edc46":36,"6b5edc46":37,"6b5edc46":38,"6b5edc46":39,"bf1d9921":24,"bf1d9921":25,"bf1d9921":26,"bf1d9921":27,"bf1d9921":28,"bf1d9921":29,"bf1d9921":30,"bf1d9921":31,"bf1d9921":32,"bf1d9921":33,"bf1d9921":34,"bf1d9921":35,"bf1d9921":36,"bf1d9921":37,"bf1d9921":38,"bf1d9921":39,"bccbfc06":29,"bccbfc06":30,"bccbfc06":31,"bccbfc06":32,"bccbfc06":33,"bccbfc06":34,"bccbfc06":35,"bccbfc06":36,"bccbfc06":37,"bccbfc06":38,"bccbfc06":39
1601282506941,"a65cf4a7":40,"a65cf4a7":41,"a65cf4a7":42,"a65cf4a7":43,"a65cf4a7":44,"a65cf4a7":45,"a65cf4a7":46,"a65cf4a7":47,"a65cf4a7":48,"a65cf4a7":49,"a65cf4a7":50,"a65cf4a7":51,"a65cf4a7":52,"a65cf4a7":53,"a65cf4a7":54,"a65cf4a7":55,"a65cf4a7":56,"a65cf4a7":57,"a65cf4a7":58,"a65cf4a7":59
1601282507316,"bccbfc06":40,"bccbfc06":41,"bccbfc06":42,"bccbfc06":43,"bccbfc06":44,"bccbfc06":45,"bccbfc06":46,"bccbfc06":47,"bccbfc06":48,"bccbfc06":49,"bccbfc06":50,"bccbfc06":51,"bccbfc06":52,"bccbfc06":53,"bccbfc06":54,"bccbfc06":55,"bccbfc06":56,"bccbfc06":57,"bccbfc06":58,"bccbfc06":59,"6b5edc46":40
1601282507544,"744e31f5":40,"744e31f5":41,"744e31f5":42,"744e31f5":43,"744e31f5":44,"744e31f5":45,"744e31f5":46,"6b5edc46":41,"6b5edc46":42,"6b5edc46":43,"6b5edc46":44,"6b5edc46":45,"6b5edc46":46,"744e31f5":47,"744e31f5":48,"744e31f5":49,"744e31f5":50,"744e31f5":51,"744e31f5":52,"744e31f5":53,"744e31f5":54,"744e31f5":55,"744e31f5":56,"744e31f5":57,"744e31f5":58,"744e31f5":59,"6b5edc46":47,"6b5edc46":48,"6b5edc46":49,"6b5edc46":50,"6b5edc46":51,"6b5edc46":52,"6b5edc46":53,"6b5edc46":54,"6b5edc46":55,"6b5edc46":56,"6b5edc46":57,"6b5edc46":58,"6b5edc46":59,"bf1d9921":40,"bf1d9921":41,"bf1d9921":42,"bf1d9921":43,"bf1d9921":44,"bf1d9921":45,"bf1d9921":46,"bf1d9921":47,"bf1d9921":48,"bf1d9921":49,"bf1d9921":50,"bf1d9921":51,"bf1d9921":52,"bf1d9921":53,"bf1d9921":54,"bf1d9921":55,"bf1d9921":56,"bf1d9921":57,"bf1d9921":58,"bf1d9921":59
1601282508122,"a65cf4a7":60,"a65cf4a7":61,"a65cf4a7":62,"a65cf4a7":63,"a65cf4a7":64,"a65cf4a7":65,"a65cf4a7":66,"a65cf4a7":67,"a65cf4a7":68,"a65cf4a7":69,"a65cf4a7":70,"a65cf4a7":71,"a65cf4a7":72,"a65cf4a7":73,"a65cf4a7":74,"a65cf4a7":75,"a65cf4a7":76,"a65cf4a7":77,"a65cf4a7":78,"a65cf4a7":79
1601282508282,"bccbfc06":60,"bccbfc06":61,"bccbfc06":62,"bccbfc06":63,"bccbfc06":64,"bccbfc06":65,"bccbfc06":66,"bccbfc06":67,"bccbfc06":68,"bccbfc06":69,"bccbfc06":70,"bccbfc06":71,"bccbfc06":72,"bccbfc06":73,"bccbfc06":74,"bccbfc06":75,"bccbfc06":76,"bccbfc06":77,"bccbfc06":78,"bccbfc06":79,"744e31f5":60,"744e31f5":61,"744e31f5":62,"744e31f5":63,"6b5edc46":60,"6b5edc46":61,"6b5edc46":62,"6b5edc46":63,"6b5edc46":64,"6b5edc46":65,"6b5edc46":66,"6b5edc46":67,"6b5edc46":68
1601282508516,"744e31f5":64,"744e31f5":65,"744e31f5":66,"744e31f5":67,"744e31f5":68,"744e31f5":69,"744e31f5":70,"744e31f5":71,"744e31f5":72,"744e31f5":73,"744e31f5":74,"744e31f5":75,"744e31f5":76,"744e31f5":77,"744e31f5":78,"744e31f5":79,"6b5edc46":69,"6b5edc46":70,"6b5edc46":71,"6b5edc46":72,"6b5edc46":73,"6b5edc46":74,"6b5edc46":75,"6b5edc46":76,"6b5edc46":77,"6b5edc46":78,"6b5edc46":79,"bf1d9921":60,"bf1d9921":61,"bf1d9921":62,"bf1d9921":63,"bf1d9921":64,"bf1d9921":65,"bf1d9921":66,"bf1d9921":67,"bf1d9921":68,"bf1d9921":69,"bf1d9921":70,"bf1d9921":71,"bf1d9921":72,"bf1d9921":73,"bf1d9921":74,"bf1d9921":75,"bf1d9921":76,"bf1d9921":77,"bf1d9921":78,"bf1d9921":79
1601282509549,"a65cf4a7":80,"a65cf4a7":81,"a65cf4a7":82,"a65cf4a7":83,"a65cf4a7":84,"a65cf4a7":85,"a65cf4a7":86,"a65cf4a7":87,"a65cf4a7":88,"a65cf4a7":89,"a65cf4a7":90,"a65cf4a7":91,"a65cf4a7":92,"a65cf4a7":93,"a65cf4a7":94,"a65cf4a7":95,"a65cf4a7":96,"a65cf4a7":97,"a65cf4a7":98,"a65cf4a7":99,"bccbfc06":80,"bccbfc06":81,"bccbfc06":82,"bccbfc06":83,"bccbfc06":84,"bccbfc06":85,"bccbfc06":86,"bccbfc06":87,"bccbfc06":88,"bccbfc06":89,"bccbfc06":90,"bccbfc06":91,"bccbfc06":92,"bccbfc06":93,"bccbfc06":94,"bccbfc06":95,"bccbfc06":96,"bccbfc06":97,"bccbfc06":98,"bccbfc06":99
1601282509792,"744e31f5":80,"744e31f5":81,"744e31f5":82,"744e31f5":83,"744e31f5":84,"744e31f5":85,"744e31f5":86,"744e31f5":87,"744e31f5":88,"744e31f5":89,"744e31f5":90,"744e31f5":91,"744e31f5":92,"744e31f5":93,"744e31f5":94,"744e31f5":95,"744e31f5":96,"744e31f5":97,"744e31f5":98,"744e31f5":99,"6b5edc46":80,"6b5edc46":81,"6b5edc46":82,"6b5edc46":83,"6b5edc46":84,"6b5edc46":85,"6b5edc46":86,"6b5edc46":87,"6b5edc46":88,"6b5edc46":89,"6b5edc46":90,"6b5edc46":91,"6b5edc46":92,"6b5edc46":93,"6b5edc46":94,"6b5edc46":95,"6b5edc46":96,"6b5edc46":97,"6b5edc46":98,"6b5edc46":99
1601282509960,"bf1d9921":80,"bf1d9921":81,"bf1d9921":82,"bf1d9921":83,"bf1d9921":84,"bf1d9921":85,"bf1d9921":86,"bf1d9921":87,"bf1d9921":88,"bf1d9921":89,"bf1d9921":90,"bf1d9921":91,"bf1d9921":92,"bf1d9921":93,"bf1d9921":94,"bf1d9921":95,"bf1d9921":96,"bf1d9921":97,"bf1d9921":98,"bf1d9921":99
1601282510956,"bccbfc06":100,"bccbfc06":101,"bccbfc06":102,"bccbfc06":103,"bccbfc06":104,"bccbfc06":105,"bccbfc06":106,"bccbfc06":107,"bccbfc06":108,"bccbfc06":109,"bccbfc06":110,"bccbfc06":111,"bccbfc06":112,"bccbfc06":113,"bccbfc06":114,"bccbfc06":115,"bccbfc06":116,"bccbfc06":117,"bccbfc06":118,"bccbfc06":119,"a65cf4a7":100,"a65cf4a7":101,"a65cf4a7":102,"a65cf4a7":103,"a65cf4a7":104,"a65cf4a7":105,"a65cf4a7":106,"a65cf4a7":107,"a65cf4a7":108,"a65cf4a7":109,"a65cf4a7":110,"a65cf4a7":111,"a65cf4a7":112,"a65cf4a7":113,"a65cf4a7":114,"a65cf4a7":115,"a65cf4a7":116,"a65cf4a7":117,"a65cf4a7":118,"a65cf4a7":119
1601282511087,"744e31f5":100
1601282511575,"6b5edc46":100,"6b5edc46":101,"6b5edc46":102,"6b5edc46":103,"6b5edc46":104,"6b5edc46":105,"6b5edc46":106,"6b5edc46":107,"744e31f5":101,"744e31f5":102,"744e31f5":103,"744e31f5":104,"744e31f5":105,"744e31f5":106,"744e31f5":107,"744e31f5":108,"744e31f5":109,"744e31f5":110,"744e31f5":111,"744e31f5":112,"744e31f5":113,"744e31f5":114,"744e31f5":115,"744e31f5":116,"744e31f5":117,"744e31f5":118,"744e31f5":119,"6b5edc46":108,"6b5edc46":109,"6b5edc46":110,"6b5edc46":111,"6b5edc46":112,"6b5edc46":113,"6b5edc46":114,"6b5edc46":115,"6b5edc46":116,"6b5edc46":117,"6b5edc46":118,"6b5edc46":119,"bf1d9921":100,"bf1d9921":101,"bf1d9921":102,"bf1d9921":103,"bf1d9921":104,"bf1d9921":105,"bf1d9921":106,"bf1d9921":107,"bf1d9921":108,"bf1d9921":109,"bf1d9921":110,"bf1d9921":111,"bf1d9921":112,"bf1d9921":113,"bf1d9921":114,"bf1d9921":115,"bf1d9921":116,"bf1d9921":117,"bf1d9921":118,"bf1d9921":119
1601282512142,"bccbfc06":120,"bccbfc06":121,"bccbfc06":122,"bccbfc06":123,"bccbfc06":124,"bccbfc06":125,"bccbfc06":126,"bccbfc06":127,"bccbfc06":128,"bccbfc06":129,"bccbfc06":130,"bccbfc06":131,"bccbfc06":132,"bccbfc06":133,"bccbfc06":134,"bccbfc06":135,"bccbfc06":136,"bccbfc06":137,"bccbfc06":138,"bccbfc06":139,"a65cf4a7":120,"a65cf4a7":121,"a65cf4a7":122,"a65cf4a7":123,"a65cf4a7":124,"a65cf4a7":125,"a65cf4a7":126,"a65cf4a7":127,"a65cf4a7":128
1601282512369,"a65cf4a7":129,"a65cf4a7":130,"a65cf4a7":131,"a65cf4a7":132,"a65cf4a7":133,"a65cf4a7":134,"a65cf4a7":135,"a65cf4a7":136,"a65cf4a7":137,"a65cf4a7":138,"a65cf4a7":139
1601282512499,"6b5edc46":120,"744e31f5":120
1601282512849,"6b5edc46":121,"6b5edc46":122,"6b5edc46":123,"6b5edc46":124,"6b5edc46":125,"6b5edc46":126,"6b5edc46":127,"6b5edc46":128,"6b5edc46":129,"6b5edc46":130,"6b5edc46":131,"6b5edc46":132,"6b5edc46":133,"6b5edc46":134,"744e31f5":121,"744e31f5":122,"744e31f5":123,"744e31f5":124,"744e31f5":125,"744e31f5":126,"744e31f5":127,"744e31f5":128,"744e31f5":129,"744e31f5":130,"744e31f5":131,"744e31f5":132,"6b5edc46":135,"6b5edc46":136,"6b5edc46":137,"6b5edc46":138,"6b5edc46":139,"744e31f5":133,"744e31f5":134,"744e31f5":135,"744e31f5":136,"744e31f5":137,"744e31f5":138,"744e31f5":139,"bf1d9921":120,"bf1d9921":121,"bf1d9921":122,"bf1d9921":123,"bf1d9921":124,"bf1d9921":125,"bf1d9921":126,"bf1d9921":127,"bf1d9921":128,"bf1d9921":129,"bf1d9921":130,"bf1d9921":131,"bf1d9921":132,"bf1d9921":133,"bf1d9921":134,"bf1d9921":135,"bf1d9921":136,"bf1d9921":137,"bf1d9921":138,"bf1d9921":139
1601282513102,"bccbfc06":140,"bccbfc06":141,"bccbfc06":142,"bccbfc06":143,"bccbfc06":144,"bccbfc06":145,"bccbfc06":146,"bccbfc06":147,"bccbfc06":148,"bccbfc06":149
1601282513322,"a65cf4a7":140,"a65cf4a7":141,"a65cf4a7":142,"a65cf4a7":143,"a65cf4a7":144,"a65cf4a7":145,"a65cf4a7":146,"a65cf4a7":147,"a65cf4a7":148,"a65cf4a7":149
1601282513755,"744e31f5":140,"6b5edc46":140,"6b5edc46":141,"6b5edc46":142,"6b5edc46":143,"6b5edc46":144,"6b5edc46":145,"6b5edc46":146,"6b5edc46":147,"6b5edc46":148,"6b5edc46":149,"744e31f5":141,"744e31f5":142,"744e31f5":143,"744e31f5":144,"744e31f5":145,"744e31f5":146,"744e31f5":147,"744e31f5":148,"744e31f5":149,"bf1d9921":140,"bf1d9921":141,"bf1d9921":142,"bf1d9921":143,"bf1d9921":144,"bf1d9921":145
1601282513982,"bf1d9921":146,"bf1d9921":147,"bf1d9921":148,"bf1d9921":149
1601282519635,"14adc44c":0,"7a136200":0,"b2ec3ba4":0,"7d3300ea":0,"f671a162":0,"40c6733a":0,"89d06491":0,"723b590c":0,"c603d465":0,"120bb9e8":0,"93e9de3a":0,"fde7934f":0,"7db01a40":0,"f9847f34":0,"6a651235":0,"3e459c45":0,"942c8dd9":0,"5e7f5533":0,"def932d9":0,"928a190c":0,"40db6664":0,"05022fce":0,"872e9dc8":0,"7fd4b434":0,"84333e67":0,"ddec2178":0,"2233dc6a":0,"b9081f2d":0,"56730c41":0,"e4f1a318":0,"cc0ea90f":0,"ef88705a":0,"f6fde325":0,"af49630c":0,"8b6364cc":0,"7b338fa3":0,"0e6433d4":0,"55c46a06":0,"598e5308":0,"5ef4ca2f":0,"6cc53f8a":0,"58be82f5":0,"66552850":0,"c21985dd":0,"4322ce03":0,"d6a86c50":0,"12f47231":0,"82ab1a25":0,"b8662f69":0,"805dd882":0,"258643d0":0,"2d3fe81d":0,"eb15f3ab":0,"14e9672b":0,"390a5cc1":0,"a9da770a":0,"f4ad1cc3":0,"95dfe0c3":0,"1809d6f8":0,"205b707e":0,"ee7c779b":0,"7e812af6":0,"69326bdf":0,"59f9c3ab":0,"19bed9a2":0,"1f6f6905":0,"ec776b6b":0,"d31cd74d":0,"12858ec2":0,"41c96b9e":0,"405369de":0,"846d8fff":0,"44a12aab":0,"045f1dc7":0,"9555b9e6":0,"03ec2fab":0,"8f120198":0,"22808ea2":0,"56fe91d8":0,"30cd6e0e":0,"95464005":0,"a28175a6":0,"ea417bf6":0,"fb4c8e34":0,"8251f537":0,"50e1b314":0,"f8d3271c":0,"ae9ff5a7":0,"29112f02":0,"1624e13b":0,"f31d5e8f":0,"f93d96ec":0,"ad798e3a":0,"9b2180a9":0,"9c08141c":0,"e2691602":0,"7afccc02":0,"3958c3c2":0,"e775a505":0,"757e7193":0,"710ac9ee":0,"ca7b6e17":0,"89cfc57c":0,"346eda8f":0,"93b54b94":0,"d2122709":0,"5d59c50d":0,"5a0cb06a":0,"68ce3985":0,"bb1074ee":0,"f3bfb39a":0,"19687332":0,"c3f0c20b":0,"592b2206":0,"822f3d29":0,"b4ab9037":0,"5c912a59":0,"b6aa601c":0,"36eceb3c":0,"d8bbd37d":0,"b8a459ed":0,"6f752af3":0,"5474dbc0":0,"08ac9f15":0,"76d3e06a":0,"b58f03bf":0,"53b7168b":0,"09b69cee":0,"fa513bf5":0,"5cf4bd53":0,"04ddb015":0,"e910de23":0,"319fa365":0,"1e7f8c0c":0,"ee9310ff":0,"7cedf988":0,"1fda82dc":0,"dea30ada":0,"21561be4":0,"dc59ae75":0,"597d0378":0,"267548d5":0,"0c6e5fc7":0,"d5e31177":0,"3cf3b890":0,"de940fb5":0,"9dbbd889":0,"395d9d46":0,"457315ed":0,"959cfb87":0,"b1aa1d9b":0,"d39efe7e":0,"206353f1":0,"0a6b6e70":0,"a9dcd1f4":0,"5ddbffd2":0,"328504de":0,"f13a5623":0,"60b805e4":0,"fa7cef9a":0,"027008a1":0,"0eb5e0fb":0,"11ddff85":0,"244a911d":0,"3f41e44c":0,"39d10d84":0,"1adb79ae":0,"0c11358e":0,"93f54b87":0,"92abca3a":0,"3f6ca0e7":0,"4ed06d6c":0,"661d9e09":0,"22a36dd1":0,"34c63a89":0,"f3d5fc72":0,"7c2c2e9d":0,"b4ae8dac":0,"e880315b":0,"a42a4603":0,"c608b2d3":0,"1791ef55":0,"c6b8207d":0,"a2a98656":0,"71c5df8a":0,"7df8cd7b":0,"349a01a9":0,"a9976be4":0,"a6b8b33c":0,"665819ce":0,"97ac39fb":0,"f0ec6c6a":0,"1f1c27f6":0,"4d7c445f":0,"55d58417":0,"7f8d39ad":0,"565ada00":0,"51834e83":0,"de5e3630":0,"202323e9":0,"68c6732f":0,"364930fc":0,"27df4b2f":0,"6b2d3833":0,"bed0ab11":0,"4f79ac70":0,"dd84569e":0,"5c861438":0,"880be142":0,"0bae94b0":0,"c67a83d5":0,"8e7fd9d4":0,"6deec84d":0,"00869537":0,"8191fbbe":0,"8298c592":0,"3b6c1641":0,"43474196":0,"a8c73d95":0,"c7797e83":0,"16e43596":0,"31c09a47":0,"6fe40e4e":0,"cc9d2047":0,"bffdfa09":0,"c9371c60":0,"e4f1d181":0,"8817d649":0,"f5027872":0,"b1513ceb":0,"fc27764a":0,"9595d5de":0,"804e3b61":0,"cb6b6898":0,"5896a108":0,"d2c1f600":0,"9c6ecaa1":0,"0191d105":0,"55c80adf":0,"08de8c6c":0,"a03a2541":0,"659f733c":0,"2157095c":0,"fa01692d":0,"e7808be3":0,"d6de4272":0,"d1f898c7":0,"cb647637":0,"afc6aca5":0,"70dd7f3a":0,"114409e8":0,"e32b51ea":0,"b1501ede":0,"0c068758":0,"34919f57":0,"fa9bbbc9":0,"9bd9154d":0,"1b8463e7":0,"14d4ab0e":0,"e8620661":0,"baa363ec":0,"011cc460":0,"f30a01fb":0,"91ce6ebf":0,"09ea6128":0,"5f7cd8dc":0,"bcc99455":0,"98342d7d":0,"da3ecf5a":0,"421f7c0c":0,"062c75e4":0,"2218861b":0,"01e0bee1":0,"0fd4a803":0,"0d7868f6":0,"7e5d85b8":0,"6ed75d67":0,"b80dd169":0,"187eba58":0,"4efc5cd5":0,"eed7296b":0,"f0871e5e":0,"b444aaf5":0,"04f0d285":0,"91cbfeef":0,"4aba2cab":0,"2e649dc3":0,"b501b9bf":0,"06942fd7":0,"a67cfb29":0,"61bb782a":0,"a9372bd2":0,"606ad231":0,"2234c50f":0,"f17476e7":0,"431ec0e9":0,"e766e5a9":0,"c80e756b":0,"2894d8db":0,"8579bea3":0,"8bdfe0c2":0,"52630f6b":0,"a3aa65a3":0,"e7f1bafc":0,"1fb5cb4f":0,"1500b3a2":0,"7d9c5584":0,"36a8d8d7":0,"b515c6f3":0,"037d7f0a":0,"054d8432":0,"8ea002f4":0,"34cd4255":0,"bc54f533":0,"feba23a1":0,"677c5779":0,"f06aa8f9":0,"592cd8e5":0,"95c59883":0,"463f42d8":0,"d7d28ddd":0,"e45dac21":0,"67d8f321":0,"d507991d":0,"f90db2bf":0,"225d70f7":0,"b35da296":0,"d8a4c05b":0,"3ffaf89d":0,"58dc5d49":0,"194ae0bd":0,"3f9924e1":0,"57a48be1":0,"975bd964":0,"a68a816f":0,"06122d96":0,"8665a22c":0,"54da619a":0,"964ad143":0,"79bd2048":0,"06a584c9":0,"9f6fade3":0,"a2c81764":0,"9dc3da4b":0,"14b63863":0,"bddcf6cc":0,"9b26d3ec":0,"166809bf":0,"b3dd4a21":0,"0e1a0e59":0,"accb4ea7":0,"9265915c":0,"85ebcc12":0,"bb0a5334":0,"902731cd":0,"7d93502f":0,"7e4c4e91":0,"893669d0":0,"a3433d9d":0,"4d8dc37e":0,"b9daf11e":0,"e0823def":0,"69289368":0,"4c84ff61":0,"31987bd9":0,"2383455e":0,"fb796765":0,"4e0591ce":0,"ad7b63b6":0,"b13d003d":0,"cd1d8587":0,"8f80feb3":0,"abbb4f04":0,"ab6dc4e8":0,"5fbe8887":0,"9f09733a":0,"70f971d8":0,"174fc874":0,"675dc683":0,"7d926dd2":0,"5d5e20eb":0,"f66e2973":0,"e30199cb":0,"2dcc2c44":0,"e24505e3":0,"fe717a7c":0,"1265ac50":0,"b39f7637":0,"3f8b981b":0,"436c6e7e":0,"5681f0eb":0,"04519b32":0,"7622a3f7":0,"6a4b9393":0,"e546ef2c":0,"99b5d628":0,"ff21e3e4":0,"215641d0":0,"d1998543":0,"af3e85ef":0,"f20b2af0":0,"0ecd272d":0,"daa324eb":0,"d6948a09":0,"d5a5e37a":0,"0f3e63a0":0,"2c84e673":0,"372fe97a":0,"77ac5bd5":0,"3310e597":0,"d45379be":0,"6890ee00":0,"19dc1a11":0,"fe150651":0,"d8ffca41":0,"ff9daeb5":0,"867f3aff":0,"d359f8ca":0,"5cbe7d6b":0,"4a8ab82a":0,"ec8be263":0,"7db0a9d3":0,"883a64df":0,"3f9d89cd":0,"8f1115da":0,"bb494b75":0,"a8a45fe7":0,"a675fbf9":0,"6f0aa8c9":0,"383efc25":0,"b09c1cea":0,"aa657651":0,"5140c42c":0,"cefc88dc":0,"0da3f70c":0,"bca413b4":0,"d3a87f81":0,"fe27be88":0,"3ec775cf":0,"efc788b1":0,"377d7148":0,"9fe7106c":0,"72f681da":0,"fbd8a05c":0,"5a9a9e66":0,"ab8d682e":0,"416ab430":0,"3f11de84":0,"899671d6":0,"99cb7f8b":0,"8d6c4cba":0,"27194b6c":0,"5b528027":0,"cdb31eb5":0,"1b078b56":0,"ce858681":0,"ba60e545":0,"97f9b9a2":0,"afbb1ea4":0,"bab6a37c":0,"eebdd662":0,"9eb776f7":0,"85436602":0,"ed6a35d5":0,"2a0606b3":0,"21f7ec31":0,"b8887300":0,"a2f3b24a":0,"f527642a":0,"46908c38":0,"895c0123":0,"b2aed378":0,"66e14ee7":0,"a7852644":0,"855e5fa3":0,"eef1a938":0,"322d7341":0,"c64ed07c":0,"62386ebe":0,"d8faa374":0,"1ae5ad7e":0,"1a147b13":0,"66503ad2":0,"240392c2":0,"4d470537":0,"99b88dcb":0,"1ee24ef0":0,"27c27a52":0,"ece0b25d":0,"c797859d":0,"aa8dca46":0,"83a51306":0,"9e32c8c8":0,"e06fc236":0,"5b271e69":0,"c8e813fe":0,"888ddb04":0,"69b451c5":0,"c3cc738b":0,"b68939c4":0,"75381320":0,"98b9d08f":0,"71ccf5fd":0,"b7eeec73":0,"c8bdc848":0,"d1d1bb2d":0,"0f04b72e":0,"0d478b68":0,"7d96c2aa":0,"abf2824a":0,"6710e435":0,"1658b99a":0,"9234ed51":0,"e0f10a2d":0,"e53898b9":0,"b2c9eca5":0,"b5ba7163":0,"51029a05":0,"83f4763f":0,"e260da40":0,"87c122c0":0,"b084b010":0,"38161641":0,"3031d20a":0,"7302f1ec":0,"92c4104d":0,"235c152b":0,"ffc77fa1":0,"2d7dda73":0,"39b6ccd5":0,"8b49db82":0,"de023a30":0,"06f33546":0,"0eca83f5":0,"0f7db5df":0,"156af72c":0,"6003a0d2":0,"7804db8a":0
1601282521233,"d3bb69a7":0,"ca59a900":0,"cda347c1":0,"495cc2c3":0,"f4aeb6bb":0,"e942c6e6":0,"97681715":0,"2939dd30":0,"0de69cc5":0,"462d195a":0,"34be4e88":0,"9762539f":0,"e48d461e":0,"aa690ba7":0,"95d5a3be":0,"4f76d02d":0,"f68895d6":0,"8e76bda7":0,"abb38101":0,"96040a57":0,"dd60c5c1":0,"74659b08":0,"1e9eb714":0,"c3379969":0,"73f2844e":0,"2350c935":0,"30aa40cd":0,"82393b2d":0,"67af3088":0,"7eb420d8":0,"18ae2ae3":0,"42e81204":0,"60b6fb60":0,"e696628e":0,"f2f5e106":0,"6fa89327":0,"c6436770":0,"c85da18d":0,"f654115e":0,"12943a29":0,"afaffedf":0,"0e420b6c":0,"42f57d8f":0,"e80ff641":0,"8e096253":0,"fd7268c8":0,"8bc1bdf9":0,"c9c78cad":0,"14a510dc":0,"d1d151e3":0,"414c5ff5":0,"23766b8f":0,"27cf724d":0,"1de23fb9":0,"36792adf":0,"3ed8057e":0,"af809ddd":0,"a5a26bed":0,"9be79bcc":0,"708773b9":0,"1e2de272":0,"358b38e6":0,"dd57b593":0,"768f04a7":0,"c69be0fb":0,"ec33c673":0,"ad624bc5":0,"4493af19":0,"5e518ab4":0,"667ba44b":0,"8db7615e":0,"31bf7076":0,"6814ac3d":0,"f1914beb":0,"7805f8c9":0,"18772566":0,"0f75f5c2":0,"03d798fc":0,"3cfc0f6c":0,"c6f569a2":0,"3ddaff94":0,"a5c12275":0,"440bddee":0,"6405d331":0,"233576d9":0,"5cd20b69":0,"57c5dd4f":0,"1cee4eb8":0,"0876a7d3":0,"06fa349e":0,"229e27db":0,"fd7b49cc":0,"e9472ab8":0,"43768a97":0,"8eb5c2eb":0,"626ec856":0,"59f0fc33":0,"d604b248":0,"ed5c91ae":0,"5a06ddba":0,"47d0eeb5":0,"83c011ea":0,"037b1d4f":0,"6e4a51e8":0,"c80c6ede":0,"d1041b58":0,"f662f926":0,"f394597e":0,"da3917a4":0,"83607a2a":0,"11cbe1bf":0,"631bb294":0,"7d7d34b8":0,"90e4506c":0,"3748680e":0,"bfb54f4c":0,"11d5eaaf":0,"705e52eb":0,"27018622":0,"11b21af2":0,"0698cd97":0,"f6736b3e":0,"c0949a1e":0,"ff3381d4":0,"be708bd6":0,"02dd7cd0":0,"e2ececaf":0,"44bfdb89":0,"d547640b":0,"5f21ce5d":0,"116ee2c3":0,"77450247":0,"7976c5ea":0,"6aedfccf":0,"6717a1c6":0,"a66d055e":0,"786a3dc2":0,"dce57eeb":0,"a35d549d":0,"8072a5d4":0,"7691a57d":0,"36275896":0,"492287fd":0,"172e477a":0,"64fd9a57":0,"b59a213e":0,"7ae17b81":0,"38be5043":0,"5f7b5a61":0,"a9917fbb":0,"dd866bf3":0,"8e995df9":0,"e0789a06":0,"9483b00c":0,"cd9a6fe1":0,"b33e7f87":0,"d5e2153e":0,"e6f920ea":0,"cb8c918d":0,"1cb125df":0,"398e4e70":0,"4b20d5b9":0,"94cc4551":0,"1a891533":0,"6c796cf6":0,"61dce931":0,"21ec5dc8":0,"487ad1b2":0,"0d3ebac6":0,"0d1232b5":0,"c70c9e60":0,"fe46adf8":0,"f105356a":0,"a46e716b":0,"1b0224c1":0,"5b327994":0,"903e3794":0,"c8e97249":0,"4e0d2c0a":0,"9de0d323":0,"02e30213":0,"5cef05f8":0,"8939e4b7":0,"00f63c41":0,"998479e8":0,"8228101d":0,"1d3518fa":0,"bf20d9a2":0,"1051f1f0":0,"f738b934":0,"cd0f3c1e":0,"4ed0b223":0,"8308f65d":0,"99898d79":0,"f565ef05":0,"983ffa77":0,"c813c233":0,"642b10f9":0,"86f70af1":0,"d3a9dad8":0,"a795a088":0,"3e7ec5d1":0,"a03e8ed7":0,"c1f9164f":0,"583ac8d4":0,"ee0d0130":0,"921f0963":0,"ffab1a26":0,"662a08c9":0,"1c2a2edb":0,"c24c30a6":0,"04949c1c":0,"feba23a1":1,"677c5779":1,"f06aa8f9":1,"592cd8e5":1,"463f42d8":1,"d7d28ddd":1,"f90db2bf":1,"e45dac21":1,"95c59883":1,"d507991d":1,"3ffaf89d":1,"67d8f321":1,"194ae0bd":1,"b35da296":1,"225d70f7":1,"58dc5d49":1,"57a48be1":1,"d8a4c05b":1,"975bd964":1,"4e0591ce":1,"b13d003d":1,"8f80feb3":1,"29112f02":1,"ab6dc4e8":1,"675dc683":1,"1624e13b":1,"5d5e20eb":1,"2dcc2c44":1,"f31d5e8f":1,"b39f7637":1,"f93d96ec":1,"5681f0eb":1,"ad798e3a":1,"7622a3f7":1,"9b2180a9":1,"99b5d628":1,"2383455e":1,"54da619a":1,"3f9924e1":1,"8665a22c":1,"964ad143":1,"a68a816f":1,"a2c81764":1,"06a584c9":1,"14b63863":1,"06122d96":1,"9dc3da4b":1,"b3dd4a21":1,"9b26d3ec":1,"79bd2048":1,"9f6fade3":1,"85ebcc12":1,"166809bf":1,"7d93502f":1,"bddcf6cc":1,"9265915c":1,"a3433d9d":1,"bb0a5334":1,"0e1a0e59":1,"e0823def":1,"7e4c4e91":1,"69289368":1,"accb4ea7":1,"b9daf11e":1,"902731cd":1,"d3bb69a7":1,"31987bd9":1,"e942c6e6":1,"893669d0":1,"ca59a900":1,"0de69cc5":1,"f4aeb6bb":1,"4d8dc37e":1,"2939dd30":1,"4c84ff61":1,"9762539f":1,"aa690ba7":1,"34be4e88":1,"cda347c1":1,"8e76bda7":1,"95d5a3be":1,"495cc2c3":1,"abb38101":1,"97681715":1,"f68895d6":1,"c3379969":1,"73f2844e":1,"462d195a":1,"dd60c5c1":1,"74659b08":1,"e48d461e":1,"82393b2d":1,"18ae2ae3":1,"e696628e":1,"4f76d02d":1,"30aa40cd":1,"c6436770":1,"96040a57":1,"67af3088":1,"12943a29":1,"e4f1a318":1,"ef88705a":1,"f6fde325":1,"8b6364cc":1,"55c46a06":1,"5ef4ca2f":1,"cc0ea90f":1,"58be82f5":1,"af49630c":1,"4322ce03":1,"12f47231":1,"7b338fa3":1,"0e6433d4":1,"258643d0":1,"597d0378":1,"598e5308":1,"6cc53f8a":1,"3cf3b890":1,"c21985dd":1,"60b6fb60":1,"1e9eb714":1,"e80ff641":1,"2350c935":1,"c9c78cad":1,"6fa89327":1,"7eb420d8":1,"14a510dc":1,"42e81204":1,"c85da18d":1,"592b2206":1,"822f3d29":1,"b4ab9037":1,"5c912a59":1,"36eceb3c":1,"b6aa601c":1,"d8bbd37d":1,"bb494b75":1,"b8a459ed":1,"8f1115da":1,"f2f5e106":1,"23766b8f":1,"afaffedf":1,"f654115e":1,"8e096253":1,"36792adf":1,"0e420b6c":1,"a5a26bed":1,"fd7268c8":1,"42f57d8f":1,"1e2de272":1,"d1998543":1,"fb796765":1,"ad7b63b6":1,"f20b2af0":1,"cd1d8587":1,"d5a5e37a":1,"9f09733a":1,"2c84e673":1,"abbb4f04":1,"174fc874":1,"5fbe8887":1,"3310e597":1,"70f971d8":1,"f66e2973":1,"19dc1a11":1,"d8ffca41":1,"e30199cb":1,"7d926dd2":1,"867f3aff":1,"e24505e3":1,"fe717a7c":1,"4a8ab82a":1,"3f8b981b":1,"1265ac50":1,"3f9d89cd":1,"04519b32":1,"6a4b9393":1,"83a51306":1,"436c6e7e":1,"5b271e69":1,"215641d0":1,"e546ef2c":1,"0ecd272d":1,"69b451c5":1,"ff21e3e4":1,"98b9d08f":1,"d6948a09":1,"372fe97a":1,"c8bdc848":1,"af3e85ef":1,"6890ee00":1,"d1d1bb2d":1,"daa324eb":1,"fe150651":1,"abf2824a":1,"0f3e63a0":1,"9234ed51":1,"5cbe7d6b":1,"77ac5bd5":1,"ec8be263":1,"b2c9eca5":1,"d45379be":1,"c797859d":1,"ff9daeb5":1,"51029a05":1,"9e32c8c8":1,"d359f8ca":1,"d1d151e3":1,"8bc1bdf9":1,"27cf724d":1,"414c5ff5":1,"768f04a7":1,"3ed8057e":1,"1de23fb9":1,"ad624bc5":1,"5e518ab4":1,"af809ddd":1,"9be79bcc":1,"31bf7076":1,"708773b9":1,"358b38e6":1,"0f75f5c2":1,"c69be0fb":1,"c6f569a2":1,"dd57b593":1,"4493af19":1,"a5c12275":1,"ec33c673":1,"6405d331":1,"667ba44b":1,"14adc44c":1,"b2ec3ba4":1,"7a136200":1,"40c6733a":1,"7d3300ea":1,"93e9de3a":1,"89d06491":1,"fde7934f":1,"c603d465":1,"3e459c45":1,"7db01a40":1,"def932d9":1,"05022fce":1,"6a651235":1,"5e7f5533":1,"f671a162":1,"ddec2178":1,"872e9dc8":1,"b9081f2d":1,"723b590c":1,"120bb9e8":1,"eb15f3ab":1,"84333e67":1,"f4ad1cc3":1,"f9847f34":1,"56730c41":1,"942c8dd9":1,"2d3fe81d":1,"205b707e":1,"a9da770a":1,"ee7c779b":1,"928a190c":1,"95dfe0c3":1,"40db6664":1,"1f6f6905":1,"7fd4b434":1,"69326bdf":1,"12858ec2":1,"846d8fff":1,"19bed9a2":1,"2233dc6a":1,"03ec2fab":1,"41c96b9e":1,"14e9672b":1,"44a12aab":1,"56fe91d8":1,"390a5cc1":1,"9555b9e6":1,"fb4c8e34":1,"1809d6f8":1,"8db7615e":1,"6814ac3d":1,"1cee4eb8":1,"f1914beb":1,"06fa349e":1,"18772566":1,"fd7b49cc":1,"7805f8c9":1,"03d798fc":1,"38161641":1,"c8e813fe":1,"7db0a9d3":1,"7302f1ec":1,"c3cc738b":1,"883a64df":1,"235c152b":1,"75381320":1,"de023a30":1,"aa8dca46":1,"0f7db5df":1,"b7eeec73":1,"7804db8a":1,"e06fc236":1,"0f04b72e":1,"888ddb04":1,"83c011ea":1,"6710e435":1,"b68939c4":1,"c80c6ede":1,"e0f10a2d":1,"71ccf5fd":1,"b5ba7163":1,"f662f926":1,"0d478b68":1,"83607a2a":1,"e260da40":1,"7d96c2aa":1,"7d7d34b8":1,"87c122c0":1,"3748680e":1,"1658b99a":1,"3031d20a":1,"27018622":1,"2d7dda73":1,"e53898b9":1,"8b49db82":1,"83f4763f":1,"11b21af2":1,"0eca83f5":1,"f6736b3e":1,"b084b010":1,"156af72c":1,"ff3381d4":1,"92c4104d":1,"5a06ddba":1,"e2ececaf":1,"ffc77fa1":1,"d547640b":1,"6e4a51e8":1,"116ee2c3":1,"f394597e":1,"39b6ccd5":1,"440bddee":1,"43768a97":1,"3cfc0f6c":1,"59f0fc33":1,"233576d9":1,"3ddaff94":1,"ed5c91ae":1,"57c5dd4f":1,"5cd20b69":1,"0876a7d3":1,"229e27db":1,"e9472ab8":1,"8eb5c2eb":1,"626ec856":1,"d604b248":1,"22808ea2":1,"7e812af6":1,"f8d3271c":1,"95464005":1,"59f9c3ab":1,"9c08141c":1,"ea417bf6":1,"7afccc02":1,"ec776b6b":1,"50e1b314":1,"e775a505":1,"d31cd74d":1,"e2691602":1,"ca7b6e17":1,"757e7193":1,"405369de":1,"93b54b94":1,"346eda8f":1,"045f1dc7":1,"68ce3985":1,"8f120198":1,"5d59c50d":1,"c3f0c20b":1,"30cd6e0e":1,"5474dbc0":1,"bb1074ee":1,"a28175a6":1,"19687332":1,"76d3e06a":1,"8251f537":1,"08ac9f15":1,"53b7168b":1,"e910de23":1,"09b69cee":1,"ae9ff5a7":1,"04ddb015":1,"ee9310ff":1,"3958c3c2":1,"21561be4":1,"319fa365":1,"710ac9ee":1,"202323e9":1,"7cedf988":1,"89cfc57c":1,"6b2d3833":1,"dea30ada":1,"d2122709":1,"4f79ac70":1,"de5e3630":1,"880be142":1,"5a0cb06a":1,"364930fc":1,"f3bfb39a":1,"c67a83d5":1,"11cbe1bf":1,"06f33546":1,"6003a0d2":1,"90e4506c":1,"47d0eeb5":1,"bfb54f4c":1,"037b1d4f":1,"705e52eb":1,"d1041b58":1,"0698cd97":1,"c0949a1e":1,"da3917a4":1,"be708bd6":1,"631bb294":1,"02dd7cd0":1,"11d5eaaf":1,"44bfdb89":1,"5f21ce5d":1,"77450247":1,"7976c5ea":1,"6aedfccf":1,"6717a1c6":1,"457315ed":1,"82ab1a25":1,"66552850":1,"206353f1":1,"805dd882":1,"5ddbffd2":1,"d6a86c50":1,"267548d5":1,"b8662f69":1,"60b805e4":1,"d5e31177":1,"0c6e5fc7":1,"0eb5e0fb":1,"de940fb5":1,"9dbbd889":1,"3f41e44c":1,"395d9d46":1,"959cfb87":1,"92abca3a":1,"b1aa1d9b":1,"d39efe7e":1,"661d9e09":1,"0a6b6e70":1,"f3d5fc72":1,"a9dcd1f4":1,"e880315b":1,"328504de":1,"1791ef55":1,"f13a5623":1,"fa7cef9a":1,"71c5df8a":1,"11ddff85":1,"027008a1":1,"a9976be4":1,"1adb79ae":1,"244a911d":1,"a6b8b33c":1,"93f54b87":1,"39d10d84":1,"0c11358e":1,"1f1c27f6":1,"3f6ca0e7":1,"4ed06d6c":1,"34c63a89":1,"51834e83":1,"22a36dd1":1,"d6de4272":1,"7c2c2e9d":1,"b4ae8dac":1,"afc6aca5":1,"c608b2d3":1,"a42a4603":1,"e32b51ea":1,"a2a98656":1,"c6b8207d":1,"fa9bbbc9":1,"349a01a9":1,"7df8cd7b":1,"665819ce":1,"97ac39fb":1,"1b8463e7":1,"55d58417":1,"baa363ec":1,"f0ec6c6a":1,"7f8d39ad":1,"4d7c445f":1,"91ce6ebf":1,"6f752af3":1,"bed0ab11":1,"00869537":1,"b58f03bf":1,"43474196":1,"5c861438":1,"16e43596":1,"0bae94b0":1,"fa513bf5":1,"cc9d2047":1,"5cf4bd53":1,"e4f1d181":1,"6deec84d":1,"3b6c1641":1,"1e7f8c0c":1,"b1513ceb":1,"1fda82dc":1,"a8c73d95":1,"cb6b6898":1,"5896a108":1,"31c09a47":1,"dc59ae75":1,"bffdfa09":1,"08de8c6c":1,"68c6732f":1,"8817d649":1,"27df4b2f":1,"659f733c":1,"fc27764a":1,"dd84569e":1,"804e3b61":1,"fa01692d":1,"8e7fd9d4":1,"d2c1f600":1,"8191fbbe":1,"55c80adf":1,"8298c592":1,"2157095c":1,"c7797e83":1,"6fe40e4e":1,"c9371c60":1,"f5027872":1,"9595d5de":1,"9c6ecaa1":1,"0191d105":1,"a03a2541":1,"5f7cd8dc":1,"565ada00":1,"d1f898c7":1,"e7808be3":1,"421f7c0c":1,"70dd7f3a":1,"114409e8":1,"01e0bee1":1,"34919f57":1,"cb647637":1,"0d7868f6":1,"9bd9154d":1,"b80dd169":1,"b1501ede":1,"f0871e5e":1,"0c068758":1,"e8620661":1,"91cbfeef":1,"2e649dc3":1,"f30a01fb":1,"14d4ab0e":1,"011cc460":1,"61bb782a":1,"bcc99455":1,"2234c50f":1,"da3ecf5a":1,"09ea6128":1,"0fd4a803":1,"98342d7d":1,"e766e5a9":1,"8579bea3":1,"062c75e4":1,"6ed75d67":1,"a3aa65a3":1,"187eba58":1,"2218861b":1,"e7f1bafc":1,"7d9c5584":1,"eed7296b":1,"7e5d85b8":1,"4efc5cd5":1,"b501b9bf":1,"a67cfb29":1,"b444aaf5":1,"04f0d285":1,"a9372bd2":1,"f17476e7":1,"4aba2cab":1,"c80e756b":1,"06942fd7":1,"8bdfe0c2":1,"606ad231":1,"431ec0e9":1,"1fb5cb4f":1,"1500b3a2":1,"2894d8db":1,"36a8d8d7":1,"52630f6b":1,"b515c6f3":1,"037d7f0a":1,"054d8432":1,"8ea002f4":1,"34cd4255":1,"bc54f533":1,"a675fbf9":1,"6f0aa8c9":1,"a8a45fe7":1,"383efc25":1,"aa657651":1,"b09c1cea":1,"0da3f70c":1,"cefc88dc":1,"fe27be88":1,"bca413b4":1,"5140c42c":1,"377d7148":1,"d3a87f81":1,"efc788b1":1,"fbd8a05c":1,"72f681da":1,"3ec775cf":1,"ab8d682e":1,"9fe7106c":1,"99cb7f8b":1,"416ab430":1,"5a9a9e66":1,"899671d6":1,"27194b6c":1,"3f11de84":1,"5b528027":1,"1b078b56":1,"8d6c4cba":1,"ce858681":1,"afbb1ea4":1,"cdb31eb5":1,"97f9b9a2":1,"9eb776f7":1,"eebdd662":1,"ba60e545":1,"b8887300":1,"bab6a37c":1,"85436602":1,"f527642a":1,"21f7ec31":1,"ed6a35d5":1,"66e14ee7":1,"2a0606b3":1,"a2f3b24a":1,"895c0123":1,"855e5fa3":1,"46908c38":1,"b2aed378":1,"d8faa374":1,"a7852644":1,"66503ad2":1,"eef1a938":1,"322d7341":1,"240392c2":1,"62386ebe":1,"c64ed07c":1,"1a147b13":1,"27c27a52":1,"1ae5ad7e":1,"99b88dcb":1,"786a3dc2":1,"1ee24ef0":1,"4d470537":1,"8072a5d4":1,"172e477a":1,"ece0b25d":1,"dce57eeb":1,"b59a213e":1,"a66d055e":1,"dd866bf3":1,"a35d549d":1,"9483b00c":1,"7691a57d":1,"36275896":1,"64fd9a57":1,"d5e2153e":1,"492287fd":1,"38be5043":1,"7ae17b81":1,"1cb125df":1,"a9917fbb":1,"5f7b5a61":1,"94cc4551":1,"e0789a06":1,"8e995df9":1,"61dce931":1,"cd9a6fe1":1,"0d3ebac6":1,"b33e7f87":1,"cb8c918d":1,"e6f920ea":1,"f105356a":1,"398e4e70":1,"5b327994":1,"6c796cf6":1,"4b20d5b9":1,"21ec5dc8":1,"c70c9e60":1,"4e0d2c0a":1,"1a891533":1,"a46e716b":1,"5cef05f8":1,"487ad1b2":1,"903e3794":1,"998479e8":1,"0d1232b5":1,"02e30213":1,"bf20d9a2":1,"fe46adf8":1,"00f63c41":1,"cd0f3c1e":1,"1b0224c1":1,"99898d79":1,"1d3518fa":1,"c8e97249":1,"c813c233":1,"1051f1f0":1,"9de0d323":1,"a795a088":1,"8308f65d":1,"8939e4b7":1,"a03e8ed7":1,"983ffa77":1,"ee0d0130":1,"8228101d":1,"86f70af1":1,"921f0963":1,"f738b934":1,"d3a9dad8":1,"4ed0b223":1,"3e7ec5d1":1,"ffab1a26":1,"c1f9164f":1,"f565ef05":1,"662a08c9":1,"583ac8d4":1,"642b10f9":1,"1c2a2edb":1,"c24c30a6":1,"04949c1c":1,"feba23a1":2,"677c5779":2,"f06aa8f9":2,"592cd8e5":2,"463f42d8":2,"e45dac21":2,"4e0591ce":2,"b13d003d":2,"8f80feb3":2,"ab6dc4e8":2,"675dc683":2,"5d5e20eb":2,"2dcc2c44":2,"b39f7637":2,"d7d28ddd":2,"d507991d":2,"f90db2bf":2,"b35da296":2,"3ffaf89d":2,"58dc5d49":2,"975bd964":2,"194ae0bd":2,"8665a22c":2,"57a48be1":2,"54da619a":2,"06a584c9":2,"964ad143":2,"9dc3da4b":2,"9b26d3ec":2,"a2c81764":2,"14b63863":2,"166809bf":2,"b3dd4a21":2,"9265915c":2,"bb0a5334":2,"85ebcc12":2,"7d93502f":2,"7e4c4e91":2
1601282525255,"14adc44c":2,"b2ec3ba4":2,"7a136200":2,"40c6733a":2,"7d3300ea":2,"89d06491":2,"93e9de3a":2,"c603d465":2,"fde7934f":2,"7db01a40":2,"6a651235":2,"3e459c45":2,"5e7f5533":2,"def932d9":2,"872e9dc8":2,"05022fce":2,"84333e67":2,"ddec2178":2,"56730c41":2,"b9081f2d":2,"f671a162":2,"2d3fe81d":2,"723b590c":2,"eb15f3ab":2,"e4f1a318":2,"ef88705a":2,"f6fde325":2,"8b6364cc":2,"55c46a06":2,"5ef4ca2f":2,"58be82f5":2,"4322ce03":2,"12f47231":2,"258643d0":2,"597d0378":2,"3cf3b890":2,"457315ed":2,"206353f1":2,"5ddbffd2":2,"60b805e4":2,"0eb5e0fb":2,"3f41e44c":2,"92abca3a":2,"661d9e09":2,"f3d5fc72":2,"a9da770a":2,"f4ad1cc3":2,"120bb9e8":2,"95dfe0c3":2,"205b707e":2,"69326bdf":2,"f9847f34":2,"19bed9a2":2,"ee7c779b":2,"942c8dd9":2,"1f6f6905":2,"41c96b9e":2,"928a190c":2,"40db6664":2,"12858ec2":2,"44a12aab":2,"9555b9e6":2,"846d8fff":2,"7fd4b434":2,"22808ea2":2,"03ec2fab":2,"2233dc6a":2,"95464005":2,"56fe91d8":2,"14e9672b":2,"ea417bf6":2,"390a5cc1":2,"fb4c8e34":2,"50e1b314":2,"f8d3271c":2,"1809d6f8":2,"e2691602":2,"9c08141c":2,"757e7193":2,"7e812af6":2,"59f9c3ab":2,"346eda8f":2,"7afccc02":2,"5d59c50d":2,"ec776b6b":2,"e775a505":2,"ca7b6e17":2,"d31cd74d":2,"bb1074ee":2,"405369de":2,"93b54b94":2,"19687332":2,"045f1dc7":2,"68ce3985":2,"08ac9f15":2,"8f120198":2,"09b69cee":2,"c3f0c20b":2,"30cd6e0e":2,"5474dbc0":2,"04ddb015":2,"76d3e06a":2,"319fa365":2,"a28175a6":2,"7cedf988":2,"53b7168b":2,"dea30ada":2,"8251f537":2,"e910de23":2,"66552850":2,"e880315b":2,"d6a86c50":2,"1791ef55":2,"b8662f69":2,"71c5df8a":2,"cc0ea90f":2,"0c6e5fc7":2,"a9976be4":2,"af49630c":2,"de940fb5":2,"7b338fa3":2,"a6b8b33c":2,"0e6433d4":2,"395d9d46":2,"1f1c27f6":2,"b1aa1d9b":2,"598e5308":2,"51834e83":2,"0a6b6e70":2,"6cc53f8a":2,"d6de4272":2,"328504de":2,"c21985dd":2,"afc6aca5":2,"fa7cef9a":2,"82ab1a25":2,"e32b51ea":2,"11ddff85":2,"805dd882":2,"fa9bbbc9":2,"1adb79ae":2,"267548d5":2,"1b8463e7":2,"d5e31177":2,"93f54b87":2,"baa363ec":2,"9dbbd889":2,"3f6ca0e7":2,"91ce6ebf":2,"959cfb87":2,"34c63a89":2,"5f7cd8dc":2,"d39efe7e":2,"421f7c0c":2,"a9dcd1f4":2,"7c2c2e9d":2,"01e0bee1":2,"f13a5623":2,"c608b2d3":2,"0d7868f6":2,"027008a1":2,"a2a98656":2,"349a01a9":2,"244a911d":2,"b80dd169":2,"f0871e5e":2,"de5e3630":2,"ae9ff5a7":2,"ee9310ff":2,"364930fc":2,"3958c3c2":2,"bed0ab11":2,"21561be4":2,"710ac9ee":2,"5c861438":2,"89cfc57c":2,"202323e9":2,"0bae94b0":2,"6b2d3833":2,"d2122709":2,"6deec84d":2,"5a0cb06a":2,"4f79ac70":2,"3b6c1641":2,"880be142":2,"a8c73d95":2,"f3bfb39a":2,"6f752af3":2,"c67a83d5":2,"31c09a47":2,"00869537":2,"bffdfa09":2,"b58f03bf":2,"8817d649":2,"43474196":2,"fc27764a":2,"16e43596":2,"fa513bf5":2,"cc9d2047":2,"804e3b61":2,"e4f1d181":2,"d2c1f600":2,"5681f0eb":2,"7622a3f7":2,"99b5d628":2,"29112f02":2,"d1998543":2,"f20b2af0":2,"1624e13b":2,"f31d5e8f":2,"d5a5e37a":2,"f93d96ec":2,"2c84e673":2,"3310e597":2,"ad798e3a":2,"19dc1a11":2,"9b2180a9":2,"9f09733a":2,"174fc874":2,"d8ffca41":2,"2383455e":2,"f66e2973":2,"867f3aff":2,"fb796765":2,"e30199cb":2,"ad7b63b6":2,"4a8ab82a":2,"fe717a7c":2,"cd1d8587":2,"3f9d89cd":2,"3f8b981b":2,"83a51306":2,"04519b32":2,"abbb4f04":2,"5b271e69":2,"5fbe8887":2,"6a4b9393":2,"70f971d8":2,"69b451c5":2,"55c80adf":2,"b1513ceb":2,"5cf4bd53":2,"cb6b6898":2,"2157095c":2,"5896a108":2,"1e7f8c0c":2,"08de8c6c":2,"1fda82dc":2,"dc59ae75":2,"659f733c":2,"fa01692d":2,"68c6732f":2,"27df4b2f":2,"dd84569e":2,"8e7fd9d4":2,"8191fbbe":2,"39d10d84":2,"665819ce":2,"0c11358e":2,"91cbfeef":2,"55d58417":2,"4ed06d6c":2,"2e649dc3":2,"22a36dd1":2,"7f8d39ad":2,"61bb782a":2,"b4ae8dac":2,"d1f898c7":2,"a42a4603":2,"2234c50f":2,"70dd7f3a":2,"c6b8207d":2,"114409e8":2,"e766e5a9":2,"7df8cd7b":2,"8579bea3":2,"34919f57":2,"97ac39fb":2,"a3aa65a3":2,"9bd9154d":2,"f0ec6c6a":2,"e7f1bafc":2,"e8620661":2,"4d7c445f":2,"f30a01fb":2,"7d9c5584":2,"565ada00":2,"bcc99455":2,"e7808be3":2,"da3ecf5a":2,"cb647637":2,"0fd4a803":2,"b1501ede":2,"0c068758":2,"6ed75d67":2,"187eba58":2,"14d4ab0e":2,"eed7296b":2,"011cc460":2,"09ea6128":2,"b501b9bf":2,"a67cfb29":2,"98342d7d":2,"a9372bd2":2,"062c75e4":2,"8298c592":2,"c7797e83":2,"6fe40e4e":2,"c9371c60":2,"f5027872":2,"9595d5de":2,"9c6ecaa1":2,"0191d105":2,"a03a2541":2,"f17476e7":2,"2218861b":2,"c80e756b":2,"7e5d85b8":2,"8bdfe0c2":2,"1fb5cb4f":2,"4efc5cd5":2,"1500b3a2":2,"b444aaf5":2,"36a8d8d7":2,"04f0d285":2,"b515c6f3":2,"4aba2cab":2,"037d7f0a":2,"06942fd7":2,"054d8432":2,"8ea002f4":2,"606ad231":2,"34cd4255":2,"431ec0e9":2,"bc54f533":2,"2894d8db":2,"52630f6b":2,"b9daf11e":2,"a3433d9d":2,"e0823def":2,"31987bd9":2,"95c59883":2,"ca59a900":2,"69289368":2,"67d8f321":2,"d3bb69a7":2,"f4aeb6bb":2,"225d70f7":2,"2939dd30":2,"e942c6e6":2,"d8a4c05b":2,"0de69cc5":2,"34be4e88":2,"3f9924e1":2,"9762539f":2,"95d5a3be":2,"a68a816f":2,"f68895d6":2,"aa690ba7":2,"06122d96":2,"8e76bda7":2,"dd60c5c1":2,"79bd2048":2,"74659b08":2,"abb38101":2,"30aa40cd":2,"c3379969":2,"9f6fade3":2,"bddcf6cc":2,"67af3088":2,"73f2844e":2,"0e1a0e59":2,"82393b2d":2,"60b6fb60":2,"accb4ea7":2,"6fa89327":2,"902731cd":2,"18ae2ae3":2,"c85da18d":2,"afaffedf":2,"e696628e":2,"893669d0":2,"888ddb04":2,"83607a2a":2,"6710e435":2,"b68939c4":2,"7d7d34b8":2,"e0f10a2d":2,"71ccf5fd":2,"b5ba7163":2,"3748680e":2,"0d478b68":2,"27018622":2,"e260da40":2,"11b21af2":2,"7d96c2aa":2,"87c122c0":2,"f6736b3e":2,"ff3381d4":2,"3031d20a":2,"1658b99a":2,"e2ececaf":2,"e53898b9":2,"2d7dda73":2,"d547640b":2,"83f4763f":2,"8b49db82":2,"116ee2c3":2,"0eca83f5":2,"b084b010":2,"156af72c":2,"92c4104d":2,"5a06ddba":2,"ffc77fa1":2,"39b6ccd5":2,"06f33546":2,"6e4a51e8":2,"6003a0d2":2,"47d0eeb5":2,"f394597e":2,"11cbe1bf":2,"037b1d4f":2,"d1041b58":2,"90e4506c":2,"215641d0":2,"7d926dd2":2,"0ecd272d":2,"98b9d08f":2,"e24505e3":2,"c8bdc848":2,"1265ac50":2,"d6948a09":2,"436c6e7e":2,"d1d1bb2d":2,"e546ef2c":2,"372fe97a":2,"abf2824a":2,"6890ee00":2,"ff21e3e4":2,"9234ed51":2,"b2c9eca5":2,"af3e85ef":2,"fe150651":2,"51029a05":2,"5cbe7d6b":2,"daa324eb":2,"38161641":2,"0f3e63a0":2,"ec8be263":2,"7302f1ec":2,"77ac5bd5":2,"d45379be":2,"c797859d":2,"235c152b":2,"9e32c8c8":2,"ff9daeb5":2,"de023a30":2,"c8e813fe":2,"0f7db5df":2,"d359f8ca":2,"c3cc738b":2,"7db0a9d3":2,"7804db8a":2,"883a64df":2,"75381320":2,"83c011ea":2,"aa8dca46":2,"b7eeec73":2,"c80c6ede":2,"0f04b72e":2,"e06fc236":2,"f662f926":2,"4d8dc37e":2,"8e096253":2,"c6436770":2,"4c84ff61":2,"fd7268c8":2,"12943a29":2,"cda347c1":2,"d1d151e3":2,"e80ff641":2,"495cc2c3":2,"c9c78cad":2,"27cf724d":2,"97681715":2,"14a510dc":2,"3ed8057e":2,"462d195a":2,"23766b8f":2,"9be79bcc":2,"e48d461e":2,"36792adf":2,"4f76d02d":2,"a5a26bed":2,"358b38e6":2,"1e2de272":2,"c69be0fb":2,"96040a57":2,"768f04a7":2,"4493af19":2,"ad624bc5":2,"1e9eb714":2,"2350c935":2,"667ba44b":2,"5e518ab4":2,"6814ac3d":2,"31bf7076":2,"7eb420d8":2,"0f75f5c2":2,"18772566":2,"42e81204":2,"c6f569a2":2,"03d798fc":2,"f2f5e106":2,"a5c12275":2,"440bddee":2,"f654115e":2,"6405d331":2,"233576d9":2,"0e420b6c":2,"1cee4eb8":2,"06fa349e":2,"42f57d8f":2,"57c5dd4f":2,"8bc1bdf9":2,"fd7b49cc":2,"414c5ff5":2,"43768a97":2,"59f0fc33":2,"ed5c91ae":2,"1de23fb9":2,"af809ddd":2,"708773b9":2,"dd57b593":2,"ec33c673":2,"8db7615e":2,"f1914beb":2,"7805f8c9":2,"3cfc0f6c":2,"3ddaff94":2,"5cd20b69":2,"0876a7d3":2,"229e27db":2,"e9472ab8":2,"8eb5c2eb":2,"626ec856":2,"d604b248":2,"da3917a4":2,"bfb54f4c":2,"705e52eb":2,"631bb294":2,"0698cd97":2,"11d5eaaf":2,"c0949a1e":2,"be708bd6":2,"02dd7cd0":2,"44bfdb89":2,"5f21ce5d":2,"77450247":2,"7976c5ea":2,"6aedfccf":2,"6717a1c6":2,"14adc44c":3,"b2ec3ba4":3,"40c6733a":3,"7a136200":3,"7d3300ea":3,"93e9de3a":3,"fde7934f":3,"89d06491":3,"3e459c45":3,"c603d465":3,"def932d9":3,"7db01a40":3,"6a651235":3,"05022fce":3,"e4f1a318":3,"ef88705a":3,"f6fde325":3,"8b6364cc":3,"55c46a06":3,"5ef4ca2f":3,"58be82f5":3,"4322ce03":3,"12f47231":3,"258643d0":3,"597d0378":3,"3cf3b890":3,"457315ed":3,"206353f1":3,"5ddbffd2":3,"60b805e4":3,"0eb5e0fb":3,"3f41e44c":3,"5e7f5533":3,"872e9dc8":3,"ddec2178":3,"b9081f2d":3,"84333e67":3,"eb15f3ab":3,"56730c41":3,"2d3fe81d":3,"f4ad1cc3":3,"f671a162":3,"205b707e":3,"a9da770a":3,"723b590c":3,"95dfe0c3":3,"ee7c779b":3,"120bb9e8":3,"1f6f6905":3,"f9847f34":3,"69326bdf":3,"942c8dd9":3,"12858ec2":3,"19bed9a2":3,"41c96b9e":3,"928a190c":3,"846d8fff":3,"44a12aab":3,"40db6664":3,"03ec2fab":3,"7fd4b434":3,"56fe91d8":3,"9555b9e6":3,"22808ea2":3,"2233dc6a":3,"fb4c8e34":3,"f8d3271c":3,"95464005":3,"14e9672b":3,"390a5cc1":3,"9c08141c":3,"ea417bf6":3,"7afccc02":3,"50e1b314":3,"1809d6f8":3,"e775a505":3,"e2691602":3,"7e812af6":3,"ca7b6e17":3,"757e7193":3,"59f9c3ab":3,"93b54b94":3,"ec776b6b":3,"346eda8f":3,"68ce3985":3,"5d59c50d":3,"c3f0c20b":3,"d31cd74d":3,"5474dbc0":3,"bb1074ee":3,"19687332":3,"76d3e06a":3,"405369de":3,"53b7168b":3,"08ac9f15":3,"09b69cee":3,"e910de23":3,"045f1dc7":3,"04ddb015":3,"cc0ea90f":3,"92abca3a":3,"af49630c":3,"661d9e09":3,"7b338fa3":3,"f3d5fc72":3,"66552850":3,"0e6433d4":3,"e880315b":3,"d6a86c50":3,"1791ef55":3,"598e5308":3,"b8662f69":3,"71c5df8a":3,"6cc53f8a":3,"0c6e5fc7":3,"c21985dd":3,"a9976be4":3,"de940fb5":3,"82ab1a25":3,"a6b8b33c":3,"395d9d46":3,"805dd882":3,"b1aa1d9b":3,"1f1c27f6":3,"267548d5":3,"0a6b6e70":3,"51834e83":3,"d5e31177":3,"328504de":3,"fa7cef9a":3,"d6de4272":3,"9dbbd889":3,"959cfb87":3,"11ddff85":3,"afc6aca5":3,"1adb79ae":3,"e32b51ea":3,"d39efe7e":3,"a9dcd1f4":3,"fa9bbbc9":3,"93f54b87":3,"f13a5623":3,"1b8463e7":3,"3f6ca0e7":3,"027008a1":3,"34c63a89":3,"244a911d":3,"baa363ec":3,"91ce6ebf":3,"39d10d84":3,"7c2c2e9d":3,"5f7cd8dc":3,"c608b2d3":3,"0c11358e":3,"a2a98656":3,"421f7c0c":3,"4ed06d6c":3,"01e0bee1":3,"349a01a9":3,"22a36dd1":3,"ee9310ff":3,"feba23a1":3,"677c5779":3,"f06aa8f9":3,"592cd8e5":3,"463f42d8":3,"e45dac21":3,"d507991d":3,"b35da296":3,"58dc5d49":3,"975bd964":3,"d7d28ddd":3,"8665a22c":3,"f90db2bf":3,"06a584c9":3,"3ffaf89d":3,"9dc3da4b":3,"194ae0bd":3,"21561be4":3,"319fa365":3,"202323e9":3,"7cedf988":3,"4e0591ce":3,"b13d003d":3,"8f80feb3":3,"ab6dc4e8":3,"675dc683":3,"5d5e20eb":3,"2dcc2c44":3,"b39f7637":3,"5681f0eb":3,"29112f02":3,"7622a3f7":3,"1624e13b":3,"99b5d628":3,"f31d5e8f":3,"d1998543":3,"f20b2af0":3,"f93d96ec":3,"9f09733a":3,"d5a5e37a":3,"ad798e3a":3,"174fc874":3,"9b2180a9":3,"2c84e673":3,"f66e2973":3,"2383455e":3,"e30199cb":3,"3310e597":3,"fb796765":3,"19dc1a11":3,"fe717a7c":3,"8f120198":3,"6b2d3833":3,"dea30ada":3,"30cd6e0e":3,"4f79ac70":3,"de5e3630":3,"364930fc":3,"bed0ab11":3,"a28175a6":3,"880be142":3,"0d7868f6":3,"665819ce":3,"b4ae8dac":3,"a42a4603":3,"b80dd169":3,"55d58417":3,"f0871e5e":3,"7f8d39ad":3,"c6b8207d":3,"7df8cd7b":3,"d1f898c7":3,"91cbfeef":3,"70dd7f3a":3,"2e649dc3":3,"97ac39fb":3,"f0ec6c6a":3,"114409e8":3,"61bb782a":3,"4d7c445f":3,"2234c50f":3,"34919f57":3,"565ada00":3,"e766e5a9":3,"9bd9154d":3,"e7808be3":3,"8579bea3":3,"e8620661":3,"cb647637":3,"a3aa65a3":3,"f30a01fb":3,"b1501ede":3,"e7f1bafc":3,"bcc99455":3,"7d9c5584":3,"0c068758":3,"da3ecf5a":3,"14d4ab0e":3,"0fd4a803":3,"6ed75d67":3,"011cc460":3,"187eba58":3,"09ea6128":3,"98342d7d":3,"eed7296b":3,"8251f537":3,"9b26d3ec":3,"57a48be1":3,"166809bf":3,"54da619a":3,"9265915c":3,"964ad143":3,"bb0a5334":3,"a2c81764":3,"7e4c4e91":3,"14b63863":3,"b3dd4a21":3,"b9daf11e":3,"85ebcc12":3,"31987bd9":3,"7d93502f":3,"ca59a900":3,"a3433d9d":3,"f4aeb6bb":3,"e0823def":3,"2939dd30":3,"69289368":3,"d3bb69a7":3,"34be4e88":3,"95c59883":3,"e942c6e6":3,"95d5a3be":3,"67d8f321":3,"225d70f7":3,"0de69cc5":3,"f68895d6":3,"d8a4c05b":3,"dd60c5c1":3,"9762539f":3,"3f9924e1":3,"aa690ba7":3,"74659b08":3,"a68a816f":3,"8e76bda7":3,"abb38101":3,"30aa40cd":3,"06122d96":3,"c3379969":3,"67af3088":3,"79bd2048":3,"73f2844e":3,"60b6fb60":3,"9f6fade3":3,"c67a83d5":3,"ae9ff5a7":3,"5c861438":3,"0bae94b0":3,"3958c3c2":3,"00869537":3,"6deec84d":3,"710ac9ee":3,"43474196":3,"3b6c1641":3,"89cfc57c":3,"16e43596":3,"a8c73d95":3,"cc9d2047":3,"d2122709":3,"e4f1d181":3,"5a0cb06a":3,"31c09a47":3,"bffdfa09":3,"f3bfb39a":3,"b1513ceb":3,"8817d649":3,"6f752af3":3,"fc27764a":3,"b58f03bf":3,"cb6b6898":3,"b501b9bf":3,"062c75e4":3,"2218861b":3,"a67cfb29":3,"7e5d85b8":3,"a9372bd2":3,"f17476e7":3,"4efc5cd5":3,"c80e756b":3,"b444aaf5":3,"04f0d285":3,"8bdfe0c2":3,"1fb5cb4f":3,"4aba2cab":3,"06942fd7":3,"1500b3a2":3,"5896a108":3,"08de8c6c":3,"659f733c":3,"804e3b61":3,"fa513bf5":3,"592b2206":2,"822f3d29":2,"b4ab9037":2,"b6aa601c":2,"d8bbd37d":2,"8f1115da":2,"a8a45fe7":2,"b09c1cea":2,"5140c42c":2,"d3a87f81":2,"3ec775cf":2,"9fe7106c":2,"5c912a59":2,"5a9a9e66":2,"36eceb3c":2,"3f11de84":2,"bb494b75":2,"8d6c4cba":2,"a675fbf9":2,"b8a459ed":2,"cdb31eb5":2,"6f0aa8c9":2,"aa657651":2,"0da3f70c":2,"383efc25":2,"ba60e545":2,"fe27be88":2,"bab6a37c":2,"cefc88dc":2,"377d7148":2,"ed6a35d5":2,"bca413b4":2,"fbd8a05c":2,"2a0606b3":2,"efc788b1":2,"a2f3b24a":2,"72f681da":2,"ab8d682e":2,"99cb7f8b":2,"895c0123":2,"416ab430":2,"5cf4bd53":3,"d2c1f600":3,"fa01692d":3,"1e7f8c0c":3,"55c80adf":3,"2157095c":3,"1fda82dc":3,"dc59ae75":3,"6fa89327":3,"bddcf6cc":3,"82393b2d":3,"c85da18d":3,"18ae2ae3":3,"afaffedf":3,"0e1a0e59":3,"e696628e":3,"8e096253":3,"accb4ea7":3,"fd7268c8":3,"c6436770":3,"902731cd":3,"d1d151e3":3,"893669d0":3,"12943a29":3,"27cf724d":3,"4d8dc37e":3,"e80ff641":3,"3ed8057e":3,"c9c78cad":3,"4c84ff61":3,"9be79bcc":3,"358b38e6":3,"14a510dc":3,"cda347c1":3,"c69be0fb":3,"23766b8f":3
1601282528532,"ad7b63b6":3,"3f8b981b":3,"d8ffca41":3,"04519b32":3,"cd1d8587":3,"867f3aff":3,"4a8ab82a":3,"6a4b9393":3,"abbb4f04":3,"3f9d89cd":3,"215641d0":3,"5fbe8887":3,"83a51306":3,"495cc2c3":3,"36792adf":3,"4493af19":3,"667ba44b":3,"97681715":3,"a5a26bed":3,"462d195a":3,"1e2de272":3,"6814ac3d":3,"e48d461e":3,"70f971d8":3,"0ecd272d":3,"5b271e69":3,"7d926dd2":3,"d6948a09":3,"69b451c5":3,"e24505e3":3,"1265ac50":3,"372fe97a":3,"98b9d08f":3,"436c6e7e":3,"6890ee00":3,"c8bdc848":3,"d1d1bb2d":3,"fe150651":3,"e546ef2c":3,"abf2824a":3,"5cbe7d6b":3,"ff21e3e4":3,"9234ed51":3,"ec8be263":3,"af3e85ef":3,"b2c9eca5":3,"c797859d":3,"daa324eb":3,"51029a05":3,"0f3e63a0":3,"38161641":3,"9e32c8c8":3,"77ac5bd5":3,"c8e813fe":3,"7302f1ec":3,"d45379be":3,"c3cc738b":3,"ff9daeb5":3,"235c152b":3,"de023a30":3,"d359f8ca":3,"75381320":3,"0f7db5df":3,"7db0a9d3":3,"b7eeec73":3,"883a64df":3,"0f04b72e":3,"7804db8a":3,"6710e435":3,"83c011ea":3,"aa8dca46":3,"e0f10a2d":3,"18772566":3,"768f04a7":3,"03d798fc":3,"ad624bc5":3,"4f76d02d":3,"440bddee":3,"5e518ab4":3,"96040a57":3,"1e9eb714":3,"233576d9":3,"31bf7076":3,"0f75f5c2":3,"2350c935":3,"57c5dd4f":3,"c6f569a2":3,"7eb420d8":3,"42e81204":3,"a5c12275":3,"f2f5e106":3,"6405d331":3,"f654115e":3,"1cee4eb8":3,"0e420b6c":3,"06fa349e":3,"42f57d8f":3,"fd7b49cc":3,"8bc1bdf9":3,"43768a97":3,"59f0fc33":3,"ed5c91ae":3,"414c5ff5":3,"b5ba7163":3,"e06fc236":3,"c80c6ede":3,"e260da40":3,"888ddb04":3,"f662f926":3,"87c122c0":3,"b68939c4":3,"83607a2a":3,"7d7d34b8":3,"3748680e":3,"71ccf5fd":3,"3031d20a":3,"2d7dda73":3,"27018622":3,"0d478b68":3,"11b21af2":3,"8b49db82":3,"7d96c2aa":3,"1658b99a":3,"0eca83f5":3,"f6736b3e":3,"156af72c":3,"e53898b9":3,"ff3381d4":3,"5a06ddba":3,"83f4763f":3,"e2ececaf":3,"6e4a51e8":3,"b084b010":3,"d547640b":3,"92c4104d":3,"f394597e":3,"116ee2c3":3,"ffc77fa1":3,"11cbe1bf":3,"90e4506c":3,"39b6ccd5":3,"bfb54f4c":3,"06f33546":3,"1de23fb9":3,"af809ddd":3,"708773b9":3,"dd57b593":3,"ec33c673":3,"8db7615e":3,"f1914beb":3,"7805f8c9":3,"3cfc0f6c":3,"3ddaff94":3,"5cd20b69":3,"0876a7d3":3,"229e27db":3,"e9472ab8":3,"8eb5c2eb":3,"626ec856":3,"d604b248":3,"6003a0d2":3,"705e52eb":3,"47d0eeb5":3,"0698cd97":3,"037b1d4f":3,"d1041b58":3,"c0949a1e":3,"be708bd6":3,"da3917a4":3,"02dd7cd0":3,"44bfdb89":3,"631bb294":3,"11d5eaaf":3,"5f21ce5d":3,"77450247":3,"7976c5ea":3,"6aedfccf":3,"6717a1c6":3,"606ad231":3,"36a8d8d7":3,"431ec0e9":3,"b515c6f3":3,"2894d8db":3,"52630f6b":3,"037d7f0a":3,"054d8432":3,"8ea002f4":3,"34cd4255":3,"bc54f533":3,"68c6732f":3,"27df4b2f":3,"dd84569e":3,"8e7fd9d4":3,"8191fbbe":3,"8298c592":3,"c7797e83":3,"6fe40e4e":3,"c9371c60":3,"f5027872":3,"9595d5de":3,"9c6ecaa1":3,"0191d105":3,"a03a2541":3,"27194b6c":2,"b2aed378":2,"899671d6":2,"eef1a938":2,"1b078b56":2,"97f9b9a2":2,"c64ed07c":2,"5b528027":2,"ce858681":2,"1ae5ad7e":2,"eebdd662":2,"4d470537":2,"85436602":2,"ece0b25d":2,"afbb1ea4":2,"21f7ec31":2,"a66d055e":2,"9eb776f7":2,"7691a57d":2,"46908c38":2,"b8887300":2,"a7852644":2,"492287fd":2,"f527642a":2,"7ae17b81":2,"322d7341":2,"5f7b5a61":2,"66e14ee7":2,"62386ebe":2,"8e995df9":2,"855e5fa3":2,"1a147b13":2,"d8faa374":2,"cd9a6fe1":2,"99b88dcb":2,"66503ad2":2,"cb8c918d":2,"240392c2":2,"1ee24ef0":2,"4b20d5b9":2,"1a891533":2,"dce57eeb":2,"27c27a52":2,"a35d549d":2,"487ad1b2":2,"786a3dc2":2,"8072a5d4":2,"36275896":2,"0d1232b5":2,"172e477a":2,"64fd9a57":2,"fe46adf8":2,"38be5043":2,"b59a213e":2,"1b0224c1":2,"dd866bf3":2,"c8e97249":2,"a9917fbb":2,"e0789a06":2,"9de0d323":2,"9483b00c":2,"8939e4b7":2,"b33e7f87":2,"d5e2153e":2,"8228101d":2,"e6f920ea":2,"1cb125df":2,"f738b934":2,"398e4e70":2,"4ed0b223":2,"94cc4551":2,"61dce931":2,"f565ef05":2,"6c796cf6":2,"0d3ebac6":2,"642b10f9":2,"21ec5dc8":2,"f105356a":2,"c70c9e60":2,"5b327994":2,"a46e716b":2,"4e0d2c0a":2,"903e3794":2,"5cef05f8":2,"02e30213":2,"998479e8":2,"00f63c41":2,"bf20d9a2":2,"cd0f3c1e":2,"1d3518fa":2,"1051f1f0":2,"99898d79":2,"c813c233":2,"8308f65d":2,"a795a088":2,"983ffa77":2,"a03e8ed7":2,"86f70af1":2,"ee0d0130":2,"d3a9dad8":2,"3e7ec5d1":2,"921f0963":2,"ffab1a26":2,"c1f9164f":2,"662a08c9":2,"583ac8d4":2,"1c2a2edb":2,"c24c30a6":2,"04949c1c":2,"592b2206":3,"822f3d29":3,"b4ab9037":3,"b6aa601c":3,"5c912a59":3,"36eceb3c":3,"d8bbd37d":3,"bb494b75":3,"8f1115da":3,"a675fbf9":3,"a8a45fe7":3,"aa657651":3,"b09c1cea":3,"5140c42c":3,"0da3f70c":3,"fe27be88":3,"d3a87f81":3,"377d7148":3,"3ec775cf":3,"fbd8a05c":3,"b8a459ed":3,"9fe7106c":3,"6f0aa8c9":3,"5a9a9e66":3,"ab8d682e":3,"383efc25":3,"3f11de84":3,"99cb7f8b":3,"8d6c4cba":3,"27194b6c":3,"cefc88dc":3,"cdb31eb5":3,"1b078b56":3,"bca413b4":3,"ba60e545":3,"efc788b1":3,"97f9b9a2":3,"bab6a37c":3,"eebdd662":3,"72f681da":3,"ed6a35d5":3,"416ab430":3,"85436602":3,"2a0606b3":3,"899671d6":3,"21f7ec31":3,"a2f3b24a":3,"46908c38":3,"5b528027":3,"895c0123":3,"feba23a1":4,"677c5779":4,"a7852644":3,"ce858681":3,"b2aed378":3,"afbb1ea4":3,"322d7341":3,"eef1a938":3,"62386ebe":3,"9eb776f7":3,"c64ed07c":3,"b8887300":3,"1a147b13":3,"1ae5ad7e":3,"4d470537":3,"f527642a":3,"99b88dcb":3,"1ee24ef0":3,"66e14ee7":3,"ece0b25d":3,"855e5fa3":3,"dce57eeb":3,"a66d055e":3,"7691a57d":3,"d8faa374":3,"a35d549d":3,"36275896":3,"492287fd":3,"66503ad2":3,"64fd9a57":3,"7ae17b81":3,"240392c2":3,"5f7b5a61":3,"38be5043":3,"27c27a52":3,"8e995df9":3,"a9917fbb":3,"786a3dc2":3,"cd9a6fe1":3,"e0789a06":3,"8072a5d4":3,"cb8c918d":3,"b33e7f87":3,"172e477a":3,"e6f920ea":3,"4b20d5b9":3,"b59a213e":3,"1a891533":3,"398e4e70":3,"6c796cf6":3,"dd866bf3":3,"487ad1b2":3,"f06aa8f9":4,"592cd8e5":4,"463f42d8":4,"e45dac21":4,"d507991d":4,"b35da296":4,"58dc5d49":4,"975bd964":4,"8665a22c":4,"06a584c9":4,"9dc3da4b":4,"9b26d3ec":4,"166809bf":4,"d7d28ddd":4,"9265915c":4,"f90db2bf":4,"3ffaf89d":4,"bb0a5334":4,"194ae0bd":4,"7e4c4e91":4,"b9daf11e":4,"57a48be1":4,"54da619a":4,"31987bd9":4,"ca59a900":4,"964ad143":4,"a2c81764":4,"f4aeb6bb":4,"2939dd30":4,"4e0591ce":4,"b13d003d":4,"8f80feb3":4,"ab6dc4e8":4,"675dc683":4,"5d5e20eb":4,"2dcc2c44":4,"b39f7637":4,"5681f0eb":4,"7622a3f7":4,"99b5d628":4,"d1998543":4,"f20b2af0":4,"d5a5e37a":4,"2c84e673":4,"3310e597":4,"19dc1a11":4,"d8ffca41":4,"867f3aff":4,"14b63863":4,"34be4e88":4,"b3dd4a21":4,"e4f1a318":4,"ef88705a":4,"f6fde325":4,"8b6364cc":4,"55c46a06":4,"5ef4ca2f":4,"58be82f5":4,"4322ce03":4,"85ebcc12":4,"95d5a3be":4,"95c59883":4,"7d93502f":4,"f68895d6":4,"67d8f321":4,"225d70f7":4,"dd60c5c1":4,"a3433d9d":4,"d8a4c05b":4,"74659b08":4,"e0823def":4,"583ac8d4":3,"a03e8ed7":3,"ee0d0130":3,"921f0963":3,"ffab1a26":3,"662a08c9":3,"1c2a2edb":3,"c24c30a6":3,"04949c1c":3,"592b2206":4,"30aa40cd":4,"3f9924e1":4,"69289368":4,"67af3088":4,"a68a816f":4,"d3bb69a7":4,"06122d96":4,"60b6fb60":4,"e942c6e6":4,"79bd2048":4,"0de69cc5":4,"21ec5dc8":3,"9483b00c":3,"c70c9e60":3,"0d1232b5":3,"d5e2153e":3,"a46e716b":3,"fe46adf8":3,"1cb125df":3,"903e3794":3,"1b0224c1":3,"94cc4551":3,"c8e97249":3,"61dce931":3,"02e30213":3,"9de0d323":3,"8939e4b7":3,"0d3ebac6":3,"00f63c41":3,"8228101d":3,"f105356a":3,"1d3518fa":3,"5b327994":3,"f738b934":3,"1051f1f0":3,"4e0d2c0a":3,"4ed0b223":3,"8308f65d":3,"5cef05f8":3,"983ffa77":3,"998479e8":3,"f565ef05":3,"bf20d9a2":3,"86f70af1":3,"642b10f9":3,"cd0f3c1e":3,"d3a9dad8":3,"99898d79":3,"3e7ec5d1":3,"c813c233":3,"c1f9164f":3,"a795a088":3,"6fa89327":4,"9f6fade3":4,"9762539f":4,"bddcf6cc":4,"c85da18d":4,"0e1a0e59":4,"afaffedf":4,"aa690ba7":4,"accb4ea7":4,"8e096253":4,"8e76bda7":4,"fd7268c8":4,"abb38101":4,"902731cd":4,"c3379969":4,"d1d151e3":4,"893669d0":4,"73f2844e":4,"4d8dc37e":4,"27cf724d":4,"4c84ff61":4,"82393b2d":4,"cda347c1":4,"4a8ab82a":4,"3f9d89cd":4,"9f09733a":4,"83a51306":4,"174fc874":4,"29112f02":4,"5b271e69":4,"f66e2973":4,"1624e13b":4,"69b451c5":4,"e30199cb":4,"98b9d08f":4,"f31d5e8f":4,"fe717a7c":4,"f93d96ec":4,"c8bdc848":4,"3f8b981b":4,"ad798e3a":4,"d1d1bb2d":4,"9b2180a9":4,"04519b32":4,"abf2824a":4,"2383455e":4,"6a4b9393":4,"215641d0":4,"0ecd272d":4,"d6948a09":4,"fb796765":4,"9234ed51":4,"372fe97a":4,"ad7b63b6":4,"6890ee00":4,"b2c9eca5":4,"cd1d8587":4,"51029a05":4,"fe150651":4,"abbb4f04":4,"38161641":4,"5cbe7d6b":4,"ec8be263":4,"7302f1ec":4,"5fbe8887":4,"c797859d":4,"235c152b":4,"70f971d8":4,"de023a30":4,"7d926dd2":4,"9e32c8c8":4,"0f7db5df":4,"c8e813fe":4,"e24505e3":4,"12f47231":4,"cc0ea90f":4,"258643d0":4,"af49630c":4,"7b338fa3":4,"597d0378":4,"0e6433d4":4,"3cf3b890":4,"598e5308":4,"457315ed":4,"206353f1":4,"6cc53f8a":4,"c21985dd":4,"5ddbffd2":4,"82ab1a25":4,"60b805e4":4,"805dd882":4,"0eb5e0fb":4,"267548d5":4,"66552850":4,"3f41e44c":4,"d6a86c50":4,"d5e31177":4,"92abca3a":4,"661d9e09":4,"b8662f69":4,"9dbbd889":4,"0c6e5fc7":4,"f3d5fc72":4,"959cfb87":4,"d39efe7e":4,"e880315b":4,"de940fb5":4,"a9dcd1f4":4,"3ed8057e":4,"18ae2ae3":4,"495cc2c3":4,"97681715":4,"e696628e":4,"9be79bcc":4,"462d195a":4,"7a136200":4,"7d3300ea":4,"14adc44c":4,"89d06491":4,"b2ec3ba4":4,"c603d465":4,"40c6733a":4,"7db01a40":4,"93e9de3a":4,"fde7934f":4,"6a651235":4,"3e459c45":4,"5e7f5533":4,"872e9dc8":4,"def932d9":4,"84333e67":4,"05022fce":4,"56730c41":4,"ddec2178":4,"b9081f2d":4,"2d3fe81d":4,"358b38e6":4,"e48d461e":4,"c6436770":4,"4f76d02d":4,"c69be0fb":4,"12943a29":4,"4493af19":4,"667ba44b":4,"96040a57":4,"e80ff641":4,"6814ac3d":4,"1e9eb714":4,"c9c78cad":4,"18772566":4,"14a510dc":4,"03d798fc":4,"2350c935":4,"23766b8f":4,"440bddee":4,"7eb420d8":4,"a9da770a":4,"f671a162":4,"eb15f3ab":4,"723b590c":4,"f4ad1cc3":4,"95dfe0c3":4,"120bb9e8":4,"69326bdf":4,"f9847f34":4,"205b707e":4,"19bed9a2":4,"942c8dd9":4,"ee7c779b":4,"41c96b9e":4,"44a12aab":4,"1f6f6905":4,"928a190c":4,"12858ec2":4,"40db6664":4,"9555b9e6":4,"846d8fff":4,"22808ea2":4,"7fd4b434":4,"2233dc6a":4,"03ec2fab":4,"95464005":4,"ea417bf6":4,"14e9672b":4,"56fe91d8":4,"fb4c8e34":4,"390a5cc1":4,"50e1b314":4,"f8d3271c":4,"e2691602":4,"1809d6f8":4,"757e7193":4,"9c08141c":4,"7e812af6":4,"346eda8f":4,"7afccc02":4,"5d59c50d":4,"59f9c3ab":4,"e775a505":4,"ec776b6b":4,"36792adf":4,"42e81204":4,"233576d9":4,"a5a26bed":4,"57c5dd4f":4,"f2f5e106":4,"f654115e":4,"1e2de272":4,"0e420b6c":4,"768f04a7":4,"ad624bc5":4,"42f57d8f":4,"8bc1bdf9":4,"5e518ab4":4,"c3cc738b":4,"1265ac50":4,"7804db8a":4,"75381320":4,"436c6e7e":4,"83c011ea":4,"b7eeec73":4,"e546ef2c":4,"c80c6ede":4,"0f04b72e":4,"ff21e3e4":4,"f662f926":4,"6710e435":4,"83607a2a":4,"af3e85ef":4,"e0f10a2d":4,"7d7d34b8":4,"daa324eb":4,"b5ba7163":4,"0f3e63a0":4,"e260da40":4,"3748680e":4,"87c122c0":4,"77ac5bd5":4,"27018622":4,"3031d20a":4,"11b21af2":4,"2d7dda73":4,"d45379be":4,"f6736b3e":4,"8b49db82":4,"ff9daeb5":4,"ff3381d4":4,"d359f8ca":4,"e2ececaf":4,"0eca83f5":4,"7db0a9d3":4,"d547640b":4,"31bf7076":4,"414c5ff5":4,"0f75f5c2":4,"1de23fb9":4,"c6f569a2":4,"af809ddd":4,"708773b9":4,"a5c12275":4,"dd57b593":4,"6405d331":4,"1cee4eb8":4,"ec33c673":4,"8db7615e":4,"06fa349e":4,"fd7b49cc":4,"f1914beb":4,"43768a97":4,"7805f8c9":4,"3cfc0f6c":4,"3ddaff94":4,"59f0fc33":4,"5cd20b69":4,"822f3d29":4,"b4ab9037":4,"b6aa601c":4,"d8bbd37d":4,"8f1115da":4,"a8a45fe7":4,"b09c1cea":4,"5140c42c":4,"d3a87f81":4,"3ec775cf":4,"5c912a59":4,"9fe7106c":4,"36eceb3c":4,"5a9a9e66":4,"bb494b75":4,"a675fbf9":4,"3f11de84":4,"aa657651":4,"8d6c4cba":4,"b8a459ed":4,"0da3f70c":4,"6f0aa8c9":4,"cdb31eb5":4,"fe27be88":4,"383efc25":4,"ba60e545":4,"377d7148":4,"cefc88dc":4,"bab6a37c":4,"fbd8a05c":4,"ab8d682e":4,"bca413b4":4,"ed6a35d5":4,"99cb7f8b":4,"efc788b1":4,"2a0606b3":4,"27194b6c":4,"a2f3b24a":4,"72f681da":4,"1b078b56":4,"ed5c91ae":4,"0876a7d3":4,"bb1074ee":4,"ca7b6e17":4,"19687332":4,"d31cd74d":4,"93b54b94":4,"08ac9f15":4,"68ce3985":4,"405369de":4,"09b69cee":4,"045f1dc7":4,"04ddb015":4,"8f120198":4,"c3f0c20b":4,"30cd6e0e":4,"5474dbc0":4,"319fa365":4,"76d3e06a":4,"a28175a6":4,"7cedf988":4,"53b7168b":4,"8251f537":4,"dea30ada":4,"ae9ff5a7":4,"e910de23":4,"de5e3630":4,"3958c3c2":4,"364930fc":4,"ee9310ff":4,"21561be4":4,"bed0ab11":4,"710ac9ee":4,"89cfc57c":4,"202323e9":4,"5c861438":4,"d2122709":4,"0bae94b0":4,"6b2d3833":4,"4f79ac70":4,"5a0cb06a":4,"6deec84d":4,"880be142":4,"f3bfb39a":4,"3b6c1641":4,"c67a83d5":4,"6f752af3":4,"a8c73d95":4,"00869537":4,"b58f03bf":4,"31c09a47":4,"43474196":4,"bffdfa09":4,"fa513bf5":4,"16e43596":4,"8817d649":4,"229e27db":4,"e9472ab8":4,"116ee2c3":4,"156af72c":4,"883a64df":4,"5a06ddba":4,"aa8dca46":4,"6e4a51e8":4,"f394597e":4,"e06fc236":4,"888ddb04":4,"11cbe1bf":4,"b68939c4":4,"90e4506c":4,"71ccf5fd":4,"bfb54f4c":4,"0d478b68":4,"705e52eb":4,"7d96c2aa":4,"0698cd97":4,"c0949a1e":4,"1658b99a":4,"be708bd6":4,"8eb5c2eb":4,"e8620661":4,"91cbfeef":4,"14d4ab0e":4,"f30a01fb":4,"2e649dc3":4,"011cc460":4,"bcc99455":4,"da3ecf5a":4,"61bb782a":4,"09ea6128":4,"2234c50f":4,"98342d7d":4,"0fd4a803":4,"e766e5a9":4,"062c75e4":4,"6ed75d67":4,"8579bea3":4,"2218861b":4,"187eba58":4,"a3aa65a3":4,"7e5d85b8":4,"eed7296b":4,"e7f1bafc":4,"b501b9bf":4,"4efc5cd5":4,"626ec856":4,"d604b248":4,"395d9d46":4,"1791ef55":4,"f13a5623":4,"b1aa1d9b":4,"027008a1":4,"0a6b6e70":4,"71c5df8a":4,"328504de":4,"244a911d":4,"a9976be4":4,"fa7cef9a":4,"a6b8b33c":4,"39d10d84":4,"11ddff85":4,"0c11358e":4,"1adb79ae":4,"1f1c27f6":4,"93f54b87":4,"4ed06d6c":4,"51834e83":4,"3f6ca0e7":4,"d6de4272":4,"34c63a89":4,"afc6aca5":4,"22a36dd1":4,"7c2c2e9d":4,"e32b51ea":4,"b4ae8dac":4,"a42a4603":4,"fa9bbbc9":4,"c608b2d3":4,"1b8463e7":4
