100,1608130967432
92.753624,1608130967533
92.871284,1608130967638
96.28099,1608130967739
96.86848,1608130967839
97.341515,1608130967941
94.73685,1608130968044
95.50102,1608130968146
92.753624,1608130968247
92.083336,1608130968348
92.121216,1608130968450
88.91213,1608130968550
45.247932,1608130968651
89.13934,1608130968753
97.37373,1608130968856
97.28601,1608130968957
96.701035,1608130969057
92.65306,1608130969159
97.13702,1608130969262
95.020744,1608130969362
95.21829,1608130969463
95.652176,1608130969563
93.59504,1608130969664
75.20661,1608130969765
84.10042,1608130969865
56.521736,1608130969966
52.880657,1608130970067
95.652176,1608130970168
93.94572,1608130970268
95.6,1608130970372
96.6805,1608130970473
98.75,1608130970574
96.58635,1608130970677
97.54601,1608130970779
94.84536,1608130970880
94.59459,1608130970981
88.381744,1608130971081
84.55115,1608130971181
63.975155,1608130971282
92.02454,1608130971384
97.72727,1608130971485
93.181816,1608130971586
93.970894,1608130971686
98.35051,1608130971787
96.721306,1608130971889
95.793495,1608130971998
95.89322,1608130972100
95.454544,1608130972201
94.877045,1608130972303
94.66119,1608130972406
55.991734,1608130972507
69.92032,1608130972611
97.10744,1608130972712
97.30849,1608130972813
71.4876,1608130972914
94.567406,1608130973018
97.08172,1608130973125
96.52351,1608130973227
98.0695,1608130973335
95.208336,1608130973435
96.58635,1608130973539
95.029816,1608130973644
93.52227,1608130973748
92.43028,1608130973851
93.902435,1608130973953
93.40206,1608130974054
78.958336,1608130974154
92.82868,1608130974259
91.908714,1608130974360
96.733215,1608130974475
94.98956,1608130974575
96.49485,1608130974676
94.75891,1608130974777
95.757576,1608130974879
96.15385,1608130974983
95.86777,1608130975083
95.4071,1608130975184
95.10204,1608130975285
89.896904,1608130975386
62.52505,1608130975490
93.64754,1608130975592
88.63636,1608130975693
97.16599,1608130975796
98.121086,1608130975897
95.051544,1608130975997
93.94572,1608130976097
95.454544,1608130976198
96.14605,1608130976301
94.44444,1608130976402
86.2213,1608130976503
87.751,1608130976606
79.545456,1608130976707
92.08925,1608130976810
91.20654,1608130976911
95.4071,1608130977012
96.28099,1608130977112
97.72727,1608130977213
97.515526,1608130977314
96.42857,1608130977419
94.05737,1608130977521
94.17671,1608130977625
92.9314,1608130977726
97.59036,1608130977829
94.84127,1608130977934
89.72746,1608130978034
93.31984,1608130978137
96.385544,1608130978242
95.4023,1608130978350
94.84733,1608130978459
94.331985,1608130978562
95.783134,1608130978666
95.79159,1608130978770
95.39749,1608130978870
91.27789,1608130978973
80.08299,1608130979074
93.08301,1608130979179
94.79167,1608130979279
96.694214,1608130979380
96.08247,1608130979481
92.291664,1608130979581
95.296524,1608130979683
95.80153,1608130979792
97.10744,1608130979893
94.82401,1608130979994
97.1134,1608130980095
84.91736,1608130980196
95.661156,1608130980297
95.5102,1608130980399
95.859215,1608130980500
95.198326,1608130980600
95.54656,1608130980704
88.61284,1608130980804
90.87221,1608130980907
93.877556,1608130981010
96.68737,1608130981110
94.98956,1608130981211
94.421486,1608130981311
95.24794,1608130981412
95.21829,1608130981512
95.670105,1608130981613
95.82464,1608130981713
96.593185,1608130981817
94.39834,1608130981918
59.420288,1608130982018
96.19238,1608130982122
96.07438,1608130982223
94.628105,1608130982324
94.768616,1608130982429
95.39078,1608130982532
98.01588,1608130982637
97.34694,1608130982740
95.01916,1608130982848
97.698746,1608130982949
91.358025,1608130983049
64.669426,1608130983150
97.16025,1608130983253
92.92929,1608130983356
94.78079,1608130983457
97.10744,1608130983557
94.2,1608130983661
95.634094,1608130983761
92.56198,1608130983862
98.125,1608130983962
94.82401,1608130984063
95.8498,1608130984168
92.546585,1608130984269
87.5,1608130984369
93.047035,1608130984471
96.900826,1608130984572
95.188286,1608130984672
95.63492,1608130984778
86.391754,1608130984878
97.36308,1608130984981
97.10744,1608130985082
94.421486,1608130985183
95.661156,1608130985284
93.541664,1608130985384
91.92547,1608130985485
91.00419,1608130985585
95.93496,1608130985688
96.707825,1608130985790
92.148766,1608130985891
92.81438,1608130985994
94.117645,1608130986097
93.22382,1608130986199
96.7033,1608130986314
94.84347,1608130986426
93.970894,1608130986527
92.05021,1608130986628
96.4876,1608130986728
94.97908,1608130986829
94.60581,1608130986929
93.64754,1608130987031
95.4071,1608130987132
90.22404,1608130987234
92.66247,1608130987335
90.200005,1608130987440
92.68293,1608130987543
95.12195,1608130987645
95.092026,1608130987747
93.94572,1608130987847
92.27642,1608130987951
94.84536,1608130988052
93.65385,1608130988161
94.33962,1608130988262
96.701035,1608130988362
94.214874,1608130988463
77.35849,1608130988564
90.39666,1608130988664
88.773384,1608130988765
93.30628,1608130988868
96.23431,1608130988969
94.00827,1608130989069
95.39749,1608130989170
92.753624,1608130989270
94.66119,1608130989373
95.435684,1608130989473
94.78079,1608130989574
92.09979,1608130989674
91.71843,1608130989775
92.827866,1608130989878
92.083336,1608130989978
89.33054,1608130990079
96.09375,1608130990186
94.60581,1608130990286
93.99586,1608130990387
96.450935,1608130990487
92.09979,1608130990588
93.93305,1608130990688
91.21339,1608130990789
93.78882,1608130990889
91.25,1608130990990
95.43651,1608130991095
95.97586,1608130991199
93.77593,1608130991299
94.09369,1608130991402
94.56067,1608130991502
91.493774,1608130991603
91.4405,1608130991704
95.454544,1608130991804
95.39749,1608130991905
94.60581,1608130992005
95.859215,1608130992106
92.259415,1608130992206
93.56846,1608130992307
94.95968,1608130992410
93.723854,1608130992510
93.93939,1608130992614
94.19087,1608130992715
65.833336,1608130992815
54.35685,1608130992916
85.62629,1608130993019
95.564514,1608130993122
95.625,1608130993222
96.47302,1608130993323
93.85246,1608130993425
95.4071,1608130993526
95.93496,1608130993628
94.96855,1608130993728
93.37474,1608130993829
94.86653,1608130993932
93.56846,1608130994032
66.66667,1608130994133
88.92989,1608130994245
87.89144,1608130994345
91.47609,1608130994446
96.85535,1608130994546
96.91358,1608130994647
96.27329,1608130994748
96.938774,1608130994850
96.951225,1608130994953
96.27329,1608130995054
94.48979,1608130995156
95.625,1608130995256
96.4876,1608130995358
96.265564,1608130995458
80.20833,1608130995559
65.625,1608130995659
77.7336,1608130995764
95.88477,1608130995866
97.68786,1608130995975
97.31405,1608130996076
95.679016,1608130996177
95.198326,1608130996278
96.88796,1608130996378
96.5251,1608130996486
97.18875,1608130996590
95.051544,1608130996691
95.36842,1608130996791
85.71429,1608130996892
77.66393,1608130996993
96.42105,1608130997093
93.93305,1608130997194
94.39834,1608130997294
95.416664,1608130997395
96.28099,1608130997496
92.09979,1608130997596
94.86692,1608130997707
96.06625,1608130997807
95.625,1608130997908
95.52845,1608130998010
96.44352,1608130998110
96.06625,1608130998211
93.89002,1608130998314
92.58475,1608130998415
89.04959,1608130998516
95.42619,1608130998616
95.25773,1608130998717
87.13693,1608130998818
74.27386,1608130998919
95.58012,1608130999032
97.280334,1608130999133
94.19087,1608130999233
98.35051,1608130999334
97.10744,1608130999435
96.0499,1608130999536
96.0499,1608130999636
95.46392,1608130999737
97.560974,1608130999840
95.652176,1608130999941
79.83539,1608131000043
87.577644,1608131000144
84.30962,1608131000244
84.39425,1608131000346
94.15449,1608131000447
96.32495,1608131000554
96.0251,1608131000655
94.639175,1608131000755
97.693924,1608131000856
95.83333,1608131000960
95.93496,1608131001063
94.409935,1608131001165
93.77593,1608131001265
96.666664,1608131001366
94.726166,1608131001469
79.75206,1608131001569
57.380455,1608131001670
82.75154,1608131001770
95.42619,1608131001871
94.46721,1608131001973
94.82401,1608131002074
96.35627,1608131002178
95.22821,1608131002278
96.86924,1608131002392
97.37828,1608131002503
96.23431,1608131002603
95.03106,1608131002704
95.82464,1608131002805
95.86777,1608131002905
92.88703,1608131003006
65.15464,1608131003107
66.04555,1608131003207
83.05785,1608131003308
98.34369,1608131003409
97.55102,1608131003511
97.095436,1608131003612
96.458336,1608131003713
98.140495,1608131003814
96.99248,1608131003924
97.291664,1608131004024
96.579475,1608131004129
97.92961,1608131004229
95.61586,1608131004330
88.14969,1608131004430
81.15942,1608131004531
92.546585,1608131004633
95.029816,1608131004738
96.06625,1608131004838
95.696724,1608131004940
93.36016,1608131005045
95.625,1608131005145
96.3039,1608131005247
95.63492,1608131005352
95.26627,1608131005458
95.208336,1608131005558
97.515526,1608131005659
96.0251,1608131005759
93.22382,1608131005861
92.65873,1608131005966
90.81419,1608131006066
95.2381,1608131006167
94.79167,1608131006268
95.54263,1608131006375
94.768616,1608131006479
95.435684,1608131006580
94.53781,1608131006680
97.52066,1608131006781
94.178795,1608131006882
95.2381,1608131006982
97.72727,1608131007083
95.80713,1608131007184
94.178795,1608131007284
92.09979,1608131007385
92.29209,1608131007487
97.095436,1608131007588
94.06953,1608131007691
96.67969,1608131007798
88.88889,1608131007899
96.44352,1608131008000
96.4876,1608131008100
95.01039,1608131008201
96.200005,1608131008305
97.912315,1608131008406
96.265564,1608131008506
91.94215,1608131008607
95.6067,1608131008708
95.86777,1608131008808
92.02454,1608131008910
95.39749,1608131009011
94.409935,1608131009111
95.39749,1608131009212
94.86653,1608131009313
96.0334,1608131009414
97.0297,1608131009518
97.693924,1608131009619
95.03106,1608131009719
95.42744,1608131009824
96.2578,1608131009925
94.61698,1608131010025
96.28866,1608131010126
95.28689,1608131010228
95.44513,1608131010329
96.659706,1608131010430
94.020615,1608131010530
94.36325,1608131010631
96.694214,1608131010731
96.265564,1608131010832
97.5,1608131010933
96.27329,1608131011033
95.208336,1608131011134
96.06625,1608131011234
97.148674,1608131011337
94.877045,1608131011438
95.02868,1608131011547
94.78079,1608131011648
97.80877,1608131011752
98.21429,1608131011857
95.47325,1608131011958
95.94321,1608131012061
91.908714,1608131012162
86.09407,1608131012265
94.44444,1608131012370
90.64449,1608131012470
95.03106,1608131012571
96.01594,1608131012677
97.30849,1608131012777
95.357834,1608131012885
96.414345,1608131012991
97.52066,1608131013091
97.703545,1608131013192
96.900826,1608131013292
94.88753,1608131013394
94.54927,1608131013495
86.30705,1608131013595
82.57262,1608131013696
95.03106,1608131013796
93.76299,1608131013897
91.08911,1608131014002
96.737045,1608131014111
97.48954,1608131014212
96.957405,1608131014315
95.652176,1608131014415
95.841995,1608131014516
96.73077,1608131014624
96.07438,1608131014725
96.900826,1608131014826
93.51465,1608131014926
95.661156,1608131015027
96.01677,1608131015127
95.28689,1608131015230
93.7751,1608131015333
98.364006,1608131015435
95.10358,1608131015546
94.769875,1608131015646
97.3306,1608131015747
96.659706,1608131015847
96.12245,1608131015949
96.780685,1608131016054
94.83471,1608131016154
91.14688,1608131016258
97.3029,1608131016359
97.703545,1608131016460
96.28099,1608131016560
96.35627,1608131016663
88.14969,1608131016764
84.799995,1608131016869
96.27329,1608131016969
97.1831,1608131017073
97.415504,1608131017178
96.44352,1608131017279
97.10145,1608131017379
94.628105,1608131017480
97.22222,1608131017586
97.10744,1608131017686
96.89441,1608131017787
97.698746,1608131017888
95.661156,1608131017988
92.73859,1608131018089
79.95825,1608131018190
80.9901,1608131018295
97.148674,1608131018398
96.392784,1608131018502
94.36325,1608131018602
93.99586,1608131018703
96.23431,1608131018803
97.15447,1608131018906
97.73196,1608131019007
96.23431,1608131019107
97.171715,1608131019210
97.52066,1608131019311
94.57203,1608131019412
84.75248,1608131019517
92.96066,1608131019618
95.76923,1608131019726
96.4876,1608131019827
97.57085,1608131019930
97.3029,1608131020031
96.62028,1608131020136
95.850624,1608131020237
97.7131,1608131020337
96.900826,1608131020438
96.25,1608131020539
95.97586,1608131020643
93.56846,1608131020743
78.83817,1608131020844
56.82731,1608131020947
88.61284,1608131021048
97.48954,1608131021149
95.70552,1608131021250
97.07113,1608131021351
97.52066,1608131021451
96.652725,1608131021552
97.14286,1608131021653
96.89441,1608131021755
97.2973,1608131021862
95.86777,1608131021964
92.1325,1608131022064
91.041664,1608131022165
95.652176,1608131022265
94.29735,1608131022368
96.75572,1608131022477
95.815895,1608131022578
94.05737,1608131022679
97.31959,1608131022780
95.816734,1608131022886
97.10145,1608131022986
94.78079,1608131023087
97.70992,1608131023195
95.34413,1608131023298
97.484276,1608131023399
95.491806,1608131023500
97.280334,1608131023601
94.897964,1608131023703
94.77911,1608131023807
95.40441,1608131023921
94.8,1608131024026
80.33126,1608131024126
86.36364,1608131024228
95.731705,1608131024330
96.0499,1608131024430
96.47302,1608131024531
96.89441,1608131024633
96.28866,1608131024733
96.4876,1608131024834
96.18474,1608131024938
97.10145,1608131025039
94.36325,1608131025140
91.92547,1608131025241
93.77593,1608131025341
92.402466,1608131025443
92.90188,1608131025543
95.696724,1608131025645
95.2381,1608131025746
95.63567,1608131025856
96.0499,1608131025957
98.34369,1608131026057
96.652725,1608131026158
96.48033,1608131026258
95.86614,1608131026364
94.15449,1608131026465
89.21568,1608131026572
96.68737,1608131026672
92.52525,1608131026775
92.11618,1608131026876
95.61586,1608131026976
95.64315,1608131027077
97.33607,1608131027180
96.707825,1608131027280
97.91667,1608131027381
97.31405,1608131027481
95.31568,1608131027585
94.05941,1608131027690
97.95918,1608131027791
96.47302,1608131027892
95.173744,1608131028000
95.740364,1608131028103
95.25773,1608131028204
96.086105,1608131028311
95.42619,1608131028411
95.783134,1608131028515
96.42147,1608131028620
97.78672,1608131028724
96.53061,1608131028826
96.86848,1608131028926
95.97586,1608131029030
96.458336,1608131029130
95.46392,1608131029231
95.83333,1608131029332
97.72727,1608131029432
94.567406,1608131029536
93.541664,1608131029637
96.05809,1608131029737
94.14226,1608131029838
96.28099,1608131029938
94.02391,1608131030044
95.44513,1608131030144
93.125,1608131030245
97.98792,1608131030348
95.1782,1608131030449
95.86777,1608131030549
96.55831,1608131030659
94.60581,1608131030759
94.60581,1608131030860
94.57203,1608131030961
94.00827,1608131031061
83.46938,1608131031163
82.26804,1608131031264
92.916664,1608131031364
96.89441,1608131031465
97.31959,1608131031566
97.510376,1608131031667
96.42857,1608131031772
96.44352,1608131031872
96.49485,1608131031973
97.1134,1608131032074
95.723015,1608131032177
96.08247,1608131032278
96.18474,1608131032382
70.292885,1608131032482
90.890686,1608131032586
94.409935,1608131032686
92.73859,1608131032787
95.625,1608131032887
96.98795,1608131032991
97.10145,1608131033092
96.4876,1608131033193
95.83333,1608131033299
96.18474,1608131033403
98.13664,1608131033503
95.83333,1608131033603
94.59459,1608131033704
97.07725,1608131033804
94.628105,1608131033905
92.88703,1608131034005
72.44259,1608131034105
91.097305,1608131034206
94.81766,1608131034315
97.50958,1608131034424
97.30849,1608131034525
96.25,1608131034625
97.97571,1608131034728
97.3843,1608131034832
96.52351,1608131034934
95.50102,1608131035036
97.79117,1608131035140
96.22642,1608131035241
95.2381,1608131035345
92.11618,1608131035446
95.54656,1608131035550
95.652176,1608131035650
96.09375,1608131035758
94.61698,1608131035858
95.28689,1608131035961
96.77419,1608131036063
97.703545,1608131036163
97.722565,1608131036264
96.701035,1608131036365
96.13821,1608131036468
95.2381,1608131036569
95.634094,1608131036670
96.88796,1608131036771
95.491806,1608131036873
95.13619,1608131036980
90.96386,1608131037084
96.93251,1608131037186
96.13821,1608131037289
92.38683,1608131037390
94.98956,1608131037491
96.98189,1608131037594
98.144325,1608131037695
95.198326,1608131037796
93.86503,1608131037897
95.44513,1608131037998
94.855965,1608131038100
92.77778,1608131038213
96.23431,1608131038314
96.28866,1608131038414
89.41908,1608131038515
92.484344,1608131038616
87.551025,1608131038718
86.27859,1608131038818
91.809525,1608131038928
96.15385,1608131039032
95.87629,1608131039132
96.701035,1608131039233
96.43606,1608131039334
95.93496,1608131039437
97.73196,1608131039537
96.58444,1608131039647
97.708336,1608131039747
93.13929,1608131039848
87.78004,1608131039951
82.708336,1608131040052
71.11553,1608131040156
96.348885,1608131040259
94.57203,1608131040360
96.88796,1608131040460
97.510376,1608131040561
97.379036,1608131040664
98.305084,1608131040775
95.757576,1608131040878
97.095436,1608131040979
96.516396,1608131041081
88.58921,1608131041181
93.40206,1608131041282
90.87137,1608131041383
90.31621,1608131041489
94.98956,1608131041589
95.740364,1608131041692
94.57203,1608131041793
97.78672,1608131041897
96.28866,1608131041997
98.05068,1608131042104
97.61431,1608131042209
94.93433,1608131042320
98.07692,1608131042429
95.652176,1608131042530
95.066414,1608131042640
94.35146,1608131042741
94.15205,1608131042848
97.1831,1608131042951
93.333336,1608131043051
92.87169,1608131043155
95.39078,1608131043258
96.72801,1608131043360
97.75051,1608131043462
97.59519,1608131043566
97.1134,1608131043667
95.21829,1608131043767
97.72727,1608131043868
98.53557,1608131043969
96.68737,1608131044069
95.092026,1608131044171
91.841,1608131044272
90.890274,1608131044372
72.04969,1608131044473
80.44807,1608131044575
96.27329,1608131044676
95.59748,1608131044777
96.900826,1608131044878
98.140495,1608131044979
96.50206,1608131045079
97.52066,1608131045180
95.815895,1608131045280
95.112015,1608131045383
95.20958,1608131045487
96.62289,1608131045598
89.561584,1608131045698
56.72878,1608131045799
52.182953,1608131045900
95.21829,1608131046000
97.291664,1608131046101
97.10744,1608131046201
95.90317,1608131046313
96.27329,1608131046414
96.385544,1608131046518
95.83333,1608131046618
97.79559,1608131046722
96.659706,1608131046822
96.47302,1608131046923
95.54656,1608131047026
74.375,1608131047126
61.697723,1608131047227
82.28106,1608131047329
95.87629,1608131047430
95.491806,1608131047533
97.9798,1608131047636
96.837944,1608131047741
97.17314,1608131047860
97.88054,1608131047967
97.1831,1608131048072
95.696724,1608131048174
95.04132,1608131048274
94.78957,1608131048379
71.19341,1608131048481
94.52333,1608131048584
96.4,1608131048687
95.1782,1608131048788
96.67969,1608131048894
97.280334,1608131048995
95.57344,1608131049099
96.34369,1608131049213
95.44513,1608131049313
96.900826,1608131049414
97.01789,1608131049519
96.65354,1608131049626
95.20153,1608131049735
95.34413,1608131049837
92.677826,1608131049938
96.28866,1608131050038
93.91481,1608131050141
95.6067,1608131050241
94.567406,1608131050346
96.900826,1608131050446
97.19439,1608131050550
96.23431,1608131050650
97.1134,1608131050751
95.6067,1608131050851
94.85149,1608131050956
96.76113,1608131051059
95.21829,1608131051160
95.82464,1608131051260
93.877556,1608131051362
95.82464,1608131051463
82.8866,1608131051563
95.4071,1608131051664
97.2973,1608131051764
97.52577,1608131051865
96.875,1608131051965
97.19439,1608131052069
97.95501,1608131052171
96.450935,1608131052272
96.729774,1608131052392
94.37751,1608131052496
96.16123,1608131052605
94.769875,1608131052706
93.333336,1608131052807
91.97531,1608131052907
93.69748,1608131053008
93.047035,1608131053110
93.45603,1608131053211
95.815895,1608131053311
97.57085,1608131053415
95.21829,1608131053516
96.701035,1608131053616
96.27329,1608131053717
98.11716,1608131053817
94.41118,1608131053921
93.58178,1608131054022
96.13153,1608131054130
86.847595,1608131054230
97.2973,1608131054338
94.60581,1608131054439
95.959595,1608131054542
89.375,1608131054642
96.544716,1608131054746
96.96356,1608131054848
97,1608131054952
96.86848,1608131055053
95.454544,1608131055154
92.402466,1608131055255
91.41104,1608131055356
96.6736,1608131055457
96.44352,1608131055557
95.564514,1608131055661
91.78082,1608131055768
95,1608131055869
95.59118,1608131055973
94.871796,1608131056078
95.01039,1608131056179
96.08247,1608131056280
96.0334,1608131056381
95.51935,1608131056483
96.72801,1608131056585
96.89441,1608131056686
96.0251,1608131056786
94.433395,1608131056891
95.38784,1608131056992
96.516396,1608131057093
93.36016,1608131057197
93.73695,1608131057298
96.721306,1608131057399
96.06625,1608131057500
95.4071,1608131057601
97.36308,1608131057704
97.61431,1608131057808
96.6457,1608131057909
97.39479,1608131058012
96.35627,1608131058115
94.214874,1608131058217
96.88796,1608131058317
94.55645,1608131058422
91.56626,1608131058526
96.72801,1608131058628
96.414345,1608131058732
95.39749,1608131058833
97.93388,1608131058933
95.850624,1608131059034
95.625,1608131059134
94.331985,1608131059238
96.06625,1608131059339
96,1608131059443
96.545105,1608131059552
91.841,1608131059653
95.35354,1608131059756
95.20958,1608131059861
95.80713,1608131059962
95.99237,1608131060071
93.849205,1608131060175
97.90795,1608131060275
95.61753,1608131060380
97.093025,1608131060488
96.041664,1608131060589
95.2381,1608131060689
96.06625,1608131060790
95.82464,1608131060891
95.859215,1608131060991
97.515526,1608131061092
96.041664,1608131061193
93.6345,1608131061295
80.16529,1608131061395
96.88796,1608131061496
96.114525,1608131061599
96.27329,1608131061699
94.876656,1608131061810
96.819084,1608131061914
96.86848,1608131062015
96.90722,1608131062115
96.392784,1608131062219
95.825775,1608131062334
96.92623,1608131062436
96.2406,1608131062547
95.6067,1608131062647
95.24794,1608131062748
94.19087,1608131062849
95.454544,1608131062950
96.957405,1608131063053
96.24217,1608131063154
95.00925,1608131063267
95.482544,1608131063368
94.57203,1608131063468
96.31148,1608131063570
96.59736,1608131063680
96.222664,1608131063786
97.10145,1608131063886
96.516396,1608131063988
96.52651,1608131064103
96.0499,1608131064203
94.04517,1608131064305
95.2381,1608131064405
96.378265,1608131064510
95.051544,1608131064610
96.392784,1608131064714
96.659706,1608131064815
95.01992,1608131064919
94.15449,1608131065019
97.31959,1608131065120
95.951416,1608131065224
97.10145,1608131065324
95.679016,1608131065427
92.971886,1608131065530
93.31941,1608131065631
97.035576,1608131065736
96.0334,1608131065836
96.06625,1608131065937
96.24217,1608131066038
96.68737,1608131066138
95.97701,1608131066247
97.3843,1608131066351
95,1608131066452
97.515526,1608131066552
94.47853,1608131066655
95.7115,1608131066761
95.13184,1608131066864
95.30612,1608131066967
92.63804,1608131067070
94.44444,1608131067171
95.68788,1608131067273
97.31959,1608131067374
95.39749,1608131067474
96.5587,1608131067578
97.095436,1608131067678
97.011955,1608131067783
95.79159,1608131067887
93.59504,1608131067988
94.897964,1608131068090
94.19087,1608131068191
94.166664,1608131068292
94.71625,1608131068398
98.196396,1608131068503
98.144325,1608131068603
95.188286,1608131068703
95.36542,1608131068820
94.98956,1608131068920
96.07438,1608131069021
96.86848,1608131069121
97.755104,1608131069223
97.703545,1608131069324
91.30435,1608131069424
83.50731,1608131069525
98.5567,1608131069625
95.482544,1608131069727
96.86192,1608131069828
97.020485,1608131069939
95.815895,1608131070039
96.041664,1608131070140
96.31148,1608131070241
97.2973,1608131070349
95.661156,1608131070451
95.53753,1608131070553
95.90164,1608131070655
92.546585,1608131070756
96.08247,1608131070857
89.35281,1608131070958
80.371895,1608131071058
96.385544,1608131071162
96.14605,1608131071265
96.951225,1608131071369
97.10744,1608131071469
95.740364,1608131071572
94.97908,1608131071672
95.86777,1608131071773
96.99399,1608131071877
96.25,1608131071978
93.99586,1608131072078
86.25,1608131072179
75.82418,1608131072293
92.723495,1608131072393
90.24896,1608131072494
95.92668,1608131072597
95.94321,1608131072701
97.148285,1608131072810
96.659706,1608131072911
96.114525,1608131073012
96.89441,1608131073113
97.52066,1608131073214
97.28601,1608131073315
90.26915,1608131073416
96.25,1608131073517
79.793816,1608131073617
80.24948,1608131073718
90.64449,1608131073819
97.30849,1608131073919
94.38878,1608131074023
95.44513,1608131074124
96.0334,1608131074225
95.6,1608131074328
97.59519,1608131074432
97.49478,1608131074533
98.37728,1608131074635
97.410355,1608131074740
95.99198,1608131074845
83.05785,1608131074945
96.07438,1608131075046
96.0251,1608131075147
61.77686,1608131075247
75.72614,1608131075348
95.21989,1608131075458
96.49485,1608131075558
95.04132,1608131075659
97.280334,1608131075759
94.421486,1608131075861
96.2578,1608131075961
97.49478,1608131076062
96.07438,1608131076162
95.86777,1608131076263
91.967865,1608131076367
70.96774,1608131076470
94.672134,1608131076572
59.707726,1608131076673
65.02058,1608131076773
95.07187,1608131076875
97.02381,1608131076981
97.60147,1608131077093
97.65343,1608131077209
97.01789,1608131077314
97.368416,1608131077417
98.34711,1608131077518
95.198326,1608131077618
95.757576,1608131077722
94.82401,1608131077822
57.763977,1608131077923
55.208332,1608131078024
84.88613,1608131078124
92.96066,1608131078225
92.73859,1608131078327
96.265564,1608131078427
95.86777,1608131078528
97.540985,1608131078630
97.171715,1608131078734
98.39034,1608131078837
96.10895,1608131078944
97.540985,1608131079046
98.333336,1608131079146
94.82401,1608131079247
60.125263,1608131079347
75.51868,1608131079449
94.83471,1608131079549
96.694214,1608131079650
96.450935,1608131079751
96.68737,1608131079851
95.04132,1608131079952
96.88796,1608131080053
97.07113,1608131080153
95.783134,1608131080257
95.51935,1608131080360
94.44444,1608131080462
96.0334,1608131080563
96.28099,1608131080663
94.15449,1608131080764
94.50102,1608131080866
97.04142,1608131080972
96.701035,1608131081073
96.28906,1608131081180
88.31967,1608131081282
95.2919,1608131081393
95.01039,1608131081493
95.435684,1608131081594
97.10145,1608131081695
96.96356,1608131081798
96.041664,1608131081898
95.5102,1608131082001
95.670105,1608131082101
95.16807,1608131082202
97,1608131082305
95.21829,1608131082406
95.435684,1608131082507
93.11064,1608131082608
92.98969,1608131082708
96.0334,1608131082809
93.99586,1608131082909
97.11935,1608131083010
95.435684,1608131083111
95.198326,1608131083211
98.17814,1608131083314
97.52066,1608131083415
95.82464,1608131083515
94.86653,1608131083617
92.5,1608131083718
96.32653,1608131083820
94.957985,1608131083921
94.73685,1608131084023
95.38784,1608131084123
95.22821,1608131084224
96.4657,1608131084324
95.21829,1608131084425
96.25984,1608131084531
96.28099,1608131084632
93.73695,1608131084733
93.96378,1608131084836
96.1397,1608131084950
96.47302,1608131085050
96.48033,1608131085151
94.929,1608131085254
95.740364,1608131085357
96.659706,1608131085458
96.4876,1608131085558
95.94321,1608131085662
96.89441,1608131085762
96.23016,1608131085867
92.69311,1608131085967
76.90763,1608131086071
96.79359,1608131086175
96.721306,1608131086277
96.450935,1608131086377
97.3306,1608131086479
95.06173,1608131086580
96.68737,1608131086681
98.144325,1608131086782
97.31405,1608131086883
97.23866,1608131086989
95.435684,1608131087090
98.34369,1608131087191
93.94572,1608131087291
78.89546,1608131087397
93.60465,1608131087505
91.46342,1608131087609
94.58918,1608131087712
95.670105,1608131087813
96.10656,1608131087916
97.216705,1608131088020
95.53753,1608131088124
95.859215,1608131088224
95.59748,1608131088325
97.323135,1608131088433
95.78544,1608131088542
93.99586,1608131088643
95.4071,1608131088743
95.661156,1608131088844
95.39749,1608131088945
97.92961,1608131089045
95.86777,1608131089146
95.94321,1608131089250
94.178795,1608131089350
95.454544,1608131089451
86.25,1608131089552
97.52577,1608131089652
97.62376,1608131089757
97.07725,1608131089858
97.79117,1608131089961
95.859215,1608131090062
94.79167,1608131090163
96.68737,1608131090264
96.4657,1608131090365
94.61698,1608131090465
97.3251,1608131090566
94.05737,1608131090668
68.541664,1608131090769
84.23154,1608131090874
96.516396,1608131090976
96.43564,1608131091080
97.2973,1608131091181
96.666664,1608131091282
96.90722,1608131091382
96.63866,1608131091483
96.25984,1608131091588
95.70552,1608131091690
65.904366,1608131091791
94.05737,1608131091892
95.72815,1608131091999
94.60581,1608131092100
93.25153,1608131092202
96.01594,1608131092307
97.813126,1608131092412
98.5447,1608131092513
96.48033,1608131092613
97.722565,1608131092715
96.49485,1608131092815
96.85535,1608131092916
85.30021,1608131093016
46.985447,1608131093117
83.2998,1608131093220
92.78351,1608131093321
96.18474,1608131093425
97.083336,1608131093526
97.560974,1608131093628
95.267494,1608131093730
96.07438,1608131093830
96.4151,1608131093941
94.43299,1608131094042
96.58635,1608131094146
96.652725,1608131094247
93.951614,1608131094349
86.34454,1608131094450
91.358025,1608131094551
96.98189,1608131094656
97.3029,1608131094756
95.83333,1608131094857
95.86777,1608131094958
94.392525,1608131095069
96.958855,1608131095186
96.4876,1608131095287
97.10145,1608131095388
96.2578,1608131095489
87.29508,1608131095590
96.28099,1608131095691
94.375,1608131095792
95.87629,1608131095892
97.07725,1608131095993
94.202896,1608131096093
89.34426,1608131096196
96.114525,1608131096297
96.28099,1608131096398
96.98795,1608131096503
96.27329,1608131096604
96.694214,1608131096704
96.68737,1608131096805
94.14226,1608131096905
96.92623,1608131097007
96.48033,1608131097108
95.90164,1608131097210
92.291664,1608131097311
80.16529,1608131097411
89.87341,1608131097512
96.76113,1608131097614
96.86888,1608131097721
98.333336,1608131097821
96.957405,1608131097924
96.61354,1608131098029
98.140495,1608131098130
94.962685,1608131098242
96.0251,1608131098343
96.49485,1608131098443
95.2381,1608131098545
86.88525,1608131098646
93.69748,1608131098747
93.80165,1608131098848
96.47302,1608131098948
95.454544,1608131099049
94.375,1608131099150
96.05809,1608131099250
93.125,1608131099351
96.10656,1608131099453
96.28099,1608131099553
96.27329,1608131099654
95.731705,1608131099757
94.929,1608131099860
94.83471,1608131099961
96.65354,1608131100068
96.265564,1608131100168
95.00998,1608131100273
95.2381,1608131100374
94.83471,1608131100475
96.31902,1608131100577
96.385544,1608131100681
95.99198,1608131100785
94.51219,1608131100888
94.10647,1608131100998
96.68737,1608131101099
96.85658,1608131101205
95.4071,1608131101305
92.18107,1608131101406
96.62698,1608131101511
96.378265,1608131101616
97.540985,1608131101717
96.114525,1608131101819
97.17514,1608131101930
97.91667,1608131102031
94.81766,1608131102139
97.16025,1608131102242
96.348885,1608131102346
96.28099,1608131102446
91.54929,1608131102550
94.202896,1608131102651
95.01916,1608131102761
91.546394,1608131102861
96.68737,1608131102962
95.951416,1608131103066
97.389565,1608131103170
96.68737,1608131103270
95.86777,1608131103371
97.27463,1608131103472
96,1608131103575
96.659706,1608131103675
94.202896,1608131103776
96.0499,1608131103877
95.01039,1608131103977
92.484344,1608131104078
95.454544,1608131104178
95.296524,1608131104281
91.078835,1608131104381
97.5052,1608131104482
95.96774,1608131104586
97.35234,1608131104688
97.14286,1608131104797
97.30849,1608131104899
97.216705,1608131105004
95.21829,1608131105104
91.64927,1608131105205
94.409935,1608131105305
94.214874,1608131105406
96.07438,1608131105507
95.39749,1608131105608
96.58635,1608131105711
91.38277,1608131105815
93.31941,1608131105916
96.951225,1608131106018
98.00797,1608131106123
94.06953,1608131106226
97.99599,1608131106329
95.59387,1608131106438
96.10656,1608131106540
94.35146,1608131106641
95.24794,1608131106741
95.21829,1608131106842
94.51219,1608131106946
91.735535,1608131107046
95.482544,1608131107148
95.12195,1608131107251
96.92623,1608131107354
96.27329,1608131107454
97.49478,1608131107555
95.783134,1608131107658
97.341515,1608131107761
96.49485,1608131107861
94.274025,1608131107964
96.707825,1608131108065
95.42744,1608131108170
92.8709,1608131108279
95.64356,1608131108385
94.45585,1608131108486
95.208336,1608131108587
95.86777,1608131108687
95.970695,1608131108801
97.59036,1608131108905
95.61586,1608131109006
95.24794,1608131109106
96.98795,1608131109211
97.4359,1608131109316
96.25,1608131109417
93.60465,1608131109524
96.78715,1608131109628
97.912315,1608131109729
97.54601,1608131109831
93.40206,1608131109931
88.58921,1608131110032
94.78079,1608131110133
94.81328,1608131110233
94.628105,1608131110334
95.850624,1608131110435
93.333336,1608131110536
97.52852,1608131110645
96.0499,1608131110746
95.564514,1608131110849
94.78079,1608131110950
95.051544,1608131111051
96.16935,1608131111154
95.208336,1608131111255
93.77593,1608131111355
95.44513,1608131111456
95.945946,1608131111564
95.6067,1608131111665
94.50102,1608131111768
94.8,1608131111872
96.544716,1608131111974
96.88109,1608131112081
93.388435,1608131112182
96.57795,1608131112292
95.652176,1608131112393
95.634094,1608131112494
96.89441,1608131112594
97.21116,1608131112699
80.952385,1608131112805
95.491806,1608131112906
96.25,1608131113007
95.2381,1608131113111
93.71069,1608131113211
97.92961,1608131113312
96.01677,1608131113412
96.734695,1608131113514
97.912315,1608131113614
92.5,1608131113715
96.6736,1608131113816
93.77593,1608131113916
95.2381,1608131114017
96.4657,1608131114118
94.00827,1608131114218
97.291664,1608131114319
95.21829,1608131114419
95.04132,1608131114520
95.76923,1608131114629
96.222664,1608131114734
96.23016,1608131114839
96.72801,1608131114941
96.44352,1608131115042
96.15385,1608131115144
96.64804,1608131115256
97.79559,1608131115360
93.52818,1608131115461
92.712555,1608131115563
90.37657,1608131115664
96.2578,1608131115764
92.36948,1608131115868
95.17103,1608131115972
95.92668,1608131116074
95.092026,1608131116176
97.341515,1608131116279
96.09856,1608131116380
97.59036,1608131116484
96.68737,1608131116585
97.31405,1608131116687
97.40519,1608131116791
91.70125,1608131116891
86.40167,1608131116992
58.592136,1608131117092
96.53061,1608131117194
96.945015,1608131117297
97.35773,1608131117401
96.07438,1608131117501
96.53061,1608131117604
91.908714,1608131117704
94.583336,1608131117805
95.13184,1608131117907
95.64315,1608131118008
96.31148,1608131118110
97.92961,1608131118211
93.46939,1608131118313
73.64017,1608131118413
86.96538,1608131118515
96.06625,1608131118617
95.24794,1608131118717
96.90522,1608131118825
95.625,1608131118925
94.202896,1608131119026
94.98956,1608131119127
95.092026,1608131119228
96.47302,1608131119329
95.5102,1608131119431
95.22821,1608131119531
94.06953,1608131119633
95.80713,1608131119734
92.88618,1608131119836
93.333336,1608131119937
94.202896,1608131120037
96.041664,1608131120138
96.14605,1608131120241
91.803276,1608131120342
97.72727,1608131120444
96.06625,1608131120544
95.416664,1608131120645
98.364006,1608131120746
97.72727,1608131120847
96.23431,1608131120948
92.35537,1608131121048
78.17048,1608131121149
81.18609,1608131121252
96.09856,1608131121353
95.815895,1608131121454
97.66082,1608131121560
96.666664,1608131121660
96.3039,1608131121762
91.92547,1608131121863
96.24217,1608131121964
97.60956,1608131122068
97.19439,1608131122173
97.93814,1608131122274
92.41803,1608131122375
92.66247,1608131122475
91.92547,1608131122576
94.93927,1608131122680
96.08247,1608131122781
96.875,1608131122881
96.32653,1608131122984
83.47107,1608131123085
91.70125,1608131123185
93.15353,1608131123286
95.454544,1608131123396
95.50102,1608131123498
96.6457,1608131123598
96.90722,1608131123699
95.723015,1608131123802
93.20988,1608131123903
94.95968,1608131124007
96.450935,1608131124107
96.53061,1608131124210
93.541664,1608131124310
95.59748,1608131124411
89.896904,1608131124511
73.16103,1608131124616
94.81328,1608131124717
96.62028,1608131124822
96.08247,1608131124924
96.31902,1608131125025
95.625,1608131125125
96.721306,1608131125228
95.661156,1608131125328
96.348885,1608131125431
95.661156,1608131125532
94.32049,1608131125635
91.10672,1608131125742
91.33065,1608131125846
95.31568,1608131125947
92.27557,1608131126048
94.433395,1608131126153
96.721306,1608131126254
97.39479,1608131126359
97.04725,1608131126464
96.06625,1608131126565
95.79159,1608131126669
96.48033,1608131126771
94.80769,1608131126879
93.9834,1608131126980
95.38153,1608131127083
92.29209,1608131127187
90.55441,1608131127288
96.24217,1608131127388
97.75051,1608131127491
96.6,1608131127595
97.93388,1608131127695
96.58635,1608131127799
95.559845,1608131127907
96.370964,1608131128012
97.3029,1608131128112
95.21829,1608131128213
96.041664,1608131128313
97.341515,1608131128415
95.82464,1608131128515
95.87629,1608131128617
92.975204,1608131128717
96.25,1608131128817
96.378265,1608131128921
95.4071,1608131129022
91.68399,1608131129122
90.06211,1608131129223
95.208336,1608131129324
95.296524,1608131129426
96.48033,1608131129526
97.31959,1608131129627
96.44352,1608131129728
96.694214,1608131129828
94.21158,1608131129933
96.48033,1608131130033
97.510376,1608131130134
92.69311,1608131130235
97.52066,1608131130335
93.38677,1608131130439
91.060295,1608131130540
88.05031,1608131130641
94.97992,1608131130744
95.859215,1608131130845
94.78079,1608131130946
96.4876,1608131131046
95.33469,1608131131149
96.16161,1608131131253
97.254906,1608131131359
96.114525,1608131131461
94.56067,1608131131562
96.28099,1608131131662
95.9381,1608131131770
94.82401,1608131131871
96.47302,1608131131972
93.305435,1608131132072
93.9834,1608131132173
96.25,1608131132274
96.734695,1608131132375
96.74796,1608131132479
95.68788,1608131132580
96.06625,1608131132682
97.126434,1608131132790
94.375,1608131132890
95.25773,1608131132991
95.4071,1608131133092
96.02386,1608131133196
95.2381,1608131133297
95.80713,1608131133398
96.27329,1608131133498
95.723015,1608131133600
92.148766,1608131133701
97.65625,1608131133808
96.86848,1608131133908
97.95082,1608131134010
93.94572,1608131134110
96.544716,1608131134213
96.47302,1608131134314
95.491806,1608131134416
95.90164,1608131134518
94.18604,1608131134627
96.48033,1608131134727
97.53087,1608131134828
96.4497,1608131134934
95.435684,1608131135035
97.28601,1608131135135
95,1608131135236
93.66053,1608131135338
95.4,1608131135442
95.588234,1608131135543
95.61905,1608131135652
96.75456,1608131135755
95.21829,1608131135856
95.98393,1608131135959
95.19231,1608131136068
98.17444,1608131136171
95.62624,1608131136276
95.740364,1608131136380
95.13619,1608131136486
93.20988,1608131136588
96.72801,1608131136691
97.42063,1608131136795
97.07725,1608131136895
95.850624,1608131136996
96.32495,1608131137104
93.80165,1608131137206
97.515526,1608131137306
96.13821,1608131137409
94.769875,1608131137509
95.52845,1608131137612
91.90283,1608131137715
93.22382,1608131137816
95.188286,1608131137917
95.50102,1608131138018
95.661156,1608131138119
92.9314,1608131138220
96.86848,1608131138321
95.22821,1608131138421
96.28866,1608131138522
96.6805,1608131138623
95.06173,1608131138724
93.21706,1608131138832
96.06625,1608131138933
94.64286,1608131139038
93.11064,1608131139139
95.04132,1608131139239
95.38784,1608131139340
97.16025,1608131139442
93.11064,1608131139543
95.047615,1608131139652
96.90722,1608131139753
95.696724,1608131139856
96.72801,1608131139957
96.52351,1608131140059
95.46279,1608131140174
96.844185,1608131140280
96.0251,1608131140380
93.42916,1608131140483
97.10145,1608131140584
95.86777,1608131140684
73.277664,1608131140784
95.625,1608131140886
85.45082,1608131140988
97.379036,1608131141091
96.4876,1608131141191
95.6067,1608131141292
97.52066,1608131141392
97.11539,1608131141501
97.15808,1608131141618
97.698746,1608131141719
98.57143,1608131141820
97.540985,1608131141923
94.82401,1608131142023
69.421486,1608131142124
48.44075,1608131142225
57.85124,1608131142325
93.10345,1608131142428
96.68737,1608131142529
96.28866,1608131142631
96.68737,1608131142731
97.34694,1608131142833
97.2119,1608131142945
96.05263,1608131143056
96.63551,1608131143168
97.083336,1608131143268
94.15323,1608131143372
94.45585,1608131143473
59.03614,1608131143577
75.1046,1608131143678
94.48979,1608131143780
95.051544,1608131143881
95.27721,1608131143984
96.42147,1608131144088
96.79849,1608131144200
97.02381,1608131144304
97.510376,1608131144405
93.877556,1608131144508
98.17814,1608131144610
96.4876,1608131144711
93.970894,1608131144812
85.50724,1608131144912
94.768616,1608131145017
94.38878,1608131145122
90.68323,1608131145223
95.020744,1608131145324
95.25773,1608131145425
94.758064,1608131145528
93.49593,1608131145631
96.25,1608131145731
95.91002,1608131145833
96.24217,1608131145933
97.14286,1608131146035
98.32636,1608131146135
97.94239,1608131146236
95.661156,1608131146338
94.62151,1608131146442
92.27557,1608131146542
89.83402,1608131146643
92.69311,1608131146744
93.78882,1608131146844
89.04665,1608131146947
92.09979,1608131147048
95.3252,1608131147151
96.48033,1608131147252
95.21829,1608131147353
96.78571,1608131147469
97.59036,1608131147573
95.93496,1608131147676
96.68737,1608131147777
91.61426,1608131147878
79.08903,1608131147978
94.61698,1608131148079
96.450935,1608131148180
93.79845,1608131148288
96.82539,1608131148392
96.64179,1608131148504
94.18838,1608131148608
97.77328,1608131148711
95.188286,1608131148812
97.10744,1608131148912
97.5052,1608131149013
96.09856,1608131149115
97.79117,1608131149219
96.49485,1608131149319
95.559845,1608131149427
92.70217,1608131149534
92.33955,1608131149635
93.11741,1608131149737
96.458336,1608131149838
95.859215,1608131149938
84.8421,1608131150039
79.07445,1608131150142
95.454544,1608131150244
97.1134,1608131150345
96.74134,1608131150447
97.674416,1608131150555
96.875,1608131150656
96.47302,1608131150756
95.01039,1608131150857
93.37474,1608131150957
95.051544,1608131151058
95.731705,1608131151161
92.7686,1608131151262
66.73596,1608131151363
73.40425,1608131151480
96.52351,1608131151582
95.83333,1608131151683
97.735855,1608131151793
96.98189,1608131151897
97.72727,1608131151998
97.698746,1608131152099
95.6,1608131152202
98.046875,1608131152309
93.80165,1608131152410
94.93927,1608131152513
94.45585,1608131152615
91.1579,1608131152716
62.19008,1608131152816
47.302906,1608131152917
89.57916,1608131153021
96.900826,1608131153122
97.57915,1608131153234
97.703545,1608131153335
97.93388,1608131153435
96.57258,1608131153538
98.18913,1608131153643
97.64243,1608131153748
98.53557,1608131153849
97.10744,1608131153949
80.665276,1608131154050
64.12371,1608131154150
84.74226,1608131154251
93.75,1608131154352
90.45643,1608131154452
90.08264,1608131154553
92.27557,1608131154654
95.020744,1608131154754
98.373985,1608131154857
97.5052,1608131154958
98.34369,1608131155058
97.565926,1608131155162
96.89441,1608131155263
97.30849,1608131155363
96.82539,1608131155468
92.083336,1608131155569
93.89002,1608131155672
95.959595,1608131155774
85.47718,1608131155875
51.041668,1608131155976
89.0411,1608131156082
89.770355,1608131156183
97.73196,1608131156283
99.18201,1608131156385
97.49478,1608131156485
98.55372,1608131156586
96.450935,1608131156687
97.10744,1608131156787
94.80249,1608131156888
95.634094,1608131156988
92.7686,1608131157089
86.26263,1608131157192
93.7247,1608131157295
63.01653,1608131157396
86.31791,1608131157501
88.39104,1608131157602
97.912315,1608131157702
97.21116,1608131157807
97.95501,1608131157909
96.76113,1608131158013
96.68737,1608131158113
96.0334,1608131158214
95.79159,1608131158317
98.32986,1608131158418
96.780304,1608131158527
94.39834,1608131158628
93.34719,1608131158728
90.50505,1608131158832
94.375,1608131158933
93.181816,1608131159033
96.48033,1608131159134
95.3252,1608131159238
96.65354,1608131159343
96.19238,1608131159447
97.31405,1608131159548
96.31148,1608131159650
97.708336,1608131159751
98.20144,1608131159866
96.8815,1608131159967
95.859215,1608131160067
91.61426,1608131160168
83.56998,1608131160270
80.04115,1608131160371
95.08197,1608131160473
92.753624,1608131160574
96.6457,1608131160675
97.99599,1608131160778
96.4876,1608131160879
97.31405,1608131160980
95.64315,1608131161081
96.86848,1608131161182
96.957405,1608131161284
96.42857,1608131161396
93.787575,1608131161500
95.68788,1608131161602
86.48649,1608131161702
95.208336,1608131161803
96.707825,1608131161904
93.37474,1608131162005
95.08841,1608131162111
95.80713,1608131162212
93.58178,1608131162312
98.9858,1608131162415
97.10744,1608131162517
98.17814,1608131162619
96.47302,1608131162720
95.82464,1608131162821
96.4876,1608131162921
87.349396,1608131163025
95.652176,1608131163127
93.8247,1608131163232
96.06625,1608131163332
95.454544,1608131163433
90.37328,1608131163540
97.16025,1608131163642
97.20559,1608131163748
95.03968,1608131163853
96.09856,1608131163954
97,1608131164058
96.900826,1608131164160
95.91002,1608131164262
96.52351,1608131164363
96.90722,1608131164464
95.03106,1608131164565
94.61698,1608131164666
91.76471,1608131164773
94.83471,1608131164874
80,1608131164975
90.94567,1608131165078
97.07113,1608131165178
95.670105,1608131165279
96.0251,1608131165380
96.10656,1608131165481
95.208336,1608131165582
96.07438,1608131165683
95.850624,1608131165783
97.61431,1608131165888
96.06625,1608131165989
95.83333,1608131166090
93.99586,1608131166191
83.05785,1608131166291
76.397514,1608131166392
58.144333,1608131166493
93.89002,1608131166595
94.409935,1608131166696
97.280334,1608131166797
98.33055,1608131166921
96.0251,1608131167022
97.93388,1608131167122
97.3306,1608131167225
97.34694,1608131167326
96.05809,1608131167427
94.214874,1608131167529
92.644135,1608131167633
49.89648,1608131167734
72.708336,1608131167835
95.86777,1608131167935
93.73737,1608131168038
93.85797,1608131168148
98.17444,1608131168250
96.659706,1608131168350
97.54601,1608131168452
96.15385,1608131168556
98.13664,1608131168657
97.81746,1608131168761
96.09856,1608131168863
96.951225,1608131168966
95.815895,1608131169066
63.975155,1608131169167
64.87603,1608131169269
94.19087,1608131169369
97.095436,1608131169470
93.927124,1608131169573
95.18072,1608131169677
96.14605,1608131169780
97.912315,1608131169880
96.27329,1608131169981
95.08197,1608131170097
97.565926,1608131170199
94.57203,1608131170300
94.166664,1608131170401
96.07438,1608131170501
93.55509,1608131170602
90.16736,1608131170702
95.42744,1608131170807
96.348885,1608131170910
96.55831,1608131171019
96.28099,1608131171120
98.144325,1608131171222
96.48033,1608131171322
97.560974,1608131171425
96.58635,1608131171529
95.1782,1608131171630
95.3629,1608131171733
95.5102,1608131171835
95.03106,1608131171937
97.148285,1608131172046
88.09035,1608131172149
95.44592,1608131172258
94.34344,1608131172362
97.3029,1608131172462
96.27329,1608131172563
97.07113,1608131172664
96.114525,1608131172765
95.63492,1608131172870
97.560974,1608131172973
96.7433,1608131173082
98.541664,1608131173183
96.222664,1608131173288
94.03579,1608131173393
93.44263,1608131173494
96.900826,1608131173595
96.28099,1608131173696
96.72801,1608131173798
97.10744,1608131173900
94.41118,1608131174005
91.546394,1608131174105
94.77756,1608131174214
97.10145,1608131174314
96.27329,1608131174415
95.42619,1608131174516
96.61354,1608131174621
95.88477,1608131174721
95.416664,1608131174822
95.625,1608131174922
96.08247,1608131175023
95.27721,1608131175125
95.652176,1608131175226
96.98795,1608131175330
94.03579,1608131175435
95.59118,1608131175539
94.628105,1608131175640
97.98387,1608131175744
96.68737,1608131175844
95.62624,1608131175949
95.82464,1608131176050
88.97796,1608131176153
93.125,1608131176254
96.89441,1608131176355
95.44513,1608131176455
97.75051,1608131176557
96.458336,1608131176658
97.10744,1608131176758
95.6067,1608131176859
95.28689,1608131176961
93.58178,1608131177061
96.67969,1608131177168
95.84158,1608131177273
96.14605,1608131177377
95.35354,1608131177480
91.875,1608131177581
93.2377,1608131177682
97.17742,1608131177787
96.317825,1608131177895
96.900826,1608131177995
91.47609,1608131178096
94.178795,1608131178196
95.2381,1608131178297
96.44352,1608131178398
96.81275,1608131178502
97.37373,1608131178606
94.877045,1608131178707
95.696724,1608131178809
94.9187,1608131178912
97.095436,1608131179013
96.900826,1608131179114
96.34146,1608131179218
97.540985,1608131179319
96.07438,1608131179420
95.112015,1608131179523
80.416664,1608131179624
92.56198,1608131179724
96.31148,1608131179826
96.81275,1608131179931
96.44352,1608131180031
96.4,1608131180135
97.02381,1608131180240
94.32485,1608131180348
95.029816,1608131180452
97.72727,1608131180562
97.27463,1608131180662
96.83169,1608131180767
96.666664,1608131180868
95.03106,1608131180968
96.348885,1608131181071
96.93251,1608131181173
95.25773,1608131181274
94.14226,1608131181375
96.28866,1608131181475
77.6618,1608131181576
87.13693,1608131181676
94.50102,1608131181779
95.41833,1608131181884
94.94774,1608131182005
93.99586,1608131182105
97.083336,1608131182206
97.71784,1608131182306
97.769516,1608131182418
98.76033,1608131182519
98.96907,1608131182620
97.42063,1608131182725
94.386696,1608131182826
89.83402,1608131182926
91.07505,1608131183030
89.770355,1608131183130
59.290188,1608131183231
92.7686,1608131183331
95.2381,1608131183432
97.30849,1608131183533
97.159096,1608131183644
98.02761,1608131183749
96.82539,1608131183854
96.2578,1608131183955
96.86848,1608131184056
96.969696,1608131184158
97.49478,1608131184259
91.097305,1608131184359
77.13098,1608131184460
63.900417,1608131184560
85.59671,1608131184661
96.42147,1608131184766
96.666664,1608131184867
96.80639,1608131184971
96.08247,1608131185072
96.10656,1608131185174
97.31405,1608131185276
96.98795,1608131185380
97.27095,1608131185486
95.4071,1608131185587
95.731705,1608131185689
91.39344,1608131185791
88.016525,1608131185892
94.81038,1608131185997
95.53398,1608131186105
96.92623,1608131186207
96.114525,1608131186309
97.341515,1608131186411
95.46279,1608131186526
87.318085,1608131186627
93.541664,1608131186728
97.53788,1608131186837
95.44513,1608131186938
96.0499,1608131187039
96.76113,1608131187141
97.34345,1608131187251
97.92531,1608131187352
96.385544,1608131187457
90.08264,1608131187557
93.827156,1608131187659
95.41833,1608131187764
94.628105,1608131187865
95.61586,1608131187966
95.94321,1608131188068
97.280334,1608131188170
96.721306,1608131188270
95.71428,1608131188373
95.71428,1608131188476
97.52066,1608131188576
94.97099,1608131188685
94.90835,1608131188787
92.38683,1608131188889
96.93251,1608131188991
94.82401,1608131189092
90.35639,1608131189192
95.219124,1608131189298
96.222664,1608131189402
95.38784,1608131189502
95.86777,1608131189603
97.95082,1608131189705
97.708336,1608131189805
95.86777,1608131189906
94.117645,1608131190006
96.296295,1608131190107
90.16736,1608131190207
93.388435,1608131190308
96.86848,1608131190409
95.850624,1608131190509
96.4876,1608131190610
95.04132,1608131190711
93.27902,1608131190814
95.40918,1608131190919
96.15385,1608131191022
97.722565,1608131191123
97.73196,1608131191224
96.50924,1608131191327
94.82401,1608131191427
93.1677,1608131191527
95.93346,1608131191640
95.661156,1608131191741
92.971886,1608131191845
94.42446,1608131191961
96.7118,1608131192069
96.52351,1608131192172
95.04132,1608131192272
96.721306,1608131192374
97.52066,1608131192475
94.73685,1608131192578
94.68504,1608131192685
97.095436,1608131192785
96.18875,1608131192900
93.13929,1608131193000
95.051544,1608131193102
96.928986,1608131193210
96.917145,1608131193318
96.8815,1608131193419
93.6214,1608131193520
93.56846,1608131193620
94.628105,1608131193721
87.291664,1608131193822
94.409935,1608131193923
96.265564,1608131194023
95.2381,1608131194125
93.902435,1608131194227
96.08247,1608131194328
96.91992,1608131194430
97.2,1608131194535
95.96774,1608131194638
92.09979,1608131194738
92.1325,1608131194839
96.317825,1608131194947
96.458336,1608131195047
97.31405,1608131195148
94.83471,1608131195249
95.83333,1608131195350
91.268196,1608131195450
96.40719,1608131195555
95.94321,1608131195658
96.12245,1608131195760
96.579475,1608131195864
98,1608131195968
97.49478,1608131196068
94.68303,1608131196170
94.58918,1608131196274
96.114525,1608131196376
96.652725,1608131196477
96.900826,1608131196577
92.30769,1608131196678
71.42857,1608131196779
91.68399,1608131196879
95.64315,1608131196980
96.24766,1608131197091
96.22642,1608131197192
96.938774,1608131197293
95.296524,1608131197396
96.68737,1608131197496
95.91002,1608131197598
98.594376,1608131197703
96.3039,1608131197803
96.819084,1608131197908
94.43299,1608131198011
92.7686,1608131198111
92.57028,1608131198216
94.35798,1608131198322
97.291664,1608131198423
87.75933,1608131198523
89.93839,1608131198626
96.08247,1608131198727
95.42619,1608131198827
97.78188,1608131198940
96.0334,1608131199040
95.454544,1608131199141
95.74899,1608131199245
93.77593,1608131199345
96.33205,1608131199453
96.734695,1608131199556
94.81766,1608131199664
95.652176,1608131199765
93.00411,1608131199866
89.12134,1608131199966
95.04132,1608131200067
97.28601,1608131200168
98.34711,1608131200268
97.93388,1608131200369
97.07725,1608131200469
95.71984,1608131200576
97.722565,1608131200677
96.875,1608131200778
95.256165,1608131200887
95.98393,1608131200991
92.03354,1608131201091
62.577965,1608131201192
68.541664,1608131201292
96.385544,1608131201397
96.694214,1608131201497
94.178795,1608131201598
97.59036,1608131201701
97.91667,1608131201802
97.92961,1608131201903
96.57258,1608131202005
98.11716,1608131202105
97.86822,1608131202213
95.83333,1608131202313
96.694214,1608131202414
95.53753,1608131202517
81.1359,1608131202621
88.84298,1608131202721
92.24319,1608131202822
97.31959,1608131202922
96.951225,1608131203025
92.85714,1608131203128
95.03106,1608131203228
97.07113,1608131203329
96.05809,1608131203429
96.90722,1608131203531
96.20758,1608131203635
96.701035,1608131203736
95.33469,1608131203840
94.84536,1608131203940
93.37474,1608131204041
93.17269,1608131204146
96.88796,1608131204246
94.00827,1608131204347
93.71069,1608131204448
73.140495,1608131204548
94.97908,1608131204649
94.081635,1608131204750
96.98189,1608131204854
96.96356,1608131204957
96.875,1608131205057
96.68737,1608131205158
96.659706,1608131205258
93.181816,1608131205359
98.11716,1608131205460
91.97531,1608131205560
93.71069,1608131205661
81.611565,1608131205761
83.030304,1608131205864
92.64706,1608131205964
94.129555,1608131206067
96.0251,1608131206168
97.341515,1608131206269
97.30849,1608131206371
96.28866,1608131206471
96.385544,1608131206575
96.75456,1608131206678
95.18072,1608131206782
94.33962,1608131206882
94.00827,1608131206983
94.166664,1608131207084
96.01677,1608131207185
85.50724,1608131207285
91.7505,1608131207389
94.877045,1608131207491
95.08197,1608131207593
96.92623,1608131207696
96.4657,1608131207796
97.22772,1608131207901
95.740364,1608131208004
93.56725,1608131208111
96.80639,1608131208216
95.87629,1608131208317
95.04132,1608131208418
96.98189,1608131208522
95.357834,1608131208630
87.291664,1608131208731
85.23622,1608131208836
93.7751,1608131208940
96.09375,1608131209047
95.454544,1608131209148
96.98795,1608131209253
97.46094,1608131209360
97.93388,1608131209460
96.4657,1608131209561
95.4071,1608131209661
97.23866,1608131209767
95.2381,1608131209868
91.21339,1608131209969
91.38277,1608131210073
71.19341,1608131210173
95.20153,1608131210282
96.450935,1608131210382
97.10744,1608131210483
96.88716,1608131210590
96.85535,1608131210691
96.28099,1608131210791
96.16935,1608131210895
97.2973,1608131210996
94.672134,1608131211097
97.280334,1608131211197
89.791664,1608131211298
93.52818,1608131211398
83.43685,1608131211499
91.85803,1608131211600
97.10145,1608131211700
96.0334,1608131211801
97.93388,1608131211901
98.96694,1608131212002
95.99198,1608131212107
96.414345,1608131212211
97.93388,1608131212312
96.450935,1608131212413
96.16935,1608131212516
96.93251,1608131212618
94.15449,1608131212719
86.32653,1608131212821
85.862785,1608131212921
72.16495,1608131213022
94.96855,1608131213123
95.89322,1608131213223
97.36308,1608131213327
96.2406,1608131213437
96.77419,1608131213540
96.98795,1608131213645
97.216705,1608131213749
96.47302,1608131213850
97.341515,1608131213952
96.392784,1608131214056
95.86777,1608131214157
69.87448,1608131214258
67.49482,1608131214359
90.495865,1608131214460
93.88889,1608131214571
96.659706,1608131214672
96.69903,1608131214779
96.8421,1608131214898
97.083336,1608131214999
97.42063,1608131215104
97.78672,1608131215207
97.703545,1608131215308
97.16599,1608131215411
91.832664,1608131215515
92.88618,1608131215618
88.05031,1608131215719
71.546394,1608131215819
79.338844,1608131215920
94.19087,1608131216021
94.43299,1608131216122
96.31902,1608131216224
97.708336,1608131216325
97.31405,1608131216425
96.75456,1608131216529
97.30849,1608131216629
97.42063,1608131216734
96.204384,1608131216877
90.70248,1608131216978
49.170124,1608131217079
92.90188,1608131217179
56.3147,1608131217280
70.0611,1608131217382
93.9759,1608131217486
97.022766,1608131217605
96.93487,1608131217714
96.27329,1608131217815
96.35627,1608131217919
96.5587,1608131218022
93.80165,1608131218122
97.53087,1608131218225
96.79359,1608131218328
96.88796,1608131218429
94.769875,1608131218530
91.63347,1608131218634
88.32999,1608131218738
81.666664,1608131218839
69.85447,1608131218939
90.983604,1608131219041
96.36363,1608131219144
97.291664,1608131219245
96.4497,1608131219350
96.98795,1608131219454
96.23016,1608131219559
97.703545,1608131219660
96.19238,1608131219763
97.515526,1608131219864
89.233955,1608131219966
70.60042,1608131220066
92.11618,1608131220167
86,1608131220271
96.659706,1608131220372
95.47325,1608131220473
98.34711,1608131220573
95.82505,1608131220678
95.86777,1608131220779
96.6736,1608131220880
95.652176,1608131220982
95.79159,1608131221085
97.23866,1608131221191
96.062996,1608131221298
95.44513,1608131221398
95,1608131221499
92.6078,1608131221600
96.42857,1608131221701
96.33911,1608131221808
97.58551,1608131221912
95.03106,1608131222013
92.148766,1608131222115
95.992714,1608131222229
97.818184,1608131222344
97.515526,1608131222444
96.5587,1608131222547
95,1608131222647
95.37224,1608131222752
97.31405,1608131222852
96.06625,1608131222953
96.780685,1608131223057
97.33607,1608131223159
89.14405,1608131223260
81.237114,1608131223360
91.060295,1608131223461
95.841995,1608131223562
96.938774,1608131223663
95.54263,1608131223771
96.701035,1608131223872
96.58635,1608131223976
97.389565,1608131224081
97.244095,1608131224186
97.58551,1608131224290
96.51837,1608131224398
88.93528,1608131224498
95.918365,1608131224601
95.652176,1608131224701
91.002045,1608131224803
61.874996,1608131224904
77.47934,1608131225004
94.48979,1608131225106
98.53862,1608131225207
97.21116,1608131225311
97.53087,1608131225412
97.19101,1608131225523
97.49478,1608131225623
95.740364,1608131225727
96.27329,1608131225827
96.4876,1608131225928
95.38153,1608131226032
95.94321,1608131226135
90.663895,1608131226236
78.37838,1608131226337
75.675674,1608131226437
92.354126,1608131226541
98.370674,1608131226643
97.08738,1608131226752
96.694214,1608131226852
97.59519,1608131226956
95.61586,1608131227056
96.50206,1608131227157
96.44352,1608131227258
96.89441,1608131227358
94.57203,1608131227459
84.05797,1608131227559
75.87629,1608131227660
94.44444,1608131227762
96.701035,1608131227864
96.265564,1608131227964
95.28689,1608131228066
95.859215,1608131228167
96.98189,1608131228271
96.13035,1608131228373
97.36308,1608131228476
95.44513,1608131228577
93.43936,1608131228682
95.86777,1608131228783
96.88796,1608131228884
95.03106,1608131228984
95.39749,1608131229085
92.11618,1608131229185
86.65339,1608131229290
94.15449,1608131229391
96.850395,1608131229496
97.903564,1608131229596
93.59504,1608131229697
95.28689,1608131229800
93.58178,1608131229900
93.58717,1608131230004
96.68737,1608131230105
96.348885,1608131230209
97.10744,1608131230309
93.75,1608131230410
89.33601,1608131230513
97.59036,1608131230617
96.780685,1608131230721
95.61586,1608131230822
96.25984,1608131230927
92.515594,1608131231028
94.68303,1608131231129
94.578316,1608131231233
94.90196,1608131231339
97.07113,1608131231440
96.23016,1608131231544
96.458336,1608131231645
97.30849,1608131231746
95.33074,1608131231852
96.28099,1608131231953
87.318085,1608131232054
84.63114,1608131232156
96.81275,1608131232261
93.6345,1608131232362
94.05941,1608131232467
93.76299,1608131232568
96.21514,1608131232672
97.16025,1608131232775
96.01594,1608131232880
97.59036,1608131232984
97.368416,1608131233087
96.27329,1608131233188
96.16161,1608131233291
92.1325,1608131233392
92.622955,1608131233495
95.12671,1608131233601
94.98956,1608131233701
91.26016,1608131233803
94.96855,1608131233904
95.82505,1608131234008
95.454544,1608131234109
97.59036,1608131234213
98.140495,1608131234314
97.5,1608131234415
94.44444,1608131234516
96.23431,1608131234617
94.44444,1608131234717
96.24217,1608131234818
94.3609,1608131234928
82.29167,1608131235029
88.934425,1608131235130
92.69311,1608131235231
93.849205,1608131235335
97.95918,1608131235437
96.27329,1608131235538
96.666664,1608131235638
96.99399,1608131235742
95.33469,1608131235845
97.083336,1608131235946
97.10744,1608131236046
96.30314,1608131236159
94.03579,1608131236265
97.61904,1608131236370
91.30435,1608131236470
91.056915,1608131236573
93.78882,1608131236674
97.76876,1608131236777
94.876656,1608131236887
93.11741,1608131236990
97.61904,1608131237095
94.78079,1608131237195
95.454544,1608131237296
96.938774,1608131237399
97.722565,1608131237499
96.041664,1608131237600
94.62151,1608131237704
92.68293,1608131237807
93.09623,1608131237908
93.56846,1608131238009
82.56513,1608131238112
94.77911,1608131238216
96.93251,1608131238318
96.43606,1608131238419
98.77301,1608131238520
96.958176,1608131238630
96.4657,1608131238730
95.28689,1608131238833
97.30849,1608131238933
96.68737,1608131239034
95.98393,1608131239138
93.398056,1608131239246
93.34719,1608131239346
87.13693,1608131239447
77.89256,1608131239548
93.723854,1608131239648
94.84536,1608131239749
96.10656,1608131239851
96.96356,1608131239954
96.23016,1608131240059
97.49478,1608131240160
95.91002,1608131240262
96.6736,1608131240362
97.77328,1608131240466
97.3306,1608131240568
94.409935,1608131240668
88.333336,1608131240769
94.43299,1608131240869
96.666664,1608131240970
94.877045,1608131241071
94.15323,1608131241176
95.33469,1608131241278
90.58578,1608131241379
94.81328,1608131241479
97.5,1608131241580
97.52066,1608131241680
96.694214,1608131241781
97.2973,1608131241881
97.323135,1608131241991
95.44513,1608131242091
95.53753,1608131242194
93.1677,1608131242295
89.02196,1608131242400
89.256195,1608131242500
78.0083,1608131242601
92.799995,1608131242706
97.1223,1608131242822
96.93487,1608131242932
95.267494,1608131243032
96.86192,1608131243133
95.661156,1608131243233
97.95501,1608131243335
98.125,1608131243435
96.900826,1608131243536
96.49485,1608131243637
95.79159,1608131243741
97.13702,1608131243843
96.98795,1608131243947
91.68399,1608131244048
93.00411,1608131244149
92.677826,1608131244249
94.421486,1608131244350
96.0499,1608131244450
96.4657,1608131244551
94.776115,1608131244663
94.672134,1608131244766
96.98189,1608131244869
95.91002,1608131244971
97.7131,1608131245072
96.01594,1608131245176
95.24794,1608131245277
92.66247,1608131245378
94.117645,1608131245480
96.12245,1608131245582
97.07113,1608131245683
96.50924,1608131245783
86.07069,1608131245884
84.375,1608131245985
77.87307,1608131246107
96.52651,1608131246220
95.07874,1608131246326
97.341515,1608131246428
96.348885,1608131246531
97.708336,1608131246632
97.74011,1608131246743
96.83427,1608131246854
96.48033,1608131246955
96.450935,1608131247056
93.13929,1608131247156
90.329216,1608131247257
81.26273,1608131247360
94.214874,1608131247461
96.35627,1608131247565
96.75456,1608131247667
96.4876,1608131247768
97.535934,1608131247871
97.10145,1608131247971
96.68737,1608131248072
94.51219,1608131248175
97.3843,1608131248279
97.07725,1608131248380
95.435684,1608131248480
95.89322,1608131248581
81.799164,1608131248682
60.248447,1608131248782
93.41318,1608131248888
92.577324,1608131248988
97.27463,1608131249089
97.0297,1608131249193
97.216705,1608131249298
97.10145,1608131249399
97.91667,1608131249500
96.50924,1608131249601
97.14286,1608131249703
96.01594,1608131249808
97.93388,1608131249909
96.458336,1608131250010
71.694214,1608131250110
84.791664,1608131250211
93.762184,1608131250319
96.694214,1608131250419
94.90835,1608131250522
95.198326,1608131250623
93.76299,1608131250723
96,1608131250827
98.3968,1608131250932
98.13664,1608131251032
96.91358,1608131251133
94.769875,1608131251234
95.79159,1608131251337
84.23237,1608131251438
88.284515,1608131251539
96.47302,1608131251639
95.959595,1608131251742
89.64803,1608131251843
93.71069,1608131251944
93.897644,1608131252049
96.694214,1608131252150
98.34369,1608131252252
98.383835,1608131252354
96.15385,1608131252457
97.722565,1608131252559
96.8,1608131252662
94.83471,1608131252763
94.23459,1608131252868
92.0668,1608131252969
94.19087,1608131253069
89.93711,1608131253170
94.66403,1608131253275
97.52066,1608131253376
92.24652,1608131253481
97.71784,1608131253582
94.75891,1608131253682
97.39479,1608131253786
96.0251,1608131253886
95.87629,1608131253987
95.4071,1608131254087
97.24138,1608131254209
94.05737,1608131254310
89.8,1608131254414
96.15385,1608131254517
93.01397,1608131254622
93.061226,1608131254724
93.99586,1608131254825
95.652176,1608131254926
95.625,1608131255027
95.112015,1608131255128
96.10656,1608131255230
94.73685,1608131255333
94.33962,1608131255434
95.44513,1608131255534
97.08738,1608131255642
96.850395,1608131255748
94.36325,1608131255848
93.96378,1608131255952
96.900826,1608131256053
95.22863,1608131256158
95.859215,1608131256259
94.60581,1608131256361
96.900826,1608131256461
95.98393,1608131256566
95.38153,1608131256669
96.55172,1608131256772
97.10744,1608131256873
94.84536,1608131256974
95.87629,1608131257075
96.22642,1608131257176
95.60878,1608131257280
95.661156,1608131257381
92.16495,1608131257482
90.16736,1608131257583
96.28866,1608131257683
95.200005,1608131257788
96.88796,1608131257888
96.23016,1608131257993
97.45596,1608131258100
97.10744,1608131258201
96.0499,1608131258302
96.414345,1608131258406
97.722565,1608131258507
95.36679,1608131258615
86.63968,1608131258718
93.52818,1608131258818
94.409935,1608131258919
94.178795,1608131259020
92.82946,1608131259127
96.86888,1608131259234
96.91358,1608131259335
95.198326,1608131259436
95.661156,1608131259536
98.144325,1608131259637
96.917145,1608131259745
95.93496,1608131259849
95.959595,1608131259951
94.96855,1608131260052
95.1417,1608131260154
95.454544,1608131260255
96.4497,1608131260362
93.71197,1608131260465
97.637794,1608131260570
93.59504,1608131260671
95,1608131260772
94.81328,1608131260872
97.31286,1608131260981
95.91002,1608131261084
97.15447,1608131261187
97.66082,1608131261293
96.875,1608131261394
94.97992,1608131261497
93.03279,1608131261599
92.59259,1608131261701
89.12134,1608131261802
96.6805,1608131261902
95.44513,1608131262003
92.66803,1608131262106
93.56137,1608131262211
95.80838,1608131262314
95.588234,1608131262415
95.3629,1608131262519
97.52066,1608131262619
97.703545,1608131262720
97.410355,1608131262824
95.198326,1608131262925
95.020744,1608131263025
97.04725,1608131263131
96.0251,1608131263231
96.05809,1608131263332
96.91992,1608131263433
86.192474,1608131263534
77.68924,1608131263638
93.6214,1608131263739
96.4657,1608131263840
96.6805,1608131263941
96.900826,1608131264042
97.49478,1608131264143
98.140495,1608131264243
97.90795,1608131264344
97.97571,1608131264446
96.694214,1608131264547
96.24217,1608131264647
94.628105,1608131264748
91.875,1608131264849
79.6,1608131264952
81.17155,1608131265053
96.16935,1608131265156
94.95968,1608131265259
96.694214,1608131265360
97.415504,1608131265466
97.92961,1608131265566
97.52577,1608131265667
96.458336,1608131265768
96.68737,1608131265868
95.74468,1608131265976
92.677826,1608131266077
90.416664,1608131266177
73.71664,1608131266279
92.82946,1608131266387
97.49518,1608131266496
97.80877,1608131266600
96.4,1608131266704
96.875,1608131266805
95.85687,1608131266915
97.07725,1608131267016
96.07438,1608131267116
93.78882,1608131267217
94.578316,1608131267322
95.435684,1608131267422
88.56548,1608131267523
91.73387,1608131267626
97.31405,1608131267727
96.76113,1608131267830
97.216705,1608131267936
95.2381,1608131268036
95.03106,1608131268137
96.48033,1608131268239
96.031746,1608131268344
95.94321,1608131268447
96.89441,1608131268547
96.4657,1608131268648
96.4876,1608131268748
97.3029,1608131268849
96.86192,1608131268950
97.368416,1608131269052
95.188286,1608131269153
93.59504,1608131269253
93.52818,1608131269354
80.078125,1608131269460
98.35051,1608131269561
94.15449,1608131269662
96.09856,1608131269763
96.44352,1608131269864
96.348885,1608131269966
96.76768,1608131270070
96.544716,1608131270172
94.56067,1608131270272
95.87629,1608131270373
96.85535,1608131270474
90.890274,1608131270574
93.541664,1608131270675
70.95436,1608131270775
87.17435,1608131270879
96.90722,1608131270980
96.06625,1608131271081
96.44352,1608131271182
97.04142,1608131271287
98.125,1608131271388
96.48033,1608131271488
96.92623,1608131271590
97.28601,1608131271690
94.653465,1608131271796
91.224495,1608131271898
93.541664,1608131271998
91.95171,1608131272103
86.570244,1608131272203
94.855965,1608131272304
94.535515,1608131272419
95.42744,1608131272524
97.10744,1608131272625
95.53753,1608131272729
96.80639,1608131272833
97.1134,1608131272934
95.6067,1608131273034
97.52066,1608131273135
96.652725,1608131273235
92.94606,1608131273336
78.66109,1608131273437
87.62887,1608131273537
96.16161,1608131273641
95.200005,1608131273745
95.625,1608131273846
94.421486,1608131273947
96.4657,1608131274047
97.1831,1608131274151
96.28099,1608131274252
96.58635,1608131274356
96.900826,1608131274457
96.98795,1608131274562
93.9834,1608131274662
91.40461,1608131274762
95.652176,1608131274863
96.78715,1608131274967
96.07438,1608131275069
93.15353,1608131275169
92.09979,1608131275269
94.308945,1608131275373
97.86822,1608131275480
94.375,1608131275581
96.65354,1608131275686
98.17444,1608131275789
97.10744,1608131275890
96.86192,1608131275990
97.97571,1608131276093
96.09856,1608131276196
94.96982,1608131276299
94.56067,1608131276400
91,1608131276504
92.96066,1608131276605
94.82401,1608131276706
94.59459,1608131276806
95.4071,1608131276907
96.07438,1608131277007
95.83333,1608131277107
97.31405,1608131277208
97.36308,1608131277311
95.625,1608131277411
96.27329,1608131277513
95.670105,1608131277613
94.46721,1608131277716
96.78715,1608131277819
94.36325,1608131277920
96.92308,1608131278028
96.72801,1608131278130
93.38677,1608131278234
97.13114,1608131278336
93.37474,1608131278437
93.78882,1608131278538
95.85687,1608131278649
93.50105,1608131278749
95.93496,1608131278853
94.020615,1608131278953
95.652176,1608131279054
96.4876,1608131279155
95.945946,1608131279263
97.87234,1608131279371
95.22821,1608131279472
97.59519,1608131279576
93.958336,1608131279676
92.1371,1608131279779
94.09524,1608131279889
97.16025,1608131279993
94.61698,1608131280093
93.78882,1608131280194
96.10656,1608131280297
94.929,1608131280399
95.44513,1608131280500
96.041664,1608131280600
95.625,1608131280701
96.659706,1608131280801
96.707825,1608131280902
94.14226,1608131281003
91.78082,1608131281109
94.375,1608131281209
94.60581,1608131281311
97.53087,1608131281411
97.90795,1608131281512
93.44263,1608131281614
94.202896,1608131281714
97.216705,1608131281819
95.77735,1608131281928
92.7686,1608131282029
96.28866,1608131282130
96.34146,1608131282233
89.35743,1608131282337
92.84294,1608131282442
96.72801,1608131282544
96.78715,1608131282648
97.07725,1608131282748
96.39794,1608131282870
95.198326,1608131282971
96.28099,1608131283071
93.52818,1608131283172
97.011955,1608131283276
97.0894,1608131283377
96.18474,1608131283480
94.61078,1608131283585
90.836655,1608131283690
96.6,1608131283794
97.28601,1608131283894
93.8,1608131283998
94.628105,1608131284099
97.95918,1608131284202
94.274025,1608131284303
97.79117,1608131284407
92.78351,1608131284508
93.56846,1608131284609
97.31959,1608131284710
95.87629,1608131284811
94.61698,1608131284913
97.368416,1608131285016
95.01992,1608131285121
96.4876,1608131285221
95.98393,1608131285325
97.01789,1608131285430
95.03106,1608131285531
84.407486,1608131285632
96.31148,1608131285735
96.385544,1608131285838
95.82464,1608131285939
96.47302,1608131286039
95.64315,1608131286140
96.659706,1608131286240
96.15385,1608131286343
90.64449,1608131286443
92.95775,1608131286548
96.4876,1608131286648
96.47302,1608131286749
97.13702,1608131286851
96.659706,1608131286951
95.435684,1608131287052
93.93305,1608131287153
96.52351,1608131287255
96.701035,1608131287355
96.23016,1608131287460
97.59036,1608131287564
97.13114,1608131287667
94.61698,1608131287767
94.16499,1608131287871
91.022964,1608131287972
93.21706,1608131288079
96.8815,1608131288180
92.32365,1608131288280
83.4,1608131288385
95.74899,1608131288487
97.72727,1608131288588
97.97571,1608131288691
95.815895,1608131288792
96.5587,1608131288894
96.265564,1608131288995
96.041664,1608131289095
97.095436,1608131289196
95.96774,1608131289300
93.55509,1608131289400
96.27329,1608131289501
91.6318,1608131289601
96.05809,1608131289702
93.77432,1608131289809
92.7686,1608131289910
94.70468,1608131290013
95.83333,1608131290114
98.15951,1608131290215
97.095436,1608131290315
97.30849,1608131290416
96.34615,1608131290525
97.838905,1608131290632
97.216705,1608131290736
95.21829,1608131290837
90.68323,1608131290937
92.84254,1608131291039
96.20758,1608131291144
96.06625,1608131291246
94.19087,1608131291346
96.49485,1608131291447
88.91213,1608131291548
94.84536,1608131291648
93.970894,1608131291749
97.083336,1608131291850
96.74796,1608131291952
96.90722,1608131292053
97.49478,1608131292154
96.79359,1608131292257
95.731705,1608131292361
95.68788,1608131292462
95.99198,1608131292566
83.91753,1608131292667
58.41996,1608131292767
89.04959,1608131292868
95.454544,1608131292969
96.76768,1608131293072
94.68504,1608131293178
97.18875,1608131293282
97.093025,1608131293390
95.87629,1608131293491
92.27557,1608131293592
96.900826,1608131293692
95.71428,1608131293794
85.47718,1608131293895
90.47619,1608131293995
96.48033,1608131294096
94.68303,1608131294198
93.452385,1608131294303
94.45585,1608131294406
95.86777,1608131294506
94.43299,1608131294607
97.0894,1608131294708
96.303505,1608131294815
96.18474,1608131294919
97.280334,1608131295020
94.84536,1608131295120
94.05737,1608131295222
95.4071,1608131295322
71.546394,1608131295423
57.861637,1608131295524
96.114525,1608131295625
95.6067,1608131295726
97.244095,1608131295831
93.958336,1608131295932
97.10744,1608131296032
95.70552,1608131296134
97.9716,1608131296237
96.875,1608131296337
98.13664,1608131296438
95.99237,1608131296547
95.740364,1608131296650
97.083336,1608131296751
96.222664,1608131296855
95.33469,1608131296958
94.84536,1608131297059
90.18789,1608131297159
89.748955,1608131297260
94.4,1608131297363
98.568504,1608131297466
96.75456,1608131297568
96.721306,1608131297670
91.76955,1608131297772
97.095436,1608131297872
95.38153,1608131297976
94.166664,1608131298076
97.10744,1608131298177
95.82464,1608131298277
93.20988,1608131298378
92.5,1608131298478
93.71197,1608131298581
97.10744,1608131298682
95.91002,1608131298784
97.1134,1608131298885
94.61698,1608131298986
93.27731,1608131299086
93.76299,1608131299187
95.092026,1608131299288
96.68737,1608131299389
95.44513,1608131299490
95.625,1608131299590
96.652725,1608131299691
90.329216,1608131299791
97.11935,1608131299892
96.86192,1608131299993
97.1134,1608131300093
95.208336,1608131300194
95.296524,1608131300295
90.416664,1608131300396
95.661156,1608131300496
96.07438,1608131300598
93.181816,1608131300698
95.62624,1608131300815
93.63296,1608131300916
94.83471,1608131301016
96.694214,1608131301117
94.88189,1608131301223
96.24217,1608131301323
95.816734,1608131301428
95.296524,1608131301530
93.9759,1608131301634
94.929,1608131301737
94.46641,1608131301843
96.25,1608131301944
96.694214,1608131302044
94.81038,1608131302149
95.652176,1608131302250
96.734695,1608131302352
94.14226,1608131302453
95.670105,1608131302553
94.42231,1608131302658
95.44513,1608131302759
95.416664,1608131302860
94.71545,1608131302962
95.44554,1608131303067
96.0251,1608131303168
94.599625,1608131303279
94.8,1608131303383
95.35354,1608131303486
95.47244,1608131303593
96.75456,1608131303695
94.43299,1608131303796
96.64694,1608131303903
97.10145,1608131304003
92.05021,1608131304104
51.033054,1608131304204
93.81443,1608131304305
96.25,1608131304406
95.8498,1608131304511
95.79159,1608131304615
96.44352,1608131304716
95.71428,1608131304817
96.6805,1608131304918
94.58918,1608131305022
96.0499,1608131305123
96.062996,1608131305229
94.68303,1608131305330
95.850624,1608131305431
91.182365,1608131305535
94.59459,1608131305636
93.6345,1608131305737
97.7459,1608131305839
95.8,1608131305943
75.15658,1608131306044
84.23237,1608131306144
95.24794,1608131306245
94.55535,1608131306360
97.171715,1608131306464
95.44513,1608131306564
96.450935,1608131306665
95.652176,1608131306766
95.859215,1608131306866
87.80992,1608131306967
93.125,1608131307068
90.32258,1608131307172
64.462814,1608131307272
75.70281,1608131307377
96.98682,1608131307487
93.75,1608131307588
93.48269,1608131307690
97.399994,1608131307794
96.50924,1608131307895
93.9834,1608131307996
95.01992,1608131308101
94.178795,1608131308202
92.484344,1608131308302
93.99586,1608131308403
94.57203,1608131308504
87.94179,1608131308604
64.681725,1608131308706
94.53781,1608131308807
95.88477,1608131308907
92.10019,1608131309016
93.46939,1608131309119
94.97908,1608131309220
95.1417,1608131309322
95.208336,1608131309423
96.99399,1608131309527
94.877045,1608131309628
89.12134,1608131309729
90.47619,1608131309830
94.59459,1608131309930
87.12274,1608131310035
80.452675,1608131310135
90.17341,1608131310243
94.33962,1608131310343
95.04132,1608131310444
95.76923,1608131310553
94.57203,1608131310653
95.62624,1608131310758
95.59118,1608131310863
95.2381,1608131310963
94.12998,1608131311064
90.688255,1608131311166
72.76507,1608131311267
62.162163,1608131311367
83.061226,1608131311469
94.354836,1608131311573
92.6078,1608131311676
94.409935,1608131311776
92.291664,1608131311877
95.3252,1608131311979
94.48819,1608131312085
94.237915,1608131312197
89.837395,1608131312300
94.19087,1608131312401
95.24794,1608131312502
94.33962,1608131312602
89.566925,1608131312709
85.132385,1608131312812
90.416664,1608131312913
92.19713,1608131313014
94.726166,1608131313117
95.661156,1608131313218
95.24794,1608131313319
94.33962,1608131313419
93.67589,1608131313526
94.39834,1608131313626
93.71069,1608131313727
93.7751,1608131313830
90.37657,1608131313931
90.836655,1608131314035
88.43813,1608131314138
94.96855,1608131314238
93.37474,1608131314339
94.78079,1608131314440
93.9834,1608131314540
92.827866,1608131314643
95.652176,1608131314743
93.08943,1608131314847
95.020744,1608131314947
91.1157,1608131315049
92.30769,1608131315149
92.89941,1608131315255
96.01594,1608131315360
89.917694,1608131315462
94.61698,1608131315563
95.198326,1608131315663
95.13619,1608131315771
94.202896,1608131315871
92.32365,1608131315972
92.66247,1608131316073
93.9834,1608131316173
94.59459,1608131316274
93.970894,1608131316374
95.90643,1608131316481
78.03347,1608131316581
96.05809,1608131316682
96.450935,1608131316783
94.81328,1608131316883
94.78079,1608131316984
92.827866,1608131317085
84.349594,1608131317188
93.822395,1608131317297
95.2381,1608131317397
96.00799,1608131317502
94.34344,1608131317607
93.10345,1608131317710
88.61284,1608131317810
93.73695,1608131317911
87.376724,1608131318017
94.52333,1608131318119
93.71534,1608131318232
92.88703,1608131318333
91.71843,1608131318433
91.231735,1608131318534
95.850624,1608131318634
91.29555,1608131318737
96.47302,1608131318839
94.653465,1608131318943
91.30435,1608131319044
93.36099,1608131319145
91.47609,1608131319245
93.34719,1608131319346
92.484344,1608131319447
95.42857,1608131319556
93.49593,1608131319659
92.11618,1608131319760
93.71197,1608131319864
94.84536,1608131319964
94.48669,1608131320075
93.56137,1608131320179
94.17671,1608131320282
75.56936,1608131320383
94.79167,1608131320484
94.2,1608131320589
91.129036,1608131320692
95.74899,1608131320795
94.46721,1608131320897
93.92034,1608131320998
93.99586,1608131321098
90.63136,1608131321201
95.22821,1608131321301
91.58111,1608131321403
92.677826,1608131321504
97.01789,1608131321609
90.6,1608131321713
92.871284,1608131321818
75.7764,1608131321920
91.30435,1608131322021
97.15447,1608131322124
95.491806,1608131322225
93.93305,1608131322326
92.402466,1608131322426
93.56137,1608131322530
92.827866,1608131322632
91.23506,1608131322737
95.54263,1608131322845
90.58578,1608131322945
90.24896,1608131323046
58.99581,1608131323147
65.68627,1608131323253
95.4,1608131323358
94.14226,1608131323459
95.2381,1608131323559
92.479675,1608131323662
92.33955,1608131323763
93.541664,1608131323864
94.214874,1608131323964
94.747475,1608131324069
91.01796,1608131324174
89.00415,1608131324274
91.908714,1608131324375
89.25926,1608131324488
94.421486,1608131324589
95.859215,1608131324690
94.769875,1608131324791
94.409935,1608131324891
95.86777,1608131324992
93.59504,1608131325094
95.661156,1608131325194
94.98956,1608131325295
92.148766,1608131325395
92.09979,1608131325496
94.51554,1608131325610
94.768616,1608131325714
92.1325,1608131325815
93.90756,1608131325916
93.77593,1608131326017
81.855675,1608131326118
90.4,1608131326223
91.94215,1608131326323
93.59504,1608131326424
96.114525,1608131326526
94.36325,1608131326627
93.40206,1608131326728
91.268196,1608131326829
95.482544,1608131326931
94.10569,1608131327034
94.020615,1608131327135
93.50105,1608131327236
91.39344,1608131327337
73.16562,1608131327438
94.42231,1608131327542
95.6067,1608131327643
93.81443,1608131327743
96.265564,1608131327844
94.43299,1608131327946
94.22311,1608131328050
94.18604,1608131328158
93.58178,1608131328259
95.2381,1608131328360
94.61698,1608131328461
91.07505,1608131328564
78.03347,1608131328665
92.69777,1608131328768
93.9759,1608131328871
94.45585,1608131328973
91.44603,1608131329076
94.23459,1608131329181
95,1608131329281
91.68399,1608131329382
93.03279,1608131329485
94.39834,1608131329585
94.78079,1608131329686
94.214874,1608131329786
92.0668,1608131329887
93.86503,1608131329989
93.723854,1608131330090
91.358025,1608131330191
93.03279,1608131330293
94.96855,1608131330393
96.06625,1608131330494
94.897964,1608131330596
96.43494,1608131330713
95.6067,1608131330813
93.6214,1608131330914
94.75891,1608131331015
91.92547,1608131331116
89.85507,1608131331216
61.618256,1608131331317
86.40974,1608131331421
93.56725,1608131331527
95.77465,1608131331631
94.21158,1608131331736
94.308945,1608131331839
91.58111,1608131331941
94.386696,1608131332042
92.712555,1608131332146
94.578316,1608131332249
90.77568,1608131332350
93.78882,1608131332450
92.22904,1608131332552
89.917694,1608131332654
92.1875,1608131332761
93.608246,1608131332862
