1600687837817,"00000000":0
1600687839268,"00000000":1
1600687841092,"00000000":2
1600687842837,"00000000":3
1600687843978,"00000000":4
1600687846404,"00000000":5
1600687847389,"00000000":6,"00000000":7,"00000000":8,"00000000":9,"00000000":10
1600687848680,"3d9aa634":0
1600687848995,"0dee6a0d":0,"0dee6a0d":1,"0dee6a0d":2,"0dee6a0d":3,"0dee6a0d":4,"0dee6a0d":5,"0dee6a0d":6,"0dee6a0d":7,"91c4c67e":0,"0dee6a0d":8,"0dee6a0d":9,"0dee6a0d":10,"3d9aa634":1,"3d9aa634":2,"3d9aa634":3,"3d9aa634":4,"3d9aa634":5,"3d9aa634":6,"3d9aa634":7,"3d9aa634":8,"3d9aa634":9,"0dee6a0d":11,"0dee6a0d":12,"0dee6a0d":13,"0dee6a0d":14,"0dee6a0d":15,"0dee6a0d":16,"0dee6a0d":17,"0dee6a0d":18,"0dee6a0d":19,"3d9aa634":10,"3d9aa634":11,"3d9aa634":12,"3d9aa634":13,"3d9aa634":14,"3d9aa634":15,"3d9aa634":16,"3d9aa634":17,"3d9aa634":18,"3d9aa634":19,"8903a0a3":0,"8903a0a3":1,"91c4c67e":1,"91c4c67e":2,"91c4c67e":3,"91c4c67e":4,"91c4c67e":5,"91c4c67e":6,"91c4c67e":7,"91c4c67e":8,"91c4c67e":9,"91c4c67e":10,"91c4c67e":11,"91c4c67e":12,"91c4c67e":13,"8903a0a3":2,"8903a0a3":3,"8903a0a3":4,"8903a0a3":5,"8903a0a3":6,"8903a0a3":7,"8903a0a3":8,"8903a0a3":9,"8903a0a3":10,"8903a0a3":11,"8903a0a3":12,"8903a0a3":13,"8903a0a3":14,"8903a0a3":15,"8903a0a3":16,"8903a0a3":17,"91c4c67e":14,"91c4c67e":15,"91c4c67e":16,"91c4c67e":17,"91c4c67e":18,"91c4c67e":19,"8903a0a3":18,"8903a0a3":19
1600687850356,"0dee6a0d":20,"0dee6a0d":21,"0dee6a0d":22,"0dee6a0d":23,"0dee6a0d":24,"0dee6a0d":25,"0dee6a0d":26,"0dee6a0d":27,"0dee6a0d":28,"0dee6a0d":29,"0dee6a0d":30,"0dee6a0d":31,"0dee6a0d":32,"0dee6a0d":33,"0dee6a0d":34,"0dee6a0d":35,"0dee6a0d":36,"0dee6a0d":37,"0dee6a0d":38,"0dee6a0d":39,"8903a0a3":20,"8903a0a3":21,"8903a0a3":22,"8903a0a3":23,"8903a0a3":24,"8903a0a3":25,"8903a0a3":26,"8903a0a3":27,"8903a0a3":28,"8903a0a3":29,"8903a0a3":30,"3d9aa634":20
1600687850694,"91c4c67e":20,"91c4c67e":21,"91c4c67e":22,"91c4c67e":23,"91c4c67e":24,"8903a0a3":31,"8903a0a3":32,"8903a0a3":33,"8903a0a3":34,"8903a0a3":35,"8903a0a3":36,"8903a0a3":37,"91c4c67e":25,"91c4c67e":26,"91c4c67e":27,"91c4c67e":28,"91c4c67e":29,"91c4c67e":30,"91c4c67e":31,"91c4c67e":32,"91c4c67e":33,"91c4c67e":34,"91c4c67e":35,"91c4c67e":36,"91c4c67e":37,"91c4c67e":38,"91c4c67e":39,"3d9aa634":21,"3d9aa634":22,"3d9aa634":23,"3d9aa634":24,"3d9aa634":25,"3d9aa634":26,"3d9aa634":27,"3d9aa634":28,"3d9aa634":29,"8903a0a3":38,"8903a0a3":39,"3d9aa634":30,"3d9aa634":31,"3d9aa634":32,"3d9aa634":33,"3d9aa634":34,"3d9aa634":35,"3d9aa634":36,"3d9aa634":37,"3d9aa634":38,"3d9aa634":39
1600687851774,"0dee6a0d":40,"0dee6a0d":41,"0dee6a0d":42,"0dee6a0d":43,"0dee6a0d":44,"0dee6a0d":45,"0dee6a0d":46,"0dee6a0d":47,"0dee6a0d":48,"0dee6a0d":49,"0dee6a0d":50,"0dee6a0d":51,"0dee6a0d":52,"0dee6a0d":53,"0dee6a0d":54,"0dee6a0d":55,"0dee6a0d":56,"0dee6a0d":57,"0dee6a0d":58,"0dee6a0d":59
1600687852057,"3d9aa634":40,"3d9aa634":41,"3d9aa634":42,"3d9aa634":43,"3d9aa634":44,"3d9aa634":45,"3d9aa634":46,"3d9aa634":47,"3d9aa634":48,"3d9aa634":49,"3d9aa634":50,"3d9aa634":51,"3d9aa634":52,"3d9aa634":53,"3d9aa634":54,"3d9aa634":55,"3d9aa634":56,"3d9aa634":57,"8903a0a3":40
1600687852422,"3d9aa634":58,"3d9aa634":59,"8903a0a3":41,"8903a0a3":42,"8903a0a3":43,"8903a0a3":44,"8903a0a3":45,"8903a0a3":46,"8903a0a3":47,"8903a0a3":48,"8903a0a3":49,"8903a0a3":50,"8903a0a3":51,"8903a0a3":52,"8903a0a3":53,"8903a0a3":54,"8903a0a3":55,"8903a0a3":56,"8903a0a3":57,"8903a0a3":58,"8903a0a3":59,"91c4c67e":40,"91c4c67e":41,"91c4c67e":42,"91c4c67e":43,"91c4c67e":44,"91c4c67e":45,"91c4c67e":46,"91c4c67e":47,"91c4c67e":48,"91c4c67e":49,"91c4c67e":50,"91c4c67e":51,"91c4c67e":52,"91c4c67e":53,"91c4c67e":54,"91c4c67e":55,"91c4c67e":56,"91c4c67e":57,"91c4c67e":58,"91c4c67e":59
1600687853627,"0dee6a0d":60,"0dee6a0d":61,"0dee6a0d":62,"0dee6a0d":63,"0dee6a0d":64,"0dee6a0d":65,"0dee6a0d":66,"0dee6a0d":67,"0dee6a0d":68,"0dee6a0d":69,"0dee6a0d":70,"0dee6a0d":71,"0dee6a0d":72,"0dee6a0d":73,"0dee6a0d":74,"0dee6a0d":75,"0dee6a0d":76,"0dee6a0d":77,"0dee6a0d":78,"0dee6a0d":79
1600687853955,"91c4c67e":60,"91c4c67e":61,"91c4c67e":62,"91c4c67e":63,"91c4c67e":64,"91c4c67e":65,"91c4c67e":66,"8903a0a3":60,"8903a0a3":61,"8903a0a3":62,"8903a0a3":63,"8903a0a3":64,"8903a0a3":65,"8903a0a3":66,"8903a0a3":67,"91c4c67e":67,"91c4c67e":68,"91c4c67e":69,"91c4c67e":70,"91c4c67e":71,"3d9aa634":60,"3d9aa634":61,"3d9aa634":62,"3d9aa634":63,"3d9aa634":64,"91c4c67e":72,"3d9aa634":65,"3d9aa634":66,"3d9aa634":67,"3d9aa634":68,"3d9aa634":69,"3d9aa634":70,"3d9aa634":71,"3d9aa634":72,"3d9aa634":73,"3d9aa634":74,"3d9aa634":75,"3d9aa634":76,"3d9aa634":77,"3d9aa634":78,"3d9aa634":79,"91c4c67e":73,"91c4c67e":74,"91c4c67e":75,"91c4c67e":76,"91c4c67e":77,"91c4c67e":78,"91c4c67e":79
1600687854302,"8903a0a3":68,"8903a0a3":69,"8903a0a3":70,"8903a0a3":71,"8903a0a3":72,"8903a0a3":73,"8903a0a3":74,"8903a0a3":75,"8903a0a3":76,"8903a0a3":77,"8903a0a3":78,"8903a0a3":79,"a77baeb3":0,"a77baeb3":1,"a77baeb3":2,"a77baeb3":3,"a77baeb3":4,"a77baeb3":5,"a77baeb3":6,"a77baeb3":7,"a77baeb3":8,"a77baeb3":9,"a77baeb3":10,"a77baeb3":11,"a77baeb3":12,"a77baeb3":13,"a77baeb3":14,"a77baeb3":15,"a77baeb3":16,"a77baeb3":17,"a77baeb3":18,"a77baeb3":19
1600687855115,"0dee6a0d":80,"0dee6a0d":81,"0dee6a0d":82,"0dee6a0d":83,"0dee6a0d":84
1600687855430,"91c4c67e":80,"91c4c67e":81,"91c4c67e":82,"91c4c67e":83,"91c4c67e":84,"91c4c67e":85,"91c4c67e":86,"91c4c67e":87,"91c4c67e":88,"91c4c67e":89,"91c4c67e":90,"91c4c67e":91,"91c4c67e":92,"91c4c67e":93,"91c4c67e":94,"91c4c67e":95,"0dee6a0d":85,"0dee6a0d":86,"0dee6a0d":87,"0dee6a0d":88,"0dee6a0d":89,"0dee6a0d":90,"0dee6a0d":91,"0dee6a0d":92,"0dee6a0d":93,"0dee6a0d":94,"0dee6a0d":95,"0dee6a0d":96,"0dee6a0d":97,"0dee6a0d":98,"0dee6a0d":99,"91c4c67e":96,"91c4c67e":97,"91c4c67e":98,"91c4c67e":99
1600687855579,"3d9aa634":80,"3d9aa634":81,"3d9aa634":82,"3d9aa634":83,"3d9aa634":84,"3d9aa634":85,"3d9aa634":86,"3d9aa634":87,"3d9aa634":88,"3d9aa634":89,"3d9aa634":90,"3d9aa634":91,"3d9aa634":92,"3d9aa634":93,"3d9aa634":94,"3d9aa634":95,"3d9aa634":96,"3d9aa634":97,"3d9aa634":98,"3d9aa634":99,"8903a0a3":80,"8903a0a3":81,"8903a0a3":82,"8903a0a3":83,"8903a0a3":84,"8903a0a3":85,"8903a0a3":86,"8903a0a3":87,"8903a0a3":88,"8903a0a3":89,"8903a0a3":90,"8903a0a3":91,"8903a0a3":92,"8903a0a3":93,"8903a0a3":94,"8903a0a3":95,"8903a0a3":96,"a77baeb3":20,"a77baeb3":21,"a77baeb3":22,"a77baeb3":23,"a77baeb3":24,"a77baeb3":25,"a77baeb3":26,"a77baeb3":27,"a77baeb3":28,"a77baeb3":29,"a77baeb3":30,"a77baeb3":31,"a77baeb3":32,"a77baeb3":33,"a77baeb3":34,"a77baeb3":35,"a77baeb3":36,"a77baeb3":37,"a77baeb3":38,"a77baeb3":39
1600687856038,"8903a0a3":97,"8903a0a3":98,"8903a0a3":99
1600687856559,"0dee6a0d":100,"0dee6a0d":101,"0dee6a0d":102,"0dee6a0d":103,"0dee6a0d":104,"0dee6a0d":105,"0dee6a0d":106,"0dee6a0d":107,"0dee6a0d":108,"0dee6a0d":109,"0dee6a0d":110,"0dee6a0d":111,"0dee6a0d":112,"0dee6a0d":113,"0dee6a0d":114,"0dee6a0d":115,"0dee6a0d":116,"0dee6a0d":117,"0dee6a0d":118,"0dee6a0d":119
1600687857015,"91c4c67e":100,"91c4c67e":101,"91c4c67e":102,"91c4c67e":103,"91c4c67e":104,"91c4c67e":105,"91c4c67e":106,"91c4c67e":107,"91c4c67e":108,"91c4c67e":109,"91c4c67e":110,"91c4c67e":111,"91c4c67e":112,"91c4c67e":113,"91c4c67e":114,"91c4c67e":115,"91c4c67e":116,"91c4c67e":117,"91c4c67e":118,"91c4c67e":119,"a77baeb3":40,"a77baeb3":41,"a77baeb3":42,"a77baeb3":43,"a77baeb3":44,"a77baeb3":45,"a77baeb3":46,"a77baeb3":47,"a77baeb3":48,"a77baeb3":49,"a77baeb3":50,"a77baeb3":51,"a77baeb3":52,"a77baeb3":53,"a77baeb3":54,"a77baeb3":55,"a77baeb3":56,"a77baeb3":57,"a77baeb3":58,"a77baeb3":59,"3d9aa634":100
1600687857478,"3d9aa634":101,"3d9aa634":102,"3d9aa634":103,"3d9aa634":104,"3d9aa634":105,"3d9aa634":106,"3d9aa634":107,"3d9aa634":108,"3d9aa634":109,"3d9aa634":110,"3d9aa634":111,"3d9aa634":112,"3d9aa634":113,"3d9aa634":114,"3d9aa634":115,"3d9aa634":116,"3d9aa634":117,"3d9aa634":118,"3d9aa634":119
1600687857799,"8903a0a3":100,"8903a0a3":101,"8903a0a3":102,"8903a0a3":103,"8903a0a3":104,"8903a0a3":105,"8903a0a3":106,"8903a0a3":107,"8903a0a3":108,"8903a0a3":109,"8903a0a3":110,"8903a0a3":111,"8903a0a3":112,"8903a0a3":113,"8903a0a3":114,"8903a0a3":115,"8903a0a3":116
1600687858128,"8903a0a3":117,"8903a0a3":118,"8903a0a3":119,"0dee6a0d":120,"0dee6a0d":121,"0dee6a0d":122,"0dee6a0d":123,"0dee6a0d":124,"0dee6a0d":125,"0dee6a0d":126,"0dee6a0d":127,"0dee6a0d":128,"0dee6a0d":129,"0dee6a0d":130,"0dee6a0d":131,"0dee6a0d":132,"0dee6a0d":133,"0dee6a0d":134,"0dee6a0d":135,"0dee6a0d":136,"0dee6a0d":137,"0dee6a0d":138,"0dee6a0d":139
1600687858327,"91c4c67e":120,"91c4c67e":121,"91c4c67e":122,"91c4c67e":123,"91c4c67e":124,"91c4c67e":125,"91c4c67e":126,"91c4c67e":127,"91c4c67e":128,"91c4c67e":129,"91c4c67e":130,"91c4c67e":131,"91c4c67e":132,"91c4c67e":133,"91c4c67e":134,"91c4c67e":135,"91c4c67e":136,"91c4c67e":137,"91c4c67e":138,"91c4c67e":139,"a77baeb3":60
1600687858976,"a77baeb3":61,"a77baeb3":62,"a77baeb3":63,"a77baeb3":64,"a77baeb3":65,"a77baeb3":66,"a77baeb3":67,"a77baeb3":68,"a77baeb3":69,"a77baeb3":70,"a77baeb3":71,"a77baeb3":72,"a77baeb3":73,"a77baeb3":74,"a77baeb3":75,"a77baeb3":76,"a77baeb3":77,"a77baeb3":78,"a77baeb3":79
1600687859289,"3d9aa634":120,"3d9aa634":121,"3d9aa634":122,"3d9aa634":123,"3d9aa634":124,"3d9aa634":125,"3d9aa634":126,"3d9aa634":127,"3d9aa634":128,"3d9aa634":129,"3d9aa634":130,"3d9aa634":131,"3d9aa634":132,"3d9aa634":133,"3d9aa634":134,"3d9aa634":135,"3d9aa634":136,"3d9aa634":137,"3d9aa634":138,"3d9aa634":139
1600687859495,"8903a0a3":120,"8903a0a3":121,"8903a0a3":122,"8903a0a3":123,"8903a0a3":124,"8903a0a3":125,"8903a0a3":126
1600687859786,"8903a0a3":127,"8903a0a3":128,"8903a0a3":129,"8903a0a3":130,"8903a0a3":131,"8903a0a3":132,"8903a0a3":133,"8903a0a3":134,"8903a0a3":135,"8903a0a3":136,"8903a0a3":137,"8903a0a3":138,"8903a0a3":139,"0dee6a0d":140,"0dee6a0d":141,"0dee6a0d":142,"0dee6a0d":143,"0dee6a0d":144,"0dee6a0d":145,"0dee6a0d":146,"0dee6a0d":147,"0dee6a0d":148,"0dee6a0d":149,"91c4c67e":140,"91c4c67e":141,"91c4c67e":142,"91c4c67e":143,"91c4c67e":144,"91c4c67e":145,"91c4c67e":146,"91c4c67e":147,"91c4c67e":148,"91c4c67e":149
1600687860391,"a77baeb3":80,"a77baeb3":81,"a77baeb3":82,"a77baeb3":83,"a77baeb3":84,"a77baeb3":85,"a77baeb3":86,"a77baeb3":87,"a77baeb3":88,"a77baeb3":89,"a77baeb3":90,"a77baeb3":91,"a77baeb3":92,"a77baeb3":93,"a77baeb3":94,"a77baeb3":95,"a77baeb3":96,"a77baeb3":97,"a77baeb3":98,"a77baeb3":99
1600687860560,"3d9aa634":140,"3d9aa634":141,"3d9aa634":142,"3d9aa634":143,"3d9aa634":144,"3d9aa634":145,"3d9aa634":146,"3d9aa634":147,"3d9aa634":148,"3d9aa634":149
1600687861113,"8903a0a3":140,"8903a0a3":141,"8903a0a3":142,"8903a0a3":143,"8903a0a3":144,"8903a0a3":145,"8903a0a3":146,"8903a0a3":147,"8903a0a3":148,"8903a0a3":149
1600687861669,"a77baeb3":100,"a77baeb3":101,"a77baeb3":102,"a77baeb3":103,"a77baeb3":104,"a77baeb3":105,"a77baeb3":106,"a77baeb3":107,"a77baeb3":108,"a77baeb3":109,"a77baeb3":110,"a77baeb3":111,"a77baeb3":112,"a77baeb3":113,"a77baeb3":114,"a77baeb3":115,"a77baeb3":116,"a77baeb3":117,"a77baeb3":118,"a77baeb3":119
1600687862954,"a77baeb3":120,"a77baeb3":121,"a77baeb3":122,"a77baeb3":123,"a77baeb3":124,"a77baeb3":125,"a77baeb3":126,"a77baeb3":127,"a77baeb3":128,"a77baeb3":129,"a77baeb3":130,"a77baeb3":131,"a77baeb3":132,"a77baeb3":133,"a77baeb3":134,"a77baeb3":135,"a77baeb3":136,"a77baeb3":137,"a77baeb3":138,"a77baeb3":139
1600687864209,"a77baeb3":140,"a77baeb3":141,"a77baeb3":142,"a77baeb3":143,"a77baeb3":144,"a77baeb3":145,"a77baeb3":146,"a77baeb3":147,"a77baeb3":148,"a77baeb3":149
1600687869269,"b8d7d9b0":0,"92b7c88a":0,"634056a9":0,"dca47ee4":0,"11e5f120":0,"9ad8c4a7":0,"a666c9d3":0,"d4f8d995":0,"269f9fce":0,"a9f982f2":0,"925d7ed7":0,"262900fe":0,"4698ab03":0,"015282aa":0,"d8d7bba2":0,"e91c99bd":0,"a3170832":0,"d7339d3a":0,"a3145ac5":0,"083500e9":0,"63dc8095":0,"8652100a":0,"f68e0253":0,"529eb964":0,"dc62edb8":0,"8c5ecb91":0,"15a95307":0,"44e6686b":0,"9a57d286":0,"8b784d6b":0,"fe0e83f1":0,"fa7887a0":0,"1ccbec0a":0,"7d91d890":0,"c8e58b5e":0,"3131340a":0,"35deb35c":0,"4e594339":0,"aabfef45":0,"3941c6f6":0,"f27716f7":0,"18c1cfde":0,"683543e6":0,"bb8f154e":0,"33992091":0
1600687871808,"334fa81b":0,"0a52b0e5":0,"f083023c":0,"62459b50":0,"185e43d8":0,"ece1a872":0,"a7eade8a":0,"c66d9aa2":0,"47095342":0,"8ea25c78":0,"054f8202":0,"a02be0c2":0,"ff681528":0,"1d19243a":0,"023c9564":0,"d96bcde5":0,"17419549":0,"165e7fbe":0,"93bbc2cb":0,"b3269dd3":0,"1af01b0b":0,"1d0c6182":0,"532db6f8":0,"7f4d9622":0,"9261c80a":0,"658ddcd8":0,"ed5ea4dd":0,"34f9e98e":0,"9c69b1c6":0,"2b076a6f":0,"f0409d6c":0,"40e6f89b":0,"b1ac1b35":0,"cc70e7e8":0,"8bd45257":0,"481d7bb7":0,"9e178131":0,"e70c5d25":0,"1dea91e2":0,"152de7d6":0,"86d3c947":0,"b96905a8":0,"dfeb31e4":0,"1e97a318":0,"90664bf5":0,"95e7135d":0,"9fa837af":0,"decdce80":0,"93d9b45a":0,"a236d67f":0,"7e7d8d2c":0,"0196381d":0,"8831237c":0,"fb579561":0,"b4f1570a":0,"fd794dfa":0,"f6400d26":0,"15475d2b":0,"ee0c692c":0,"68a4df6d":0,"251f73ac":0,"1797522a":0,"ab27f091":0,"1a8afede":0,"dba93b8c":0,"3921db66":0,"be7cb044":0,"dd89ea13":0,"6f2bd7c5":0,"98e4066c":0,"458bf30d":0,"3be5e502":0,"39940ff6":0,"f822b555":0,"ec46c8a1":0,"88a1d11c":0,"fed26b87":0,"aa4c3c17":0,"25d6e90d":0,"58cb13a3":0,"66887ebd":0,"0af78ed6":0,"78715fb7":0,"8f053f61":0,"e85a759a":0,"6f9e2304":0,"43e56aca":0,"fbdad369":0,"f5ac8886":0,"f3c01069":0,"0ebb0717":0,"c729b2a0":0,"157aadd0":0,"f2c6ef0c":0,"ea3e2899":0,"ea54f723":0,"dca1741f":0,"ede40f9f":0,"e9530de8":0,"5c66e6ad":0,"ee60b582":0,"ccfa8221":0,"2d0bca48":0,"b4a37b4d":0,"3757a663":0,"4355322e":0,"067c00fb":0,"da21e618":0,"19b1d9ba":0,"eed76a9c":0,"8de20b2b":0,"f5d638c2":0,"6bd3e446":0,"ae7ca451":0,"ba8072db":0,"c1fec201":0,"72fafdfa":0,"da76f5ef":0,"c82b4f93":0,"4e7948d7":0,"3982ed62":0,"a4505d8b":0,"63cf56fd":0,"7395e377":0,"10f4acf1":0,"5658973c":0,"32c3cda5":0,"353474eb":0,"35c510c1":0,"a2fdaccc":0,"8047b8fa":0,"bdeea548":0,"ea62fc97":0,"f11d9094":0,"d79b9f70":0,"28eb052f":0,"e89aaa2c":0,"01364546":0,"7c455f27":0,"74a6abed":0,"3ff449d3":0,"239d1f0d":0,"390dca8c":0,"8efb89a0":0,"05506012":0,"3045b825":0,"edd16660":0,"d1f35e88":0,"b8e3fde0":0,"3b39b62d":0,"feba1a4b":0,"984bdc91":0,"2ec1f2c5":0,"1f479a3b":0,"7dde7abc":0,"66035770":0,"5f2961fc":0,"e1586d4b":0,"469ed4a1":0,"791d2428":0,"018b1401":0,"db3acd68":0,"bb66ae33":0,"820b8c8b":0,"e4a945c3":0,"c58066d0":0,"d3156ead":0,"d2a964ed":0,"7fc86757":0,"fef9e6ff":0,"b675bb6e":0,"1a259806":0,"985fd14b":0,"8cd619e7":0,"dd512325":0,"d8b2bd65":0,"b6114173":0,"e7e766d1":0,"10cb916a":0,"c6c3f5d2":0,"83cc8986":0,"ff304bcb":0,"342d63f7":0,"f3fffb78":0,"322cf287":0,"7954473a":0,"d188eb26":0,"e4ee334a":0,"519f394d":0,"5826be9b":0,"26bc8657":0,"0027ecd9":0,"0cad15d3":0,"f9444a15":0,"19fc4a31":0,"5f164d08":0,"62894074":0,"25ad54a8":0,"b03d6c45":0,"4250b6c4":0,"4580ee2d":0,"2c9f7369":0,"b27f3778":0,"c0917d48":0,"d16de568":0,"467a474d":0,"688e4267":0,"76b741a3":0,"517b9e2d":0,"e4b0198b":0,"4c41b395":0,"b3480f7d":0,"00d44925":0,"2b230a2c":0,"4de341a5":0,"b6396dcf":0,"623b3a4d":0,"9b70ba4c":0,"85e1fda1":0,"e002e733":0,"db0b34c9":0,"e76286af":0,"4a29cbfd":0,"44523551":0,"8835fffe":0,"1ecd4357":0,"712731e7":0,"4bcc0d67":0,"6fc130f4":0,"80731a0c":0,"9033fb40":0,"cf63008b":0,"6f25f8df":0,"05e509bf":0,"61f99d13":0,"4df4da8c":0,"0425d46e":0,"1f2eb668":0,"80a87648":0,"022182e8":0,"a1bacc03":0,"18203ed2":0,"0273f739":0,"a24c4a1d":0,"04b0179c":0,"ed34940a":0,"b52992b7":0,"22583e4e":0,"2c56245f":0,"485fa634":0,"fd41dc1e":0,"e9cdfaf3":0,"db4f466b":0,"3a9fa3c1":0,"98f71a3a":0,"3a82a67f":0,"ca041bb0":0,"6bb1f249":0,"874885dc":0,"1fe7c4d9":0,"e922c729":0,"3d47008a":0,"7f52f17f":0,"6e99143d":0,"dae1c928":0,"1bbc363a":0,"06497d34":0,"d2eabc6d":0,"3dcee701":0,"2f2dc999":0,"a402e872":0,"61697b7d":0,"f26402ca":0,"7f914002":0,"66b4f11f":0,"6d0ae387":0,"d9c65074":0,"ece46c2a":0,"736d0945":0,"d16037fc":0,"d4708984":0,"351aec88":0,"2d4132e6":0,"2eab5942":0,"86ef6e6d":0,"772396be":0,"7cae2fa9":0,"e0c09bc6":0,"eb4b7240":0,"3dc9ef7d":0,"30406830":0,"a20fcc7a":0,"4c702a54":0,"9ac78632":0,"f5f320ea":0,"effd9b4a":0,"c0365702":0,"f769ebe1":0,"95b54742":0,"dee15ddf":0,"0fbc7cbf":0,"973ace5f":0,"1f4296e3":0,"fb7dfde4":0,"793ec200":0,"183f928c":0,"f93e2dad":0,"85ff6a00":0,"b62cc553":0,"086966d9":0,"0b79beb3":0,"b567155b":0,"0206bcbd":0,"4d11873b":0,"4d0d56fe":0,"0c743eb5":0,"75c2797b":0,"6c60d31d":0,"150cbc40":0,"88a5c950":0,"c973953b":0,"1793732b":0,"d0e4cb3d":0,"6bb74aff":0,"15b6b887":0,"57be617d":0,"3f5d422b":0,"603ed41c":0,"cb6ce5b7":0,"50db940e":0,"4926048b":0,"8622fd54":0,"70a54940":0,"cb478fdb":0,"9acc597d":0,"8090ebb7":0,"f3fca9a9":0,"737778cb":0,"41ac88fa":0,"efb0b043":0,"ff9d6c38":0,"a9f34b75":0,"27e9a604":0,"b51aaf71":0,"f069f607":0,"41a91126":0,"42af0721":0,"5f10ea54":0,"5f6871dd":0,"c3106499":0,"b548ca9f":0,"23662f71":0,"f9146f8a":0,"15a028dd":0,"80efb853":0,"fabd7348":0,"cb8de2d0":0,"29eccc18":0,"e2bc1fb2":0,"fe0fd828":0,"ac96808e":0,"ee7d1902":0,"5672417b":0,"cfd399bd":0,"998613aa":0,"51a64309":0,"ef4612c0":0,"a8b4c210":0,"ce52c7fd":0,"5337ddac":0,"9392e20d":0,"6ed9a108":0,"c4caf293":0,"f5d66566":0,"e6560340":0,"1741b2c2":0,"f88efda5":0,"f226a594":0,"cc3ef9b8":0,"91282ff0":0,"80951fc7":0,"ca88e0b3":0,"dbeb0247":0,"ce9a5101":0,"d8a5b2df":0,"5cdd3aaa":0,"859c99bc":0,"ae2b46e6":0,"849df86e":0,"000a349a":0,"0a78a69c":0,"b3f503a3":0,"c08504a8":0,"9e87b22d":0,"5c856ef3":0,"131a82ba":0,"1f9f7c87":0,"4197adf2":0,"dfa0d654":0,"a9713afe":0,"e4de5554":0,"9212898c":0,"89f70d0b":0,"b63772a7":0,"2ad3116b":0,"730f52ad":0,"dbeb03ec":0,"9d321e96":0,"43a5f0cb":0,"2cfcde51":0,"af35a0cf":0,"698ac2b9":0,"474a4f56":0,"f7ed860c":0,"1a6cda7e":0,"9a51308e":0,"31783b3d":0,"5254a6f4":0,"85c67cd6":0,"9acee43a":0,"8e2f68cc":0,"8eea5b4f":0,"718c05d6":0,"c873bc52":0,"104e2729":0,"79d29db4":0,"5c00c75d":0,"ae6c4299":0,"2718f702":0,"33a1d9db":0,"973f1aca":0,"7d55a2ab":0,"cdebfbca":0,"37a43584":0,"b082c137":0,"ee4f1db1":0,"d0e7e10f":0,"689e9b0d":0,"17e8fc1d":0,"d3b2520d":0,"b366cb68":0,"8e07c524":0,"5dd27acf":0,"bff3f00f":0,"615d73a6":0,"c7b6b6c9":0,"52dd3aa3":0,"593a10c8":0,"b8828d51":0,"06da1af3":0,"2d4d890e":0,"c66731ab":0,"51df821c":0,"841e8742":0,"f38183e0":0,"4645f0f4":0,"c75c5145":0,"4697f32c":0,"2575757f":0,"70644810":0,"88fd8fd0":0,"56011583":0,"89228b2a":0,"ee49189e":0,"413f37e6":0,"8d922528":0,"43d6e806":0,"63fe9b3a":0,"95569a84":0,"c8f66d30":0,"6054c5ef":0,"561df00a":0,"d3a76b17":0,"a49b1086":0,"1538773f":0,"c8810fda":0,"86b662e6":0,"b6efa351":0,"2f46b46a":0,"653a58d1":0,"b942276b":0,"049eb3f9":0,"bfa59717":0,"7c9d67f7":0,"a17a7c58":0,"89e60725":0,"691838f3":0,"4302d79d":0,"4fccf57f":0,"0a22170f":0,"303946d0":0,"986f18ee":0,"d44705ac":0,"5762846b":0,"e46776a5":0,"c0391b32":0,"a0563cf7":0,"bd601a58":0,"3084f171":0,"53b631de":0,"e8d5b56a":0,"381259a7":0,"302b3b10":0,"0bfd9e30":0,"a3b462f7":0,"4764f881":0,"37d921d3":0,"9a67fe64":0,"9d994157":0,"c7a7ba05":0,"be92880c":0,"dc24ea73":0,"ff74c694":0,"92f6a0b8":0,"918b79b6":0,"24153ec6":0,"6581fd93":0,"8c577495":0,"b2d92a3c":0,"73f46c80":0,"a8f2b5fb":0,"80a5e52f":0,"4e1116d5":0,"ee1a6a28":0,"43df71b4":0,"a2418f04":0,"6709d32f":0,"4406ac34":0,"f93ca868":0,"749242d6":0,"1bc8cf76":0,"30b903a5":0,"c1d5507c":0,"2601e3db":0,"5eea54c3":0,"5b781b67":0,"12e1f769":0,"7fe2feb3":0,"b26ca4f0":0,"42c85132":0,"5c704bb1":0,"2225d793":0,"231a9292":0,"8e4b60b7":0,"2e83d174":0,"1d596ad0":0,"2ebf29ca":0,"c904877b":0,"1da434f6":0,"b9cffbed":0,"014ca23e":0,"ae8fe452":0,"bba0f3fe":0,"99f95d59":0,"b670b901":0,"baaaae25":0,"ab910141":0,"2e932ba6":0,"1308c0cd":0,"03db995a":0,"c6a5fed2":0,"3291c6d6":0,"489e6da0":0,"b2490a6d":0,"b78fae94":0,"014a0f86":0,"d199b62d":0,"35429635":0,"4418690d":0,"150fa822":0,"df71a471":0,"146cdf0b":0,"637b0586":0,"970b6bfd":0,"70d49c17":0,"95137021":0,"4e59dee5":0,"a83d3b4b":0,"133c9c92":0,"f1c512df":0,"4ecac3e2":0,"2589ab8e":0,"cfeb7452":0,"0f196361":0,"a6f70cd0":0,"959c5777":0,"e2f5e30e":0,"a4d9200c":0,"8276e72b":0,"bfaed67e":0,"08a46cbc":0,"f63d627f":0,"9403c16d":0,"866960c5":0,"b3592b7d":0,"1f140d10":0,"63d61798":0,"3c7f5460":0,"4c55b1c1":0,"6b20e721":0,"e67b5a4b":0,"c6927d62":0,"b4bfc7e0":0,"8981bd85":0,"8c0fc9dc":0,"77b32290":0,"c96db6ba":0,"95d62766":0,"4e0c23bf":0,"e8994477":0,"b7efc06b":0,"6b774d02":0,"ce72f966":0,"f6311f60":0,"37678549":0,"e0c55ef2":0,"758c2ff3":0,"ebf6bc15":0,"f0be508a":0,"47daa4be":0,"dc7af934":0,"8bb949e9":0,"8382492b":0,"d0f05f76":0,"d39d9171":0,"be8d1aa5":0,"fb69ce73":0,"9b7401c5":0,"b5010ed2":0,"a7352fd6":0,"0c938950":0,"6303f456":0,"3a3883a6":0,"ceab42cc":0,"7e375889":0,"5198e3c0":0,"3f9f2bd6":0,"2506cced":0,"30b65b58":0,"1451852a":0,"0bb74c35":0,"c0c0b43a":0,"eb9d00be":0,"82fb764b":0,"685ea9af":0,"d4a09cbb":0,"974d4186":0,"340c84d8":0,"0cc3fd00":0,"c7e40358":0,"a74bfa3b":0,"1de7b6d1":0,"fffebb51":0,"d4c03491":0,"4c6bc6be":0,"2837ca8a":0,"19b937b1":0,"07e37278":0,"0c57e3dc":0,"b883075d":0,"db159eee":0,"6dcb52dd":0,"134c6dc8":0,"76d2efd2":0,"5ed0ac54":0,"5dabbe36":0,"4f0a84e0":0,"51647d8d":0,"e83d267a":0,"b796c24d":0,"06faf029":0,"3f2f3901":0,"4177d1da":0,"55189f5b":0,"cbd8f012":0,"b04bd383":0,"5ddc736f":0,"0d671718":0,"2a3a2176":0,"e61aa41b":0,"605aa6ea":0,"c410d34a":0,"d6c599d3":0,"4aee5c8b":0,"4dcc5255":0,"32f95979":0,"90dab6db":0,"99690c06":0,"d7cf846e":0,"cc1340c2":0,"958ec82a":0,"5854835c":0,"73497642":0,"66217943":0,"3f0f628b":0,"239c0110":0,"d1f07d48":0,"f0bdfac4":0,"2d6c4528":0,"5420f826":0,"0551f389":0,"8d0fefd5":0,"79fd8cec":0,"049b1f5c":0,"a62a0236":0
1600687872797,"90664bf5":1,"9fa837af":1,"a4505d8b":1,"7395e377":1,"32c3cda5":1,"be7cb044":1,"8047b8fa":1,"95e7135d":1,"ea62fc97":1,"decdce80":1,"63cf56fd":1,"28eb052f":1,"10f4acf1":1,"7c455f27":1,"5658973c":1,"239d1f0d":1,"35c510c1":1,"8efb89a0":1,"dd89ea13":1,"5c856ef3":1,"1f9f7c87":1,"131a82ba":1,"4197adf2":1,"a9713afe":1,"dfa0d654":1,"9212898c":1,"e4de5554":1,"730f52ad":1,"89f70d0b":1,"2ad3116b":1,"aabfef45":1,"3be5e502":1,"458bf30d":1,"ec46c8a1":1,"43a5f0cb":1,"b63772a7":1,"dbeb03ec":1,"698ac2b9":1,"af35a0cf":1,"9d321e96":1,"2cfcde51":1,"f7ed860c":1,"474a4f56":1,"31783b3d":1,"9acee43a":1,"9a51308e":1,"1a6cda7e":1,"718c05d6":1,"5254a6f4":1,"634056a9":1,"92b7c88a":1,"9ad8c4a7":1,"dca47ee4":1,"b8d7d9b0":1,"a666c9d3":1,"11e5f120":1,"269f9fce":1,"a9f982f2":1,"4698ab03":1,"d4f8d995":1,"c66d9aa2":1,"925d7ed7":1,"262900fe":1,"054f8202":1,"015282aa":1,"8ea25c78":1,"d96bcde5":1,"a7eade8a":1,"85c67cd6":1,"8eea5b4f":1,"5c00c75d":1,"8e2f68cc":1,"d9c65074":1,"353474eb":1,"a2fdaccc":1,"736d0945":1,"bdeea548":1,"351aec88":1,"f11d9094":1,"d79b9f70":1,"86ef6e6d":1,"01364546":1,"e89aaa2c":1,"772396be":1,"3ff449d3":1,"05506012":1,"74a6abed":1,"30406830":1,"390dca8c":1,"9ac78632":1,"6d0ae387":1,"95b54742":1,"0fbc7cbf":1,"66b4f11f":1,"d16037fc":1,"d4708984":1,"fb7dfde4":1,"ece46c2a":1,"88fd8fd0":1,"2d4132e6":1,"2eab5942":1,"ee49189e":1,"e0c09bc6":1,"7cae2fa9":1,"104e2729":1,"2718f702":1,"7d55a2ab":1,"c873bc52":1,"ae6c4299":1,"986f18ee":1,"79d29db4":1,"33a1d9db":1,"303946d0":1,"973f1aca":1,"5762846b":1,"d44705ac":1,"bd601a58":1,"0a22170f":1,"e8d5b56a":1,"165e7fbe":1,"a02be0c2":1,"47095342":1,"1d19243a":1,"1d0c6182":1,"ff681528":1,"17419549":1,"658ddcd8":1,"023c9564":1,"93bbc2cb":1,"34f9e98e":1,"b1ac1b35":1,"b3269dd3":1,"1af01b0b":1,"9e178131":1,"532db6f8":1,"381259a7":1,"c0391b32":1,"e46776a5":1,"a3b462f7":1,"a0563cf7":1,"3084f171":1,"e91c99bd":1,"083500e9":1,"d8d7bba2":1,"f68e0253":1,"a3170832":1,"9d994157":1,"53b631de":1,"302b3b10":1,"92f6a0b8":1,"0bfd9e30":1,"f822b555":1,"fed26b87":1,"25d6e90d":1,"4e594339":1,"aa4c3c17":1,"39940ff6":1,"0af78ed6":1,"66887ebd":1,"e2bc1fb2":1,"88a1d11c":1,"8f053f61":1,"ee7d1902":1,"58cb13a3":1,"ac96808e":1,"998613aa":1,"78715fb7":1,"fe0fd828":1,"cfd399bd":1,"5337ddac":1,"9392e20d":1,"5672417b":1,"ef4612c0":1,"4764f881":1,"8d922528":1,"3dc9ef7d":1,"eb4b7240":1,"4c702a54":1,"a20fcc7a":1,"c8f66d30":1,"f5f320ea":1,"effd9b4a":1,"6054c5ef":1,"f769ebe1":1,"1538773f":1,"c0365702":1,"dee15ddf":1,"b6efa351":1,"973ace5f":1,"793ec200":1,"2f46b46a":1,"89228b2a":1,"1f4296e3":1,"bfa59717":1,"43d6e806":1,"70644810":1,"89e60725":1,"56011583":1,"95569a84":1,"b082c137":1,"d3a76b17":1,"689e9b0d":1,"86b662e6":1,"413f37e6":1,"63fe9b3a":1,"17e8fc1d":1,"653a58d1":1,"6581fd93":1,"37d921d3":1,"2ebf29ca":1,"c7a7ba05":1,"1da434f6":1,"be92880c":1,"014ca23e":1,"9a67fe64":1,"dc24ea73":1,"b670b901":1,"24153ec6":1,"ff74c694":1,"ab910141":1,"918b79b6":1,"8c577495":1,"03db995a":1,"b2d92a3c":1,"5dd27acf":1,"561df00a":1,"049eb3f9":1,"615d73a6":1,"a17a7c58":1,"a49b1086":1,"c8810fda":1,"593a10c8":1,"4302d79d":1,"c66731ab":1,"4645f0f4":1,"4fccf57f":1,"37a43584":1,"4697f32c":1,"d0e7e10f":1,"b7efc06b":1,"b942276b":1,"7c9d67f7":1,"d3b2520d":1,"bff3f00f":1,"691838f3":1,"f6311f60":1,"cdebfbca":1,"b8828d51":1,"489e6da0":1,"c904877b":1,"1d596ad0":1,"a3145ac5":1,"8c5ecb91":1,"d7339d3a":1,"8652100a":1,"63dc8095":1,"9a57d286":1,"dc62edb8":1,"fa7887a0":1,"529eb964":1,"44e6686b":1,"c8e58b5e":1,"15a95307":1,"8b784d6b":1,"18c1cfde":1,"683543e6":1,"fe0e83f1":1,"f083023c":1,"1ccbec0a":1,"7d91d890":1,"ece1a872":1,"35deb35c":1,"3131340a":1,"3941c6f6":1,"7e7d8d2c":1,"f27716f7":1,"0196381d":1,"33992091":1,"bb8f154e":1,"fd794dfa":1,"0a52b0e5":1,"15475d2b":1,"334fa81b":1,"185e43d8":1,"251f73ac":1,"62459b50":1,"a236d67f":1,"dba93b8c":1,"93d9b45a":1,"b2490a6d":1,"b9cffbed":1,"bba0f3fe":1,"35429635":1,"ae8fe452":1,"99f95d59":1,"df71a471":1,"baaaae25":1,"637b0586":1,"1308c0cd":1,"07e37278":1,"2e932ba6":1,"3291c6d6":1,"db159eee":1,"c6a5fed2":1,"b78fae94":1,"76d2efd2":1,"014a0f86":1,"d199b62d":1,"150fa822":1,"5dabbe36":1,"4418690d":1,"e83d267a":1,"970b6bfd":1,"ebf6bc15":1,"2d4d890e":1,"841e8742":1,"8bb949e9":1,"ee4f1db1":1,"b366cb68":1,"d0f05f76":1,"2575757f":1,"8e07c524":1,"ce72f966":1,"e0c55ef2":1,"c7b6b6c9":1,"9b7401c5":1,"6303f456":1,"f0be508a":1,"52dd3aa3":1,"7e375889":1,"3f9f2bd6":1,"06da1af3":1,"dc7af934":1,"51df821c":1,"30b65b58":1,"d39d9171":1,"146cdf0b":1,"8831237c":1,"fb579561":1,"e85a759a":1,"43e56aca":1,"f6400d26":1,"b4f1570a":1,"6bd3e446":1,"c1fec201":1,"ee0c692c":1,"68a4df6d":1,"3982ed62":1,"1797522a":1,"ab27f091":1,"b8e3fde0":1,"3921db66":1,"1a8afede":1,"98e4066c":1,"6f2bd7c5":1,"feba1a4b":1,"fbdad369":1,"66035770":1,"6f9e2304":1,"ba8072db":1,"ae7ca451":1,"e1586d4b":1,"4177d1da":1,"19b937b1":1,"70d49c17":1,"2837ca8a":1,"cbd8f012":1,"0c57e3dc":1,"b883075d":1,"6dcb52dd":1,"0d671718":1,"134c6dc8":1,"2a3a2176":1,"5ed0ac54":1,"4f0a84e0":1,"4aee5c8b":1,"b796c24d":1,"51647d8d":1,"32f95979":1,"7f4d9622":1,"9261c80a":1,"2b076a6f":1,"1dea91e2":1,"ed5ea4dd":1,"9c69b1c6":1,"f0409d6c":1,"dfeb31e4":1,"cc70e7e8":1,"40e6f89b":1,"f3c01069":1,"481d7bb7":1,"8bd45257":1,"f2c6ef0c":1,"e70c5d25":1,"152de7d6":1,"ea54f723":1,"b96905a8":1,"86d3c947":1,"ede40f9f":1,"1e97a318":1,"f5ac8886":1,"2d0bca48":1,"c729b2a0":1,"0ebb0717":1,"ea3e2899":1,"b4a37b4d":1,"da21e618":1,"157aadd0":1,"5c66e6ad":1,"06faf029":1,"99690c06":1,"3f2f3901":1,"55189f5b":1,"5ddc736f":1,"958ec82a":1,"ee60b582":1,"dca1741f":1,"eed76a9c":1,"e9530de8":1,"3757a663":1,"b675bb6e":1,"dd512325":1,"4355322e":1,"ccfa8221":1,"19b1d9ba":1,"e7e766d1":1,"067c00fb":1,"f5d638c2":1,"7fc86757":1,"c6c3f5d2":1,"8de20b2b":1,"f3fffb78":1,"985fd14b":1,"fef9e6ff":1,"1a259806":1,"d188eb26":1,"8cd619e7":1,"519f394d":1,"b6114173":1,"d8b2bd65":1,"5854835c":1,"b04bd383":1,"605aa6ea":1,"3f0f628b":1,"c410d34a":1,"e61aa41b":1
1600687875390,"fb69ce73":1,"f38183e0":1,"a7352fd6":1,"c75c5145":1,"6b774d02":1,"3a3883a6":1,"5198e3c0":1,"37678549":1,"41ac88fa":1,"a9f34b75":1,"70a54940":1,"737778cb":1,"b51aaf71":1,"efb0b043":1,"ff9d6c38":1,"5f6871dd":1,"f069f607":1,"27e9a604":1,"41a91126":1,"42af0721":1,"c3106499":1,"5f10ea54":1,"23662f71":1,"15a028dd":1,"fabd7348":1,"f9146f8a":1,"b548ca9f":1,"ce52c7fd":1,"c4caf293":1,"51a64309":1,"6ed9a108":1,"e6560340":1,"a8b4c210":1,"f5d66566":1,"f88efda5":1,"f226a594":1,"80951fc7":1,"91282ff0":1,"1741b2c2":1,"dbeb0247":1,"cc3ef9b8":1,"5cdd3aaa":1,"ce9a5101":1,"ca88e0b3":1,"ae2b46e6":1,"859c99bc":1,"d8a5b2df":1,"000a349a":1,"c08504a8":1,"9e87b22d":1,"849df86e":1,"0a78a69c":1,"cb478fdb":1,"9acc597d":1,"b3f503a3":1,"8090ebb7":1,"f3fca9a9":1,"d6c599d3":1,"72fafdfa":1,"da76f5ef":1,"db3acd68":1,"e4a945c3":1,"4e7948d7":1,"c82b4f93":1,"3045b825":1,"d1f35e88":1,"edd16660":1,"d2a964ed":1,"0027ecd9":1,"3b39b62d":1,"984bdc91":1,"19fc4a31":1,"2ec1f2c5":1,"7dde7abc":1,"1f479a3b":1,"469ed4a1":1,"2c9f7369":1,"5f2961fc":1,"467a474d":1,"791d2428":1,"e4b0198b":1,"018b1401":1,"bb66ae33":1,"820b8c8b":1,"00d44925":1,"0cad15d3":1,"c58066d0":1,"d3156ead":1,"4de341a5":1,"5f164d08":1,"62894074":1,"4dcc5255":1,"90dab6db":1,"d7cf846e":1,"cc1340c2":1,"4a29cbfd":1,"83cc8986":1,"10cb916a":1,"322cf287":1,"e4ee334a":1,"1ecd4357":1,"ff304bcb":1,"342d63f7":1,"4bcc0d67":1,"44523551":1,"7954473a":1,"6f25f8df":1,"8835fffe":1,"5826be9b":1,"4df4da8c":1,"80731a0c":1,"1f2eb668":1,"cf63008b":1,"db0b34c9":1,"022182e8":1,"05e509bf":1,"e76286af":1,"04b0179c":1,"0425d46e":1,"73497642":1,"66217943":1,"239c0110":1,"d1f07d48":1,"f0bdfac4":1,"2d6c4528":1,"8d0fefd5":1,"5420f826":1,"049b1f5c":1,"0551f389":1,"79fd8cec":1,"a62a0236":1,"758c2ff3":1,"47daa4be":1,"8382492b":1,"be8d1aa5":1,"2506cced":1,"b5010ed2":1,"0c938950":1,"ceab42cc":1,"1451852a":1,"0bb74c35":1,"c0c0b43a":1,"eb9d00be":1,"82fb764b":1,"9b70ba4c":1,"26bc8657":1,"b03d6c45":1,"f9444a15":1,"4580ee2d":1,"ed34940a":1,"22583e4e":1,"25ad54a8":1,"c0917d48":1,"d16de568":1,"4250b6c4":1,"db4f466b":1,"517b9e2d":1,"3a82a67f":1,"b27f3778":1,"6bb1f249":1,"2b230a2c":1,"688e4267":1,"874885dc":1,"623b3a4d":1,"6e99143d":1,"e002e733":1,"76b741a3":1,"485fa634":1,"06497d34":1,"4c41b395":1,"d2eabc6d":1,"fd41dc1e":1,"b3480f7d":1,"3a9fa3c1":1,"2f2dc999":1,"b6396dcf":1,"85e1fda1":1,"ca041bb0":1,"61697b7d":1,"b52992b7":1,"f26402ca":1,"e922c729":1,"3d47008a":1,"2c56245f":1,"7f914002":1,"1bbc363a":1,"e9cdfaf3":1,"3dcee701":1,"98f71a3a":1,"a402e872":1,"1fe7c4d9":1,"7f52f17f":1,"dae1c928":1,"4d0d56fe":1,"6c60d31d":1,"8622fd54":1,"1793732b":1,"d0e4cb3d":1,"57be617d":1,"b62cc553":1,"712731e7":1,"18203ed2":1,"0b79beb3":1,"6fc130f4":1,"0273f739":1,"183f928c":1,"4d11873b":1,"9033fb40":1,"086966d9":1,"150cbc40":1,"61f99d13":1,"88a5c950":1,"0206bcbd":1,"80a87648":1,"0c743eb5":1,"15b6b887":1,"a1bacc03":1,"3f5d422b":1,"75c2797b":1,"a24c4a1d":1,"603ed41c":1,"c973953b":1,"f93e2dad":1,"cb6ce5b7":1,"6bb74aff":1,"85ff6a00":1,"50db940e":1,"4926048b":1,"b567155b":1,"c7e40358":1,"0cc3fd00":1,"1de7b6d1":1,"a74bfa3b":1,"77b32290":1,"d4c03491":1,"fffebb51":1,"95d62766":1,"4c6bc6be":1,"d4a09cbb":1,"340c84d8":1,"f1c512df":1,"cfeb7452":1,"133c9c92":1,"0f196361":1,"e2f5e30e":1,"2589ab8e":1,"a6f70cd0":1,"a4d9200c":1,"bfaed67e":1,"866960c5":1,"9403c16d":1,"959c5777":1,"63d61798":1,"b3592b7d":1,"8276e72b":1,"4c55b1c1":1,"08a46cbc":1,"3c7f5460":1,"e67b5a4b":1,"c6927d62":1,"f63d627f":1,"8981bd85":1,"c96db6ba":1,"8c0fc9dc":1,"1f140d10":1,"4e0c23bf":1,"e8994477":1,"6b20e721":1,"b4bfc7e0":1,"974d4186":1,"685ea9af":1,"29eccc18":1,"cb8de2d0":1,"80efb853":1,"4e1116d5":1,"73f46c80":1,"a8f2b5fb":1,"80a5e52f":1,"a2418f04":1,"ee1a6a28":1,"43df71b4":1,"749242d6":1,"f93ca868":1,"6709d32f":1,"c1d5507c":1,"4406ac34":1,"30b903a5":1,"1bc8cf76":1,"12e1f769":1,"2601e3db":1,"5b781b67":1,"5eea54c3":1,"42c85132":1,"7fe2feb3":1,"b26ca4f0":1,"231a9292":1,"2225d793":1,"5c704bb1":1,"8e4b60b7":1,"4e59dee5":1,"2e83d174":1,"a83d3b4b":1,"95137021":1,"4ecac3e2":1
1600687878062,"92b7c88a":2,"634056a9":2,"b8d7d9b0":2,"9ad8c4a7":2,"dca47ee4":2,"11e5f120":2,"a666c9d3":2,"269f9fce":2,"d4f8d995":2,"a9f982f2":2,"4698ab03":2,"262900fe":2,"925d7ed7":2,"c66d9aa2":2,"a7eade8a":2,"015282aa":2,"054f8202":2,"47095342":2,"d96bcde5":2,"8ea25c78":2,"ff681528":2,"a02be0c2":2,"165e7fbe":2,"023c9564":2,"e91c99bd":2,"d8d7bba2":2,"083500e9":2,"a3170832":2,"f68e0253":2,"a3145ac5":2,"8c5ecb91":2,"8652100a":2,"9a57d286":2,"dc62edb8":2,"fa7887a0":2,"44e6686b":2,"c8e58b5e":2,"8b784d6b":2,"d7339d3a":2,"18c1cfde":2,"1d19243a":2,"1d0c6182":2,"b3269dd3":2,"17419549":2,"658ddcd8":2,"34f9e98e":2,"532db6f8":2,"93bbc2cb":2,"b1ac1b35":2,"9e178131":2,"1af01b0b":2,"9261c80a":2,"7f4d9622":2,"1dea91e2":2,"ed5ea4dd":2,"2b076a6f":2,"dfeb31e4":2,"9c69b1c6":2,"f0409d6c":2,"40e6f89b":2,"f3c01069":2,"cc70e7e8":2,"481d7bb7":2,"8bd45257":2,"f2c6ef0c":2,"1ccbec0a":2,"aabfef45":2,"3be5e502":2,"458bf30d":2,"ec46c8a1":2,"25d6e90d":2,"f822b555":2,"4e594339":2,"0af78ed6":2,"39940ff6":2,"fed26b87":2,"88a1d11c":2,"aa4c3c17":2,"e2bc1fb2":2,"683543e6":2,"63dc8095":2,"35deb35c":2,"529eb964":2,"f083023c":2,"f27716f7":2,"15a95307":2,"ece1a872":2,"bb8f154e":2,"fe0e83f1":2,"7e7d8d2c":2,"7d91d890":2,"334fa81b":2,"0196381d":2,"fd794dfa":2,"3131340a":2,"62459b50":2,"15475d2b":2,"3941c6f6":2,"a236d67f":2,"33992091":2,"251f73ac":2,"fb579561":2,"90664bf5":2,"9fa837af":2,"a4505d8b":2,"95e7135d":2,"7395e377":2,"decdce80":2,"63cf56fd":2,"32c3cda5":2,"10f4acf1":2,"8047b8fa":2,"5658973c":2,"ea62fc97":2,"0a52b0e5":2,"dba93b8c":2,"185e43d8":2,"f6400d26":2,"e85a759a":2,"43e56aca":2,"93d9b45a":2,"ee0c692c":2,"ab27f091":2,"ea54f723":2,"152de7d6":2,"ede40f9f":2,"e70c5d25":2,"b96905a8":2,"2d0bca48":2,"86d3c947":2,"b4a37b4d":2,"f5ac8886":2,"1e97a318":2,"c729b2a0":2,"da21e618":2,"0ebb0717":2,"ea3e2899":2,"eed76a9c":2,"157aadd0":2,"dca1741f":2,"5c66e6ad":2,"b675bb6e":2,"e9530de8":2,"dd512325":2,"ee60b582":2,"ccfa8221":2,"3757a663":2,"e7e766d1":2,"067c00fb":2,"be7cb044":2,"dd89ea13":2,"8831237c":2,"6bd3e446":2,"c1fec201":2,"b4f1570a":2,"3921db66":2,"68a4df6d":2,"6f2bd7c5":2,"3982ed62":2,"b8e3fde0":2,"6f9e2304":2,"1797522a":2,"feba1a4b":2,"ae7ca451":2,"1a8afede":2,"66035770":2,"72fafdfa":2,"e1586d4b":2,"98e4066c":2,"c82b4f93":2,"db3acd68":2,"fbdad369":2,"d1f35e88":2,"ba8072db":2,"e4a945c3":2,"da76f5ef":2,"d2a964ed":2,"984bdc91":2,"4e7948d7":2,"0027ecd9":2,"7dde7abc":2,"3045b825":2,"19fc4a31":2,"469ed4a1":2,"edd16660":2,"2c9f7369":2,"018b1401":2,"820b8c8b":2,"4355322e":2,"8de20b2b":2,"c6c3f5d2":2,"fef9e6ff":2,"19b1d9ba":2,"f3fffb78":2,"1a259806":2,"d8b2bd65":2,"d188eb26":2,"f5d638c2":2,"10cb916a":2,"7fc86757":2,"519f394d":2,"ff304bcb":2,"985fd14b":2,"8cd619e7":2,"b6114173":2,"4a29cbfd":2,"342d63f7":2,"83cc8986":2,"7954473a":2,"322cf287":2,"1ecd4357":2,"5826be9b":2,"e4ee334a":2,"4bcc0d67":2,"db0b34c9":2,"44523551":2,"6f25f8df":2,"e76286af":2,"8835fffe":2,"0cad15d3":2,"467a474d":2,"3b39b62d":2,"5c856ef3":2,"131a82ba":2,"4197adf2":2,"9212898c":2,"dfa0d654":2,"89f70d0b":2,"1f9f7c87":2,"730f52ad":2,"b63772a7":2,"43a5f0cb":2,"a9713afe":2,"9d321e96":2,"af35a0cf":2,"e4de5554":2,"f7ed860c":2,"2cfcde51":2,"2ad3116b":2,"dbeb03ec":2,"1a6cda7e":2,"31783b3d":2,"698ac2b9":2,"85c67cd6":2,"9acee43a":2,"8e2f68cc":2,"474a4f56":2,"718c05d6":2,"c873bc52":2,"9a51308e":2,"5c00c75d":2,"79d29db4":2,"5254a6f4":2,"5f164d08":2,"2ec1f2c5":2,"e4b0198b":2,"62894074":2,"1f479a3b":2,"00d44925":2,"b03d6c45":2,"5f2961fc":2,"4de341a5":2,"4580ee2d":2,"9b70ba4c":2,"791d2428":2,"ed34940a":2,"bb66ae33":2,"c0917d48":2,"22583e4e":2,"80731a0c":2,"4df4da8c":2,"1f2eb668":2,"712731e7":2,"cf63008b":2,"022182e8":2,"05e509bf":2,"6fc130f4":2,"04b0179c":2,"0425d46e":2,"9033fb40":2,"b62cc553":2,"18203ed2":2,"0b79beb3":2,"4d11873b":2,"61f99d13":2,"0273f739":2,"80a87648":2,"150cbc40":2,"a1bacc03":2,"183f928c":2,"88a5c950":2,"a24c4a1d":2,"086966d9":2,"15b6b887":2,"c58066d0":2,"d16de568":2,"d3156ead":2,"db4f466b":2,"26bc8657":2,"517b9e2d":2,"f9444a15":2,"3a82a67f":2,"6bb1f249":2,"25ad54a8":2,"2b230a2c":2,"4250b6c4":2,"2718f702":2,"973f1aca":2,"8eea5b4f":2,"0a22170f":2,"7d55a2ab":2,"104e2729":2,"e46776a5":2,"a0563cf7":2,"986f18ee":2,"ae6c4299":2,"53b631de":2,"33a1d9db":2,"5762846b":2,"0bfd9e30":2,"303946d0":2,"bd601a58":2,"d44705ac":2,"e8d5b56a":2,"37d921d3":2,"c0391b32":2,"381259a7":2,"c7a7ba05":2,"be92880c":2,"a3b462f7":2,"3084f171":2,"874885dc":2,"623b3a4d":2,"b27f3778":2,"688e4267":2,"e002e733":2,"6e99143d":2,"76b741a3":2,"4c41b395":2,"58cb13a3":2,"66887ebd":2,"ee7d1902":2,"998613aa":2,"78715fb7":2,"8f053f61":2,"5337ddac":2,"ac96808e":2,"fe0fd828":2,"cfd399bd":2,"9392e20d":2,"5672417b":2,"ef4612c0":2,"c4caf293":2,"ce52c7fd":2,"51a64309":2,"a8b4c210":2,"485fa634":2,"06497d34":2,"b3480f7d":2,"b6396dcf":2,"fd41dc1e":2,"85e1fda1":2,"d2eabc6d":2,"3a9fa3c1":2,"2f2dc999":2,"b52992b7":2,"0206bcbd":2,"f93e2dad":2,"3f5d422b":2,"85ff6a00":2,"0c743eb5":2,"603ed41c":2,"b567155b":2,"cb6ce5b7":2,"4d0d56fe":2,"75c2797b":2,"50db940e":2,"c973953b":2,"6c60d31d":2,"6bb74aff":2,"1793732b":2,"4926048b":2,"d0e4cb3d":2,"8622fd54":2,"57be617d":2,"2c56245f":2,"ca041bb0":2,"61697b7d":2,"e9cdfaf3":2,"e922c729":2,"f26402ca":2,"35c510c1":2,"28eb052f":2,"7c455f27":2,"a2fdaccc":2,"239d1f0d":2,"f11d9094":2,"353474eb":2,"e89aaa2c":2,"8efb89a0":2,"bdeea548":2,"d9c65074":2,"74a6abed":2,"d79b9f70":2,"390dca8c":2,"736d0945":2,"01364546":2,"351aec88":2,"6d0ae387":2,"3ff449d3":2,"d16037fc":2,"86ef6e6d":2,"7f914002":2,"98f71a3a":2,"3d47008a":2,"302b3b10":2,"9d994157":2,"dc24ea73":2,"4764f881":2,"24153ec6":2,"9a67fe64":2,"92f6a0b8":2,"6581fd93":2,"ff74c694":2,"8c577495":2,"c904877b":2,"918b79b6":2,"2ebf29ca":2,"1da434f6":2,"014ca23e":2,"b9cffbed":2,"b670b901":2,"b2d92a3c":2,"ae8fe452":2,"ab910141":2,"1d596ad0":2,"baaaae25":2,"bba0f3fe":2,"2e932ba6":2,"03db995a":2,"99f95d59":2,"1bbc363a":2,"1fe7c4d9":2,"3dcee701":2,"7f52f17f":2,"a402e872":2,"dae1c928":2,"6ed9a108":2,"f88efda5":2,"e6560340":2,"f5d66566":2,"80951fc7":2,"f226a594":2,"dbeb0247":2,"91282ff0":2,"1741b2c2":2,"cc3ef9b8":2,"ce9a5101":2,"5cdd3aaa":2,"ca88e0b3":2,"ae2b46e6":2,"d8a5b2df":2,"859c99bc":2,"849df86e":2,"c08504a8":2,"000a349a":2,"cb478fdb":2,"8090ebb7":2,"0a78a69c":2,"9e87b22d":2,"9acc597d":2,"f3fca9a9":2,"41ac88fa":2,"a9f34b75":2,"b3f503a3":2,"ff9d6c38":2,"b51aaf71":2,"d4708984":2,"05506012":2,"772396be":2,"66b4f11f":2,"2eab5942":2,"30406830":2,"ece46c2a":2,"9ac78632":2,"7cae2fa9":2,"3dc9ef7d":2,"95b54742":2,"2d4132e6":2,"0fbc7cbf":2,"fb7dfde4":2,"4c702a54":2,"e0c09bc6":2,"88fd8fd0":2,"eb4b7240":2,"effd9b4a":2,"a20fcc7a":2,"c0365702":2,"ee49189e":2,"8d922528":2,"dee15ddf":2,"f5f320ea":2,"793ec200":2,"c8f66d30":2,"89228b2a":2,"6054c5ef":2,"f769ebe1":2,"43d6e806":2,"1538773f":2,"95569a84":2,"973ace5f":2,"b6efa351":2,"d3a76b17":2,"489e6da0":2,"c6a5fed2":2,"1308c0cd":2,"b2490a6d":2,"b78fae94":2,"3291c6d6":2,"014a0f86":2,"4418690d":2,"35429635":2,"df71a471":2,"d199b62d":2,"146cdf0b":2,"70d49c17":2,"150fa822":2,"637b0586":2,"2837ca8a":2,"0c57e3dc":2,"970b6bfd":2,"07e37278":2,"19b937b1":2,"134c6dc8":2,"db159eee":2,"b883075d":2,"4f0a84e0":2,"76d2efd2":2,"6dcb52dd":2,"51647d8d":2,"5ed0ac54":2,"5dabbe36":2,"b796c24d":2,"06faf029":2,"e83d267a":2,"3f2f3901":2,"55189f5b":2,"4177d1da":2,"5ddc736f":2,"b04bd383":2,"605aa6ea":2,"e61aa41b":2,"cbd8f012":2,"c410d34a":2,"d6c599d3":2,"0d671718":2,"4dcc5255":2,"2a3a2176":2,"90dab6db":2,"d7cf846e":2,"4aee5c8b":2,"cc1340c2":2,"32f95979":2,"73497642":2,"66217943":2,"99690c06":2,"239c0110":2,"d1f07d48":2,"958ec82a":2,"2d6c4528":2,"f0bdfac4":2,"5854835c":2,"5420f826":2,"3f0f628b":2,"8d0fefd5":2,"0551f389":2,"049b1f5c":2,"79fd8cec":2,"a62a0236":2,"b3592b7d":2,"f63d627f":2,"c96db6ba":2,"3c7f5460":2,"1f140d10":2,"e8994477":2,"c6927d62":2,"6b20e721":2,"974d4186":2,"b4bfc7e0":2,"8c0fc9dc":2,"0cc3fd00":2,"77b32290":2,"4e0c23bf":2,"685ea9af":2,"1de7b6d1":2,"95d62766":2,"d4c03491":2,"d4a09cbb":2,"c7e40358":2,"340c84d8":2,"a74bfa3b":2,"fffebb51":2,"4c6bc6be":2,"27e9a604":2,"70a54940":2,"41a91126":2,"5f6871dd":2,"737778cb":2,"c3106499":2,"efb0b043":2,"f069f607":2,"15a028dd":2,"5f10ea54":2,"42af0721":2,"b548ca9f":2,"fabd7348":2,"23662f71":2,"80efb853":2,"29eccc18":2,"4e1116d5":2,"f9146f8a":2,"a8f2b5fb":2,"80a5e52f":2,"a2418f04":2,"cb8de2d0":2,"f93ca868":2,"73f46c80":2,"43df71b4":2,"c1d5507c":2,"749242d6":2,"ee1a6a28":2,"12e1f769":2,"30b903a5":2,"6709d32f":2,"42c85132":2,"2601e3db":2,"231a9292":2,"4406ac34":2,"4e59dee5":2,"5b781b67":2,"1bc8cf76":2,"b26ca4f0":2,"4ecac3e2":2,"5eea54c3":2,"cfeb7452":2,"7fe2feb3":2,"5c704bb1":2,"a6f70cd0":2,"2e83d174":2,"2225d793":2,"95137021":2,"a4d9200c":2,"8e4b60b7":2,"133c9c92":2,"866960c5":2,"a83d3b4b":2,"2589ab8e":2,"f1c512df":2,"0f196361":2,"63d61798":2,"959c5777":2,"4c55b1c1":2,"e2f5e30e":2,"8276e72b":2,"bfaed67e":2,"e67b5a4b":2,"8981bd85":2,"9403c16d":2,"08a46cbc":2,"3f9f2bd6":2,"758c2ff3":2,"30b65b58":2,"47daa4be":2,"8382492b":2,"be8d1aa5":2,"b5010ed2":2,"0c938950":2,"ceab42cc":2,"1451852a":2,"0bb74c35":2,"c0c0b43a":2,"eb9d00be":2,"82fb764b":2,"b366cb68":2,"ce72f966":2,"ebf6bc15":2,"8e07c524":2,"e0c55ef2":2,"8bb949e9":2,"c7b6b6c9":2,"d0f05f76":2,"52dd3aa3":2,"f0be508a":2,"9b7401c5":2,"6303f456":2,"dc7af934":2,"06da1af3":2,"7e375889":2,"d39d9171":2,"51df821c":2,"fb69ce73":2,"a7352fd6":2,"f38183e0":2,"3a3883a6":2,"c75c5145":2,"5198e3c0":2,"6b774d02":2,"2506cced":2,"37678549":2,"2f46b46a":2,"1f4296e3":2,"86b662e6":2,"70644810":2,"bfa59717":2,"653a58d1":2,"56011583":2,"89e60725":2,"049eb3f9":2,"413f37e6":2,"b082c137":2,"a17a7c58":2,"63fe9b3a":2,"561df00a":2,"4302d79d":2,"689e9b0d":2,"17e8fc1d":2,"a49b1086":2,"4fccf57f":2,"5dd27acf":2,"37a43584":2,"c8810fda":2,"615d73a6":2,"d0e7e10f":2,"b942276b":2,"593a10c8":2,"d3b2520d":2,"7c9d67f7":2,"c66731ab":2,"bff3f00f":2,"4645f0f4":2,"b8828d51":2,"2d4d890e":2,"691838f3":2,"4697f32c":2,"841e8742":2,"cdebfbca":2,"b7efc06b":2,"2575757f":2,"f6311f60":2,"ee4f1db1":2,"634056a9":3,"92b7c88a":3,"dca47ee4":3,"9ad8c4a7":3,"b8d7d9b0":3,"a666c9d3":3,"11e5f120":3,"a9f982f2":3,"269f9fce":3,"d4f8d995":3,"925d7ed7":3,"4698ab03":3,"262900fe":3,"015282aa":3,"c66d9aa2":3,"a7eade8a":3,"054f8202":3,"8ea25c78":3,"47095342":3,"a02be0c2":3,"d96bcde5":3,"ff681528":3,"165e7fbe":3,"023c9564":3,"1d19243a":3,"1d0c6182":3,"b3269dd3":3,"17419549":3,"658ddcd8":3,"93bbc2cb":3,"532db6f8":3,"34f9e98e":3,"9261c80a":3,"1af01b0b":3,"b1ac1b35":3,"7f4d9622":3,"2b076a6f":3,"9e178131":3,"ed5ea4dd":3,"1dea91e2":3,"f0409d6c":3,"9c69b1c6":3,"cc70e7e8":3,"dfeb31e4":3,"8bd45257":3,"e91c99bd":3,"083500e9":3,"f68e0253":3,"8c5ecb91":3,"d8d7bba2":3,"9a57d286":3,"a3170832":3,"fa7887a0":3,"a3145ac5":3,"c8e58b5e":3,"8652100a":3,"18c1cfde":3,"dc62edb8":3,"683543e6":3,"44e6686b":3,"f083023c":3,"ece1a872":3,"8b784d6b":3,"1ccbec0a":3,"7e7d8d2c":3,"90664bf5":3,"9fa837af":3,"95e7135d":3,"a4505d8b":3,"decdce80":3,"7395e377":3,"63cf56fd":3,"32c3cda5":3,"10f4acf1":3,"8047b8fa":3,"ea62fc97":3,"5658973c":3,"35c510c1":3,"28eb052f":3,"a2fdaccc":3,"0196381d":3,"35deb35c":3,"d7339d3a":3,"f27716f7":3,"f3c01069":3,"40e6f89b":3,"e70c5d25":3,"481d7bb7":3,"f2c6ef0c":3,"152de7d6":3,"86d3c947":3,"b96905a8":3,"ea54f723":3,"1e97a318":3,"f5ac8886":3,"ede40f9f":3,"0ebb0717":3,"c729b2a0":3,"2d0bca48":3,"157aadd0":3,"ea3e2899":3,"b4a37b4d":3,"dca1741f":3,"5c66e6ad":3,"da21e618":3,"ee60b582":3,"e9530de8":3,"eed76a9c":3,"ccfa8221":3,"3757a663":3,"b675bb6e":3,"4355322e":3,"fd794dfa":3,"63dc8095":3,"bb8f154e":3,"aabfef45":3,"3be5e502":3,"458bf30d":3,"f822b555":3,"ec46c8a1":3,"fed26b87":3,"aa4c3c17":3,"25d6e90d":3,"0af78ed6":3,"4e594339":3,"66887ebd":3,"e2bc1fb2":3,"8f053f61":3,"39940ff6":3,"ee7d1902":3,"88a1d11c":3,"ac96808e":3,"58cb13a3":3,"cfd399bd":3,"998613aa":3,"78715fb7":3,"15475d2b":3,"529eb964":3,"251f73ac":3,"334fa81b":3,"15a95307":3,"dba93b8c":3,"62459b50":3,"fe0e83f1":3,"e85a759a":3,"7d91d890":3,"a236d67f":3,"43e56aca":3,"3131340a":3,"6bd3e446":3,"fb579561":3,"3941c6f6":3,"c1fec201":3,"f6400d26":3,"33992091":3,"0a52b0e5":3,"3982ed62":3,"b8e3fde0":3,"ee0c692c":3,"185e43d8":3,"7c455f27":3,"f11d9094":3,"239d1f0d":3,"e89aaa2c":3,"8efb89a0":3,"74a6abed":3,"390dca8c":3,"d9c65074":3,"736d0945":3,"6d0ae387":3,"353474eb":3,"351aec88":3,"d16037fc":3,"86ef6e6d":3,"bdeea548":3,"d79b9f70":3,"d4708984":3,"01364546":3,"772396be":3,"feba1a4b":3,"93d9b45a":3,"ab27f091":3,"66035770":3,"3921db66":3,"e1586d4b":3,"be7cb044":3,"dd89ea13":3,"5c856ef3":3,"131a82ba":3,"dfa0d654":3,"4197adf2":3,"9212898c":3,"89f70d0b":3,"b63772a7":3,"730f52ad":3,"9d321e96":3,"43a5f0cb":3,"067c00fb":3,"dd512325":3,"19b1d9ba":3,"8de20b2b":3,"e7e766d1":3,"fef9e6ff":3,"f5d638c2":3,"1a259806":3,"7fc86757":3,"c6c3f5d2":3,"d8b2bd65":3,"985fd14b":3,"f3fffb78":3,"10cb916a":3,"8cd619e7":3,"d188eb26":3,"b6114173":3,"ff304bcb":3,"342d63f7":3,"83cc8986":3,"519f394d":3,"7954473a":3,"322cf287":3,"4a29cbfd":3,"5826be9b":3,"1ecd4357":3,"e4ee334a":3,"db0b34c9":3,"8831237c":3,"db3acd68":3,"b4f1570a":3,"6f2bd7c5":3,"68a4df6d":3,"e4a945c3":3,"6f9e2304":3,"1797522a":3,"ae7ca451":3,"d2a964ed":3,"1a8afede":3,"0027ecd9":3,"72fafdfa":3,"98e4066c":3,"c82b4f93":3,"fbdad369":3,"19fc4a31":3,"ba8072db":3,"da76f5ef":3,"2c9f7369":3,"467a474d":3,"4e7948d7":3,"d1f35e88":3,"e4b0198b":3,"984bdc91":3
1600687878062,"3ff449d3":3,"30406830":3,"2eab5942":3,"05506012":3,"9ac78632":3,"7cae2fa9":3,"95b54742":3,"3dc9ef7d":3,"0fbc7cbf":3,"66b4f11f":3,"fb7dfde4":3,"4c702a54":3,"ece46c2a":3,"88fd8fd0":3,"2d4132e6":3,"effd9b4a":3,"ee49189e":3,"c0365702":3,"e0c09bc6":3,"dee15ddf":3,"8d922528":3,"eb4b7240":3,"793ec200":3,"c8f66d30":3,"a20fcc7a":3,"6054c5ef":3,"89228b2a":3,"f5f320ea":3,"f769ebe1":3,"43d6e806":3,"973ace5f":3,"af35a0cf":3,"2cfcde51":3,"1f9f7c87":3,"f7ed860c":3,"1a6cda7e":3,"31783b3d":3,"a9713afe":3,"85c67cd6":3,"e4de5554":3,"9acee43a":3,"2ad3116b":3,"8e2f68cc":3,"718c05d6":3,"dbeb03ec":3,"1538773f":3,"1f4296e3":3,"95569a84":3,"b6efa351":3,"70644810":3,"56011583":3,"d3a76b17":3,"413f37e6":3,"86b662e6":3,"63fe9b3a":3,"561df00a":3,"653a58d1":3,"2f46b46a":3,"049eb3f9":3,"a49b1086":3,"bfa59717":3,"a17a7c58":3,"89e60725":3,"c8810fda":3,"4302d79d":3,"b082c137":3,"4fccf57f":3,"b942276b":3,"37a43584":3,"7c9d67f7":3,"689e9b0d":3,"17e8fc1d":3,"691838f3":3,"d0e7e10f":3,"cdebfbca":3,"5dd27acf":3,"5c00c75d":3,"698ac2b9":3,"c873bc52":3,"2718f702":3,"79d29db4":3,"474a4f56":3,"7d55a2ab":3,"973f1aca":3,"986f18ee":3,"9a51308e":3,"0a22170f":3,"5762846b":3,"5254a6f4":3,"8eea5b4f":3,"e46776a5":3,"bd601a58":3,"104e2729":3,"a0563cf7":3,"e8d5b56a":3,"ae6c4299":3,"381259a7":3,"53b631de":3,"33a1d9db":3,"0bfd9e30":3,"303946d0":3,"a3b462f7":3,"d44705ac":3,"37d921d3":3,"9d994157":3,"92f6a0b8":3,"c7a7ba05":3,"c0391b32":3,"6581fd93":3,"be92880c":3,"ee4f1db1":3,"d3b2520d":3,"615d73a6":3,"bff3f00f":3,"b366cb68":3,"593a10c8":3,"8e07c524":3,"b8828d51":3,"c7b6b6c9":3,"c66731ab":3,"2d4d890e":3,"52dd3aa3":3,"4645f0f4":3,"06da1af3":3,"841e8742":3,"4697f32c":3,"51df821c":3,"2575757f":3,"f38183e0":3,"b7efc06b":3,"ce72f966":3,"f6311f60":3,"c75c5145":3,"e0c55ef2":3,"ebf6bc15":3,"6b774d02":3,"f0be508a":3,"8bb949e9":3,"dc7af934":3,"37678549":3,"d0f05f76":3,"758c2ff3":3,"9b7401c5":3,"d39d9171":3,"fb69ce73":3,"6303f456":3,"47daa4be":3,"2ebf29ca":3,"3084f171":3,"dc24ea73":3,"302b3b10":3,"1da434f6":3,"4764f881":3,"014ca23e":3,"24153ec6":3,"b670b901":3,"ab910141":3,"03db995a":3,"489e6da0":3,"8c577495":3,"9a67fe64":3,"b2490a6d":3,"c904877b":3,"ff74c694":3,"918b79b6":3,"b9cffbed":3,"35429635":3,"ae8fe452":3,"b2d92a3c":3,"df71a471":3,"baaaae25":3,"637b0586":3,"1d596ad0":3,"bba0f3fe":3,"07e37278":3,"2e932ba6":3,"db159eee":3,"8382492b":3,"7e375889":3,"a7352fd6":3,"3f9f2bd6":3,"be8d1aa5":3,"30b65b58":3,"b5010ed2":3,"3a3883a6":3,"5198e3c0":3,"0c938950":3,"2506cced":3,"ceab42cc":3,"1451852a":3,"0bb74c35":3,"c0c0b43a":3,"eb9d00be":3,"82fb764b":3,"c6a5fed2":3,"76d2efd2":3,"99f95d59":3,"b78fae94":3,"5dabbe36":3,"1308c0cd":3,"3291c6d6":3,"4418690d":3,"e83d267a":3,"014a0f86":3,"146cdf0b":3,"4177d1da":3,"70d49c17":3,"d199b62d":3,"cbd8f012":3,"2837ca8a":3,"150fa822":3,"0c57e3dc":3,"0d671718":3,"970b6bfd":3,"2a3a2176":3,"134c6dc8":3,"4f0a84e0":3,"4aee5c8b":3,"19b937b1":3,"32f95979":3,"51647d8d":3,"b883075d":3,"99690c06":3,"06faf029":3,"6dcb52dd":3,"958ec82a":3,"5854835c":3,"5ed0ac54":3,"55189f5b":3,"c08504a8":3,"859c99bc":3,"cc3ef9b8":3,"000a349a":3,"ca88e0b3":3,"cb478fdb":3,"d8a5b2df":3,"9e87b22d":3,"8090ebb7":3,"849df86e":3,"41ac88fa":3,"9acc597d":3,"ff9d6c38":3,"0a78a69c":3,"f3fca9a9":3,"b3f503a3":3,"27e9a604":3,"70a54940":3,"a9f34b75":3,"737778cb":3,"41a91126":3,"b51aaf71":3,"efb0b043":3,"ef4612c0":3,"ce52c7fd":3,"5337ddac":3,"fe0fd828":3,"6ed9a108":3,"9392e20d":3,"f88efda5":3,"5672417b":3,"c4caf293":3,"51a64309":3,"80951fc7":3,"e6560340":3,"dbeb0247":3,"a8b4c210":3,"5cdd3aaa":3,"f226a594":3,"f5d66566":3,"91282ff0":3,"ae2b46e6":3,"1741b2c2":3,"ce9a5101":3,"3f0f628b":3,"b796c24d":3,"3f2f3901":3,"b04bd383":3,"5ddc736f":3,"e61aa41b":3,"d6c599d3":3,"605aa6ea":3,"90dab6db":3,"c410d34a":3,"4dcc5255":3,"cc1340c2":3,"66217943":3,"d7cf846e":3,"d1f07d48":3,"73497642":3,"239c0110":3,"2d6c4528":3,"8d0fefd5":3,"f0bdfac4":3,"049b1f5c":3,"5420f826":3,"0551f389":3,"79fd8cec":3,"a62a0236":3,"6c60d31d":3,"603ed41c":3,"cb6ce5b7":3,"1793732b":3,"086966d9":3,"d0e4cb3d":3,"0206bcbd":3,"50db940e":3,"57be617d":3,"4926048b":3,"8622fd54":3,"0c743eb5":3,"75c2797b":3,"c973953b":3,"6bb74aff":3,"e76286af":3,"44523551":3,"4bcc0d67":3,"6f25f8df":3,"712731e7":3,"8835fffe":3,"4df4da8c":3,"6fc130f4":3,"1f2eb668":3,"80731a0c":3,"022182e8":3,"9033fb40":3,"61f99d13":3,"04b0179c":3,"cf63008b":3,"80a87648":3,"05e509bf":3,"b62cc553":3,"0425d46e":3,"a1bacc03":3,"0b79beb3":3,"a24c4a1d":3,"18203ed2":3,"4d11873b":3,"f93e2dad":3,"0273f739":3,"150cbc40":3,"183f928c":3,"85ff6a00":3,"88a5c950":3,"b567155b":3,"15b6b887":3,"4d0d56fe":3,"3f5d422b":3,"2601e3db":3,"1bc8cf76":3,"12e1f769":3,"42c85132":3,"5b781b67":3,"5eea54c3":3,"7fe2feb3":3,"b26ca4f0":3,"5c704bb1":3,"2225d793":3,"231a9292":3,"8e4b60b7":3,"2e83d174":3,"4e59dee5":3,"95137021":3,"a83d3b4b":3,"133c9c92":3,"4ecac3e2":3,"f1c512df":3,"cfeb7452":3,"a6f70cd0":3,"2589ab8e":3,"0f196361":3,"e2f5e30e":3,"a4d9200c":3,"959c5777":3,"bfaed67e":3,"8276e72b":3,"866960c5":3,"f069f607":3,"5f6871dd":3,"5f10ea54":3,"42af0721":3,"23662f71":3,"c3106499":3,"b548ca9f":3,"15a028dd":3,"f9146f8a":3,"80efb853":3,"a8f2b5fb":3,"fabd7348":3,"29eccc18":3,"80a5e52f":3,"cb8de2d0":3,"73f46c80":3,"4e1116d5":3,"43df71b4":3,"a2418f04":3,"ee1a6a28":3,"6709d32f":3,"f93ca868":3,"749242d6":3,"30b903a5":3,"c1d5507c":3,"4406ac34":3,"08a46cbc":3,"9403c16d":3,"63d61798":3,"f63d627f":3,"4c55b1c1":3,"1f140d10":3,"b3592b7d":3,"e67b5a4b":3,"3c7f5460":3,"8981bd85":3,"6b20e721":3,"c6927d62":3,"b4bfc7e0":3,"c96db6ba":3,"8c0fc9dc":3,"77b32290":3,"e8994477":3,"974d4186":3,"95d62766":3,"4e0c23bf":3,"685ea9af":3,"0cc3fd00":3,"d4a09cbb":3,"340c84d8":3,"c7e40358":3,"1de7b6d1":3,"d4c03491":3,"a74bfa3b":3,"fffebb51":3,"4c6bc6be":3,"3045b825":3,"00d44925":3,"edd16660":3,"4de341a5":3,"7dde7abc":3,"3b39b62d":3,"9b70ba4c":3,"469ed4a1":3,"2ec1f2c5":3,"1f479a3b":3,"018b1401":3,"ed34940a":3,"22583e4e":3,"ca041bb0":3,"85e1fda1":3,"b52992b7":3,"e922c729":3,"3d47008a":3,"2c56245f":3,"1bbc363a":3,"e9cdfaf3":3,"3dcee701":3,"98f71a3a":3,"1fe7c4d9":3,"a402e872":3,"7f52f17f":3,"dae1c928":3,"820b8c8b":3,"5f2961fc":3,"0cad15d3":3,"db4f466b":3,"791d2428":3,"5f164d08":3,"3a82a67f":3,"bb66ae33":3,"6bb1f249":3,"62894074":3,"c58066d0":3,"874885dc":3,"b03d6c45":3,"d3156ead":3,"4580ee2d":3,"6e99143d":3,"c0917d48":3,"06497d34":3,"26bc8657":3,"d2eabc6d":3,"f9444a15":3,"d16de568":3,"517b9e2d":3,"25ad54a8":3,"2f2dc999":3,"4250b6c4":3,"2b230a2c":3,"61697b7d":3,"623b3a4d":3,"b27f3778":3,"f26402ca":3,"688e4267":3,"e002e733":3,"7f914002":3,"485fa634":3,"76b741a3":3,"4c41b395":3,"fd41dc1e":3,"b3480f7d":3,"3a9fa3c1":3,"b6396dcf":3
1600687880275,"634056a9":4,"dca47ee4":4,"a666c9d3":4,"b8d7d9b0":4,"a9f982f2":4,"925d7ed7":4,"015282aa":4,"11e5f120":4,"8ea25c78":4,"a02be0c2":4,"d4f8d995":4,"1d19243a":4,"262900fe":4,"a7eade8a":4,"17419549":4,"93bbc2cb":4,"47095342":4,"e91c99bd":4,"083500e9":4,"f68e0253":4,"ff681528":4,"92b7c88a":4,"1af01b0b":4,"9ad8c4a7":4,"023c9564":4,"7f4d9622":4,"b3269dd3":4,"269f9fce":4,"ed5ea4dd":4,"532db6f8":4,"4698ab03":4,"9c69b1c6":4,"9261c80a":4,"40e6f89b":4,"2b076a6f":4,"481d7bb7":4,"c66d9aa2":4,"f0409d6c":4,"152de7d6":4,"054f8202":4,"8c5ecb91":4,"aabfef45":4,"3be5e502":4,"458bf30d":4,"f822b555":4,"ec46c8a1":4,"25d6e90d":4,"fed26b87":4,"aa4c3c17":4,"0af78ed6":4,"66887ebd":4,"e2bc1fb2":4,"9a57d286":4,"d8d7bba2":4,"fa7887a0":4,"a3170832":4,"d7339d3a":4,"c8e58b5e":4,"a3145ac5":4,"63dc8095":4,"18c1cfde":4,"529eb964":4,"8652100a":4,"683543e6":4,"dc62edb8":4,"f083023c":4,"15a95307":4,"ece1a872":4,"44e6686b":4,"fe0e83f1":4,"8b784d6b":4,"7d91d890":4,"7e7d8d2c":4,"1ccbec0a":4,"3131340a":4,"0196381d":4,"fd794dfa":4,"3941c6f6":4,"35deb35c":4,"33992091":4,"15475d2b":4,"f27716f7":4,"0a52b0e5":4,"251f73ac":4,"131a82ba":4,"dfa0d654":4,"89f70d0b":4,"bb8f154e":4,"185e43d8":4,"dba93b8c":4,"334fa81b":4,"e85a759a":4,"93d9b45a":4,"62459b50":4,"43e56aca":4,"b96905a8":4,"f5ac8886":4,"d96bcde5":4,"165e7fbe":4,"c729b2a0":4,"cc70e7e8":4,"ea3e2899":4,"1d0c6182":4,"8bd45257":4,"5c66e6ad":4,"658ddcd8":4,"e70c5d25":4,"34f9e98e":4,"86d3c947":4,"ee60b582":4,"b1ac1b35":4,"1e97a318":4,"9e178131":4,"3757a663":4,"4355322e":4,"1dea91e2":4,"0ebb0717":4,"dfeb31e4":4,"157aadd0":4,"19b1d9ba":4,"f5d638c2":4,"a236d67f":4,"8831237c":4,"6bd3e446":4,"c1fec201":4,"fb579561":4,"b4f1570a":4,"3982ed62":4,"f6400d26":4,"68a4df6d":4,"1797522a":4,"ee0c692c":4,"b8e3fde0":4,"1a8afede":4,"feba1a4b":4,"66035770":4,"98e4066c":4,"ab27f091":4,"fbdad369":4,"3921db66":4,"e1586d4b":4,"f3c01069":4,"dca1741f":4,"e9530de8":4,"f2c6ef0c":4,"7fc86757":4,"985fd14b":4,"ccfa8221":4,"ea54f723":4,"067c00fb":4,"8cd619e7":4,"ede40f9f":4,"8de20b2b":4,"b6114173":4,"fef9e6ff":4,"83cc8986":4,"2d0bca48":4,"1a259806":4,"322cf287":4,"b4a37b4d":4,"d8b2bd65":4,"e4ee334a":4,"da21e618":4,"eed76a9c":4,"44523551":4,"10cb916a":4,"8835fffe":4,"ff304bcb":4,"b675bb6e":4,"80731a0c":4,"ba8072db":4,"db3acd68":4,"6f2bd7c5":4,"da76f5ef":4,"e4a945c3":4,"4e7948d7":4,"b63772a7":4,"be7cb044":4,"9d321e96":4,"2cfcde51":4,"dd89ea13":4,"5c856ef3":4,"1a6cda7e":4,"85c67cd6":4,"4197adf2":4,"8e2f68cc":4,"9212898c":4,"c873bc52":4,"730f52ad":4,"43a5f0cb":4,"79d29db4":4,"973f1aca":4,"af35a0cf":4,"f7ed860c":4,"0a22170f":4,"31783b3d":4,"9acee43a":4,"e46776a5":4,"1f9f7c87":4,"6f9e2304":4,"3045b825":4,"d2a964ed":4,"edd16660":4,"ae7ca451":4,"0027ecd9":4,"3b39b62d":4,"72fafdfa":4,"19fc4a31":4,"2ec1f2c5":4,"c82b4f93":4,"1f479a3b":4,"2c9f7369":4,"d1f35e88":4,"467a474d":4,"5f2961fc":4,"984bdc91":4,"791d2428":4,"e4b0198b":4,"7dde7abc":4,"bb66ae33":4,"00d44925":4,"c58066d0":4,"469ed4a1":4,"4de341a5":4,"d3156ead":4,"9b70ba4c":4,"018b1401":4,"820b8c8b":4,"26bc8657":4,"ed34940a":4,"0cad15d3":4,"f9444a15":4,"a9713afe":4,"718c05d6":4,"a0563cf7":4,"e4de5554":4,"5c00c75d":4,"53b631de":4,"2ad3116b":4,"2718f702":4,"7d55a2ab":4,"0bfd9e30":4,"dbeb03ec":4,"986f18ee":4,"5762846b":4,"37d921d3":4,"698ac2b9":4,"bd601a58":4,"c7a7ba05":4,"e8d5b56a":4,"474a4f56":4,"be92880c":4,"dc24ea73":4,"381259a7":4,"9a51308e":4,"342d63f7":4,"cf63008b":4,"dd512325":4,"7954473a":4,"05e509bf":4,"e7e766d1":4,"c6c3f5d2":4,"0425d46e":4,"5826be9b":4,"18203ed2":4,"db0b34c9":4,"f3fffb78":4,"0273f739":4,"d188eb26":4,"e76286af":4,"712731e7":4,"519f394d":4,"183f928c":4,"6fc130f4":4,"086966d9":4,"4a29cbfd":4,"9033fb40":4,"0206bcbd":4,"1ecd4357":4,"0c743eb5":4,"61f99d13":4,"4bcc0d67":4,"25ad54a8":4,"22583e4e":4,"5f164d08":4,"db4f466b":4,"62894074":4,"4250b6c4":4,"ee7d1902":4,"8f053f61":4,"4e594339":4,"39940ff6":4,"998613aa":4,"ac96808e":4,"5337ddac":4,"cfd399bd":4,"88a1d11c":4,"ef4612c0":4,"9392e20d":4,"58cb13a3":4,"ce52c7fd":4,"78715fb7":4,"fe0fd828":4,"c4caf293":4,"6ed9a108":4,"5672417b":4,"f88efda5":4,"e6560340":4,"51a64309":4,"80951fc7":4,"b03d6c45":4,"3a82a67f":4,"b27f3778":4,"688e4267":4,"6bb1f249":4,"4580ee2d":4,"76b741a3":4,"c0917d48":4,"874885dc":4,"4c41b395":4,"6f25f8df":4,"80a87648":4,"4df4da8c":4,"a1bacc03":4,"75c2797b":4,"1f2eb668":4,"a24c4a1d":4,"c973953b":4,"f93e2dad":4,"022182e8":4,"6bb74aff":4,"85ff6a00":4,"04b0179c":4,"b62cc553":4,"b567155b":4,"0b79beb3":4,"4d0d56fe":4,"6c60d31d":4,"4d11873b":4,"1793732b":4,"150cbc40":4,"d0e4cb3d":4,"b3480f7d":4,"d16de568":4,"6e99143d":4,"b6396dcf":4,"06497d34":4,"517b9e2d":4,"d2eabc6d":4,"85e1fda1":4,"2f2dc999":4,"2b230a2c":4,"b52992b7":4,"2c56245f":4,"61697b7d":4,"623b3a4d":4,"f26402ca":4,"e002e733":4,"e9cdfaf3":4,"485fa634":4,"98f71a3a":4,"7f914002":4,"1fe7c4d9":4,"fd41dc1e":4,"5254a6f4":4,"a3b462f7":4,"24153ec6":4,"8c577495":4,"8eea5b4f":4,"9d994157":4,"104e2729":4,"92f6a0b8":4,"c904877b":4,"ae6c4299":4,"b9cffbed":4,"6581fd93":4,"33a1d9db":4,"ae8fe452":4,"2ebf29ca":4,"303946d0":4,"1da434f6":4,"baaaae25":4,"2e932ba6":4,"d44705ac":4,"014ca23e":4,"c0391b32":4,"b670b901":4,"c6a5fed2":4,"3084f171":4,"b78fae94":4,"ab910141":4,"302b3b10":4,"4418690d":4,"03db995a":4,"146cdf0b":4,"4764f881":4,"3a9fa3c1":4,"f226a594":4,"dbeb0247":4,"91282ff0":4,"a8b4c210":4,"5cdd3aaa":4,"f5d66566":4,"ae2b46e6":4,"ce9a5101":4,"c08504a8":4,"1741b2c2":4,"859c99bc":4,"cc3ef9b8":4,"cb478fdb":4,"000a349a":4,"8090ebb7":4,"9e87b22d":4,"ca88e0b3":4,"9acc597d":4,"d8a5b2df":4,"41ac88fa":4,"f3fca9a9":4,"849df86e":4,"ff9d6c38":4,"7f52f17f":4,"ca041bb0":4,"e922c729":4,"dae1c928":4,"3d47008a":4,"27e9a604":4,"0a78a69c":4,"41a91126":4,"b3f503a3":4,"a9f34b75":4,"5f10ea54":4,"70a54940":4,"b548ca9f":4,"b51aaf71":4,"737778cb":4,"80efb853":4,"efb0b043":4,"5f6871dd":4,"a8f2b5fb":4,"f069f607":4,"42af0721":4,"c3106499":4,"80a5e52f":4,"15a028dd":4,"43df71b4":4,"23662f71":4,"fabd7348":4,"f9146f8a":4,"749242d6":4,"29eccc18":4,"4e1116d5":4,"cb8de2d0":4,"30b903a5":4,"a2418f04":4,"1bbc363a":4,"90664bf5":4,"9fa837af":4,"a4505d8b":4,"7395e377":4,"32c3cda5":4,"8047b8fa":4,"95e7135d":4,"decdce80":4,"ea62fc97":4,"63cf56fd":4,"3dcee701":4,"a402e872":4,"88a5c950":4,"57be617d":4,"15b6b887":4,"3f5d422b":4,"603ed41c":4,"cb6ce5b7":4,"50db940e":4,"4926048b":4,"8622fd54":4,"9a67fe64":4,"489e6da0":4,"70d49c17":4,"b2490a6d":4,"ff74c694":4,"2837ca8a":4,"918b79b6":4,"35429635":4,"0c57e3dc":4,"b2d92a3c":4,"df71a471":4,"134c6dc8":4,"1d596ad0":4,"bba0f3fe":4,"4f0a84e0":4,"637b0586":4,"51647d8d":4,"07e37278":4,"99f95d59":4,"db159eee":4,"06faf029":4,"1308c0cd":4,"76d2efd2":4,"3291c6d6":4,"5dabbe36":4,"014a0f86":4,"55189f5b":4,"e83d267a":4,"d199b62d":4,"b04bd383":4,"4177d1da":4,"150fa822":4,"cbd8f012":4,"e61aa41b":4,"d6c599d3":4,"970b6bfd":4,"0d671718":4,"19b937b1":4,"90dab6db":4,"2a3a2176":4,"4aee5c8b":4,"cc1340c2":4,"b883075d":4,"66217943":4,"32f95979":4,"6dcb52dd":4,"d1f07d48":4,"99690c06":4,"5ed0ac54":4,"b796c24d":4,"958ec82a":4,"2d6c4528":4,"5854835c":4,"8d0fefd5":4,"3f2f3901":4,"5ddc736f":4,"049b1f5c":4,"3f0f628b":4,"605aa6ea":4,"c410d34a":4,"4dcc5255":4,"d7cf846e":4,"73497642":4,"685ea9af":4,"c7e40358":4,"a74bfa3b":4,"fffebb51":4,"4c6bc6be":4,"73f46c80":4,"2601e3db":4,"f93ca868":4,"5b781b67":4,"ee1a6a28":4,"c1d5507c":4,"6709d32f":4,"b26ca4f0":4,"12e1f769":4,"4406ac34":4,"42c85132":4,"5c704bb1":4,"1bc8cf76":4,"231a9292":4,"2e83d174":4,"5eea54c3":4,"95137021":4,"7fe2feb3":4,"4e59dee5":4,"4ecac3e2":4,"133c9c92":4,"cfeb7452":4,"2225d793":4,"8e4b60b7":4,"2589ab8e":4,"a6f70cd0":4,"959c5777":4,"239c0110":4,"f0bdfac4":4,"5420f826":4,"0551f389":4,"79fd8cec":4,"a62a0236":4,"a4d9200c":4,"a83d3b4b":4,"8276e72b":4,"866960c5":4,"f1c512df":4,"63d61798":4,"0f196361":4,"08a46cbc":4,"e2f5e30e":4,"f63d627f":4,"1f140d10":4,"4c55b1c1":4,"6b20e721":4,"e67b5a4b":4,"bfaed67e":4,"8981bd85":4,"b4bfc7e0":4,"77b32290":4,"9403c16d":4,"c96db6ba":4,"95d62766":4,"e8994477":4,"b3592b7d":4,"d4a09cbb":4,"974d4186":4,"3c7f5460":4,"340c84d8":4,"0cc3fd00":4,"c6927d62":4,"1de7b6d1":4,"8c0fc9dc":4,"d4c03491":4,"4e0c23bf":4,"28eb052f":4,"10f4acf1":4,"7c455f27":4,"5658973c":4,"35c510c1":4,"239d1f0d":4,"a2fdaccc":4,"8efb89a0":4,"353474eb":4,"f11d9094":4,"d9c65074":4,"bdeea548":4,"e89aaa2c":4,"736d0945":4,"d79b9f70":4,"74a6abed":4,"351aec88":4,"01364546":4,"3ff449d3":4,"390dca8c":4,"86ef6e6d":4,"05506012":4,"772396be":4,"6d0ae387":4,"66b4f11f":4,"8382492b":4,"f0be508a":4,"dc7af934":4,"be8d1aa5":4,"d39d9171":4,"fb69ce73":4,"b5010ed2":4,"0c938950":4,"a7352fd6":4,"ceab42cc":4,"3a3883a6":4,"1451852a":4,"5198e3c0":4,"2506cced":4,"0bb74c35":4,"c0c0b43a":4,"eb9d00be":4,"82fb764b":4,"63fe9b3a":4,"bfa59717":4,"43d6e806":4,"89e60725":4,"95569a84":4,"561df00a":4,"b082c137":4,"689e9b0d":4,"a49b1086":4,"d3a76b17":4,"c8810fda":4,"17e8fc1d":4,"b942276b":4,"5dd27acf":4,"86b662e6":4,"7c9d67f7":4,"615d73a6":4,"653a58d1":4,"691838f3":4,"049eb3f9":4,"593a10c8":4,"cdebfbca":4,"c66731ab":4,"a17a7c58":4,"4645f0f4":4,"4302d79d":4,"ee4f1db1":4,"b366cb68":4,"4697f32c":4,"4fccf57f":4,"8e07c524":4,"b7efc06b":4,"37a43584":4,"f6311f60":4,"d0e7e10f":4,"c7b6b6c9":4,"ebf6bc15":4,"8bb949e9":4,"d3b2520d":4,"52dd3aa3":4,"bff3f00f":4,"06da1af3":4,"d0f05f76":4,"b8828d51":4,"51df821c":4,"9b7401c5":4,"f38183e0":4,"6303f456":4,"c75c5145":4,"7e375889":4,"2d4d890e":4,"3f9f2bd6":4,"841e8742":4,"6b774d02":4,"2575757f":4,"30b65b58":4,"37678549":4,"758c2ff3":4,"ce72f966":4,"e0c55ef2":4,"47daa4be":4,"ece46c2a":4,"30406830":4,"d16037fc":4,"d4708984":4,"9ac78632":4,"2d4132e6":4,"95b54742":4,"2eab5942":4,"7cae2fa9":4,"e0c09bc6":4,"0fbc7cbf":4,"eb4b7240":4,"3dc9ef7d":4,"fb7dfde4":4,"a20fcc7a":4,"88fd8fd0":4,"4c702a54":4,"f5f320ea":4,"ee49189e":4,"f769ebe1":4,"effd9b4a":4,"8d922528":4,"973ace5f":4,"c8f66d30":4,"c0365702":4,"1f4296e3":4,"6054c5ef":4,"dee15ddf":4,"70644810":4,"793ec200":4,"1538773f":4,"56011583":4,"b6efa351":4,"89228b2a":4,"413f37e6":4,"2f46b46a":4
1600687880275,"90664bf5":5,"9fa837af":5,"a4505d8b":5,"7395e377":5,"32c3cda5":5,"8047b8fa":5,"95e7135d":5,"131a82ba":5,"dfa0d654":5,"89f70d0b":5,"ea62fc97":5,"28eb052f":5,"decdce80":5,"7c455f27":5,"63cf56fd":5,"10f4acf1":5,"239d1f0d":5,"8efb89a0":5,"5658973c":5,"d9c65074":5,"35c510c1":5,"736d0945":5,"a2fdaccc":5,"b63772a7":5,"be7cb044":5,"9d321e96":5,"dd89ea13":5,"2cfcde51":5,"5c856ef3":5,"1a6cda7e":5,"4197adf2":5,"b8d7d9b0":5,"634056a9":5,"11e5f120":5,"dca47ee4":5,"a666c9d3":5,"d4f8d995":5,"262900fe":5,"a9f982f2":5,"a7eade8a":5,"925d7ed7":5,"47095342":5,"015282aa":5,"9212898c":5,"85c67cd6":5,"8e2f68cc":5,"458bf30d":5,"aabfef45":5,"f822b555":5,"3be5e502":5,"fed26b87":5,"ec46c8a1":5,"25d6e90d":5,"0af78ed6":5,"aa4c3c17":5,"730f52ad":5,"c873bc52":5,"79d29db4":5,"43a5f0cb":5,"351aec88":5,"f11d9094":5,"86ef6e6d":5,"353474eb":5,"e89aaa2c":5,"74a6abed":5,"772396be":5,"bdeea548":5,"390dca8c":5,"973f1aca":5,"0a22170f":5,"af35a0cf":5,"e46776a5":5,"f7ed860c":5,"31783b3d":5,"a0563cf7":5,"9acee43a":5,"1f9f7c87":5,"53b631de":5,"718c05d6":5,"0bfd9e30":5,"a9713afe":5,"37d921d3":5,"5c00c75d":5,"c7a7ba05":5,"e4de5554":5,"2718f702":5,"be92880c":5,"2ad3116b":5,"7d55a2ab":5,"e2bc1fb2":5,"66887ebd":5,"ee7d1902":5,"998613aa":5,"5337ddac":5,"8f053f61":5,"ac96808e":5,"4e594339":5,"9392e20d":5,"cfd399bd":5,"39940ff6":5,"c4caf293":5,"88a1d11c":5,"ef4612c0":5,"58cb13a3":5,"e6560340":5,"ce52c7fd":5,"f226a594":5,"6ed9a108":5,"78715fb7":5,"91282ff0":5,"dbeb03ec":5,"dc24ea73":5,"986f18ee":5,"698ac2b9":5,"5762846b":5,"24153ec6":5,"474a4f56":5,"30406830":5,"6d0ae387":5,"d79b9f70":5,"9ac78632":5,"01364546":5,"d16037fc":5,"95b54742":5,"3ff449d3":5,"0fbc7cbf":5,"d4708984":5,"05506012":5,"2eab5942":5,"fb7dfde4":5,"66b4f11f":5,"88fd8fd0":5,"ece46c2a":5,"7cae2fa9":5,"ee49189e":5,"3dc9ef7d":5,"8d922528":5,"2d4132e6":5,"c8f66d30":5,"8c577495":5,"bd601a58":5,"e8d5b56a":5,"9a51308e":5,"c904877b":5,"381259a7":5,"b9cffbed":5,"a3b462f7":5,"5254a6f4":5,"9d994157":5,"8eea5b4f":5,"92f6a0b8":5,"ae8fe452":5,"104e2729":5,"baaaae25":5,"6581fd93":5,"ae6c4299":5,"2e932ba6":5,"2ebf29ca":5,"33a1d9db":5,"303946d0":5,"d44705ac":5,"c6a5fed2":5,"1da434f6":5,"e91c99bd":5,"083500e9":5,"f68e0253":5,"8c5ecb91":5,"9a57d286":5,"fa7887a0":5,"c8e58b5e":5,"18c1cfde":5,"683543e6":5,"b78fae94":5,"014ca23e":5,"c0391b32":5,"4418690d":5,"b670b901":5,"3084f171":5,"146cdf0b":5,"302b3b10":5,"70d49c17":5,"4764f881":5,"2837ca8a":5,"ab910141":5,"9a67fe64":5,"03db995a":5,"e0c09bc6":5,"4c702a54":5,"6054c5ef":5,"eb4b7240":5,"effd9b4a":5,"c0365702":5,"1538773f":5,"a20fcc7a":5,"dee15ddf":5,"f5f320ea":5,"b6efa351":5,"f769ebe1":5,"793ec200":5,"973ace5f":5,"2f46b46a":5,"89228b2a":5,"1f4296e3":5,"bfa59717":5,"43d6e806":5,"89e60725":5,"70644810":5,"95569a84":5,"ff74c694":5,"489e6da0":5,"0c57e3dc":5,"134c6dc8":5,"918b79b6":5,"b2490a6d":5,"b2d92a3c":5,"fe0fd828":5,"ce9a5101":5,"f88efda5":5,"5672417b":5,"80951fc7":5,"859c99bc":5,"dbeb0247":5,"5cdd3aaa":5,"000a349a":5,"51a64309":5,"ae2b46e6":5,"a8b4c210":5,"9e87b22d":5,"c08504a8":5,"cb478fdb":5,"f5d66566":5,"9acc597d":5,"1741b2c2":5,"8090ebb7":5,"cc3ef9b8":5,"f3fca9a9":5,"4f0a84e0":5,"1d596ad0":5,"35429635":5,"51647d8d":5,"df71a471":5,"bba0f3fe":5,"06faf029":5,"99f95d59":5,"637b0586":5,"55189f5b":5,"1308c0cd":5,"07e37278":5,"b04bd383":5,"3291c6d6":5,"014a0f86":5,"db159eee":5,"e61aa41b":5,"76d2efd2":5,"d199b62d":5,"d6c599d3":5,"150fa822":5,"5dabbe36":5,"ff681528":5,"8ea25c78":5,"023c9564":5,"a02be0c2":5,"1d19243a":5,"b3269dd3":5,"17419549":5,"532db6f8":5,"9261c80a":5,"93bbc2cb":5,"1af01b0b":5,"2b076a6f":5,"7f4d9622":5,"ed5ea4dd":5,"f0409d6c":5,"970b6bfd":5,"90dab6db":5,"e83d267a":5,"19b937b1":5,"cc1340c2":5,"b883075d":5,"9c69b1c6":5,"cc70e7e8":5,"8bd45257":5,"40e6f89b":5,"92b7c88a":5,"e70c5d25":5,"9ad8c4a7":5,"481d7bb7":5,"86d3c947":5,"269f9fce":5,"1e97a318":5,"152de7d6":5,"4698ab03":5,"b96905a8":5,"c66d9aa2":5,"0ebb0717":5,"f5ac8886":5,"054f8202":5,"f083023c":5,"ece1a872":5,"7e7d8d2c":5,"d7339d3a":5,"0196381d":5,"d8d7bba2":5,"fd794dfa":5,"63dc8095":5,"a3170832":5,"529eb964":5,"15475d2b":5,"a3145ac5":5,"15a95307":5,"251f73ac":5,"fe0e83f1":5,"8652100a":5,"7d91d890":5,"dc62edb8":5,"dba93b8c":5,"56011583":5,"d3a76b17":5,"b082c137":5,"413f37e6":5,"689e9b0d":5,"86b662e6":5,"63fe9b3a":5,"17e8fc1d":5,"653a58d1":5,"561df00a":5,"5dd27acf":5,"049eb3f9":5,"a49b1086":5,"c8810fda":5,"615d73a6":5,"a17a7c58":5,"593a10c8":5,"b942276b":5,"4302d79d":5,"7c9d67f7":5,"c66731ab":5,"4fccf57f":5,"37a43584":5,"4645f0f4":5,"691838f3":5,"cdebfbca":5,"d0e7e10f":5,"4697f32c":5,"ee4f1db1":5,"b7efc06b":5,"d3b2520d":5,"f6311f60":5,"bff3f00f":5,"66217943":5,"6dcb52dd":5,"4177d1da":5,"d1f07d48":5,"5ed0ac54":5,"cbd8f012":5,"2d6c4528":5,"0d671718":5,"8d0fefd5":5,"b796c24d":5,"2a3a2176":5,"4aee5c8b":5,"3f2f3901":5,"5ddc736f":5,"049b1f5c":5,"32f95979":5,"605aa6ea":5,"99690c06":5,"958ec82a":5,"c410d34a":5,"4dcc5255":5,"d96bcde5":5,"157aadd0":5,"c729b2a0":5,"165e7fbe":5,"1d0c6182":5,"dca1741f":5,"ea3e2899":5,"658ddcd8":5,"34f9e98e":5,"5c66e6ad":5,"e9530de8":5,"ee60b582":5,"ccfa8221":5,"b1ac1b35":5,"3757a663":5,"4355322e":5,"067c00fb":5,"9e178131":5,"3131340a":5,"44e6686b":5,"3941c6f6":5,"8b784d6b":5,"e85a759a":5,"1ccbec0a":5,"33992091":5,"43e56aca":5,"35deb35c":5,"6bd3e446":5,"c1fec201":5,"0a52b0e5":5,"3982ed62":5,"f27716f7":5,"b8e3fde0":5,"185e43d8":5,"93d9b45a":5,"feba1a4b":5,"bb8f154e":5,"8831237c":5,"66035770":5,"334fa81b":5,"b4f1570a":5,"62459b50":5,"e1586d4b":5,"db3acd68":5,"a236d67f":5,"68a4df6d":5,"d7cf846e":5,"5854835c":5,"ebf6bc15":5,"b8828d51":5,"b366cb68":5,"2d4d890e":5,"841e8742":5,"8bb949e9":5,"8e07c524":5,"d0f05f76":5,"c7b6b6c9":5,"52dd3aa3":5,"2575757f":5,"9b7401c5":5,"ce72f966":5,"6303f456":5,"06da1af3":5,"e0c55ef2":5,"7e375889":5,"51df821c":5,"f0be508a":5,"3f9f2bd6":5,"f38183e0":5,"30b65b58":5,"dc7af934":5,"c75c5145":5,"d39d9171":5,"6b774d02":5,"fb69ce73":5,"37678549":5,"a7352fd6":5,"758c2ff3":5,"3f0f628b":5,"a9f34b75":5,"41ac88fa":5,"ca88e0b3":5,"ff9d6c38":5,"d8a5b2df":5,"b51aaf71":5,"27e9a604":5,"41a91126":5,"5f6871dd":5,"849df86e":5,"c3106499":5,"15a028dd":5,"5f10ea54":5,"0a78a69c":5,"fabd7348":5,"b3f503a3":5,"29eccc18":5,"b548ca9f":5,"70a54940":5,"737778cb":5,"80efb853":5,"4e1116d5":5,"a8f2b5fb":5,"a2418f04":5,"efb0b043":5,"f069f607":5,"80a5e52f":5,"73497642":5,"f93ca868":5,"42af0721":5,"43df71b4":5,"23662f71":5,"749242d6":5,"c1d5507c":5,"f9146f8a":5,"30b903a5":5,"cb8de2d0":5,"12e1f769":5,"2601e3db":5,"73f46c80":5,"5b781b67":5,"42c85132":5,"ee1a6a28":5,"b26ca4f0":5,"231a9292":5,"5c704bb1":5,"6709d32f":5,"4e59dee5":5,"4ecac3e2":5,"4406ac34":5,"2e83d174":5,"cfeb7452":5,"1bc8cf76":5,"95137021":5,"239c0110":5,"f0bdfac4":5,"5420f826":5,"0551f389":5,"79fd8cec":5,"a62a0236":5,"e4a945c3":5,"fb579561":5,"1797522a":5,"d2a964ed":5,"f6400d26":5,"ee0c692c":5,"0027ecd9":5,"ab27f091":5,"19fc4a31":5,"1a8afede":5,"3921db66":5,"2c9f7369":5,"98e4066c":5,"6f2bd7c5":5,"467a474d":5,"fbdad369":5,"ba8072db":5,"6f9e2304":5,"ae7ca451":5,"e4b0198b":5,"da76f5ef":5,"72fafdfa":5,"4e7948d7":5,"c82b4f93":5,"00d44925":5,"3045b825":5,"d1f35e88":5,"4de341a5":5,"edd16660":5,"47daa4be":5,"3a3883a6":5,"5198e3c0":5,"8382492b":5,"be8d1aa5":5,"2506cced":5,"b5010ed2":5,"0c938950":5,"ceab42cc":5,"1451852a":5,"0bb74c35":5,"c0c0b43a":5,"eb9d00be":5,"133c9c92":5,"a6f70cd0":5,"5eea54c3":5,"2589ab8e":5,"7fe2feb3":5,"a4d9200c":5,"2225d793":5,"866960c5":5,"959c5777":5,"8276e72b":5,"63d61798":5,"8e4b60b7":5,"4c55b1c1":5,"08a46cbc":5,"a83d3b4b":5,"e67b5a4b":5,"f63d627f":5,"f1c512df":5,"8981bd85":5,"0f196361":5,"c96db6ba":5,"1f140d10":5,"6b20e721":5,"e8994477":5,"e2f5e30e":5,"b4bfc7e0":5,"77b32290":5,"bfaed67e":5,"974d4186":5,"95d62766":5,"9403c16d":5,"d4a09cbb":5,"0cc3fd00":5,"b3592b7d":5,"340c84d8":5,"1de7b6d1":5,"3c7f5460":5,"c6927d62":5,"d4c03491":5,"8c0fc9dc":5,"4e0c23bf":5,"685ea9af":5,"c7e40358":5,"a74bfa3b":5,"fffebb51":5,"4c6bc6be":5,"82fb764b":5,"9b70ba4c":5,"984bdc91":5,"3b39b62d":5,"2ec1f2c5":5,"ed34940a":5,"1f479a3b":5,"7dde7abc":5,"469ed4a1":5,"22583e4e":5,"5f2961fc":5,"db4f466b":5,"791d2428":5,"018b1401":5,"3a82a67f":5,"bb66ae33":5,"6bb1f249":5,"c58066d0":5,"820b8c8b":5,"0cad15d3":5,"874885dc":5,"d3156ead":5,"5f164d08":5,"62894074":5,"6e99143d":5,"26bc8657":5,"0b79beb3":5,"d0e4cb3d":5,"4d11873b":5,"57be617d":5,"150cbc40":5,"88a5c950":5,"15b6b887":5,"3f5d422b":5,"e76286af":5,"712731e7":5,"eed76a9c":5,"44523551":5,"b675bb6e":5,"8835fffe":5,"6fc130f4":5,"dd512325":5,"9033fb40":5,"80731a0c":5,"61f99d13":5,"e7e766d1":5,"cf63008b":5,"80a87648":5,"c6c3f5d2":5,"05e509bf":5,"a1bacc03":5,"f3fffb78":5,"0425d46e":5,"d188eb26":5,"519f394d":5,"18203ed2":5,"a24c4a1d":5,"0273f739":5,"4a29cbfd":5,"f93e2dad":5,"1dea91e2":5,"19b1d9ba":5,"dfeb31e4":5,"8de20b2b":5,"f5d638c2":5,"fef9e6ff":5,"f3c01069":5,"7fc86757":5,"1a259806":5,"f2c6ef0c":5,"985fd14b":5,"d8b2bd65":5,"10cb916a":5,"8cd619e7":5,"ea54f723":5,"ede40f9f":5,"b6114173":5,"ff304bcb":5,"83cc8986":5,"342d63f7":5,"322cf287":5,"2d0bca48":5,"7954473a":5,"b4a37b4d":5,"5826be9b":5,"e4ee334a":5,"db0b34c9":5,"da21e618":5,"85ff6a00":5,"1ecd4357":5,"183f928c":5,"086966d9":5,"4bcc0d67":5,"b567155b":5,"0206bcbd":5,"6f25f8df":5,"4df4da8c":5,"1f2eb668":5,"0c743eb5":5,"022182e8":5,"75c2797b":5,"4d0d56fe":5,"04b0179c":5,"6c60d31d":5,"c973953b":5,"b62cc553":5,"6bb74aff":5,"1793732b":5,"b03d6c45":5,"06497d34":5,"f9444a15":5,"4580ee2d":5,"d2eabc6d":5,"25ad54a8":5,"2f2dc999":5,"c0917d48":5,"61697b7d":5,"4250b6c4":5,"f26402ca":5,"d16de568":5,"b27f3778":5,"7f914002":5,"517b9e2d":5,"688e4267":5,"2b230a2c":5,"76b741a3":5,"623b3a4d":5,"4c41b395":5,"e002e733":5,"b3480f7d":5,"485fa634":5,"b6396dcf":5,"85e1fda1":5,"fd41dc1e":5,"b52992b7":5,"3a9fa3c1":5,"2c56245f":5,"ca041bb0":5,"e9cdfaf3":5,"603ed41c":5,"cb6ce5b7":5,"50db940e":5,"4926048b":5,"8622fd54":5,"e922c729":5,"3d47008a":5,"98f71a3a":5,"1fe7c4d9":5,"1bbc363a":5,"3dcee701":5,"7f52f17f":5,"a402e872":5,"dae1c928":5
