20,1606090824018
0.61728394,1606090824121
1.2195121,1606090824224
1.8072288,1606090824327
1.2121211,1606090824430
1.2121211,1606090824534
1.8181818,1606090824637
1.2121211,1606090824740
1.8072288,1606090824843
3.10559,1606090824946
2.4691358,1606090825049
0.60975605,1606090825153
1.2121211,1606090825256
1.2121211,1606090825359
0.60975605,1606090825462
1.2121211,1606090825566
0.60975605,1606090825669
1.2195121,1606090825772
2.4096384,1606090825875
1.2269938,1606090825978
1.2195121,1606090826081
1.8072288,1606090826184
2.4096384,1606090826287
1.2269938,1606090826389
0.6134969,1606090826492
1.2121211,1606090826596
1.2121211,1606090826699
1.2121211,1606090826802
1.8181818,1606090826905
0.60975605,1606090827008
0.6134969,1606090827111
1.2121211,1606090827215
1.8072288,1606090827318
1.2121211,1606090827421
1.2121211,1606090827524
0.60975605,1606090827628
1.2121211,1606090827731
1.8181818,1606090827834
0.60975605,1606090827937
1.2195121,1606090828040
1.2121211,1606090828143
1.2121211,1606090828247
1.2048192,1606090828350
1.2195121,1606090828453
1.2121211,1606090828556
0.60975605,1606090828659
1.2121211,1606090828762
1.8181818,1606090828865
1.2195121,1606090828968
1.2121211,1606090829071
0.60975605,1606090829174
1.2121211,1606090829278
1.2121211,1606090829381
1.2121211,1606090829484
1.2121211,1606090829587
0.6134969,1606090829690
6.586827,1606090829793
2.4390242,1606090829896
1.8292682,1606090829999
1.8404908,1606090830102
1.2048192,1606090830205
1.2121211,1606090830309
1.2121211,1606090830412
1.8072288,1606090830515
1.2121211,1606090830618
1.2195121,1606090830721
0.60975605,1606090830825
1.8072288,1606090830928
0.60975605,1606090831031
1.2195121,1606090831134
0.6134969,1606090831237
1.8181818,1606090831340
1.2121211,1606090831443
1.2195121,1606090831545
0.6134969,1606090831649
1.8072288,1606090831752
1.2121211,1606090831856
1.8072288,1606090831958
0.6134969,1606090832061
1.2195121,1606090832164
1.2195121,1606090832268
1.2121211,1606090832371
1.8181818,1606090832473
0.6134969,1606090832577
1.8181818,1606090832680
1.8072288,1606090832783
1.2195121,1606090832886
1.2121211,1606090832990
1.2121211,1606090833092
1.2195121,1606090833196
0.6134969,1606090833299
1.2195121,1606090833402
1.2121211,1606090833505
1.8181818,1606090833609
1.2121211,1606090833712
1.2195121,1606090833815
1.2121211,1606090833918
1.2195121,1606090834022
0.60975605,1606090834125
5.4545455,1606090834228
6.666667,1606090834331
7.317073,1606090834434
10.179641,1606090834537
7.317073,1606090834641
12.048193,1606090834744
16.363636,1606090834847
17.365269,1606090834950
11.656442,1606090835053
15.432098,1606090835156
15.060242,1606090835259
14.634146,1606090835362
16.363636,1606090835465
14.197532,1606090835568
16.770187,1606090835671
13.333334,1606090835776
16.363636,1606090835879
15.337424,1606090835982
13.580246,1606090836085
16.969698,1606090836188
18.292683,1606090836291
13.043478,1606090836394
15.432098,1606090836497
12.025317,1606090836600
15.757576,1606090836703
13.939394,1606090836806
9.036144,1606090836909
9.202455,1606090837012
8.641975,1606090837115
11.904762,1606090837218
12.048193,1606090837321
7.4074073,1606090837424
10.240964,1606090837528
9.146341,1606090837631
10.365853,1606090837734
5.625,1606090837837
7.97546,1606090837940
9.696969,1606090838043
8.024691,1606090838146
9.202455,1606090838249
10.909091,1606090838352
9.433963,1606090838455
8.536586,1606090838558
6.25,1606090838661
9.259259,1606090838764
8.024691,1606090838868
9.036144,1606090838971
9.090909,1606090839074
5.555556,1606090839177
9.202455,1606090839280
10.843374,1606090839383
10.30303,1606090839486
9.146341,1606090839589
10.365853,1606090839692
7.4534163,1606090839796
13.095239,1606090839899
8.588957,1606090840002
10.365853,1606090840106
8.433735,1606090840209
6.25,1606090840312
7.9268293,1606090840415
6.875,1606090840518
10.30303,1606090840621
9.146341,1606090840724
8.074533,1606090840827
9.756097,1606090840930
9.876543,1606090841033
6.25,1606090841136
6.832298,1606090841239
12.5,1606090841342
9.090909,1606090841445
8.588957,1606090841548
9.876543,1606090841652
6.25,1606090841755
13.017752,1606090841858
10.179641,1606090841961
6.790123,1606090842064
9.696969,1606090842167
8.588957,1606090842270
7.4534163,1606090842373
10.843374,1606090842476
9.696969,1606090842579
11.242603,1606090842682
8.484849,1606090842785
8.125,1606090842888
9.036144,1606090842991
7.97546,1606090843094
8.641975,1606090843197
8.641975,1606090843300
10.909091,1606090843403
8.536586,1606090843506
9.756097,1606090843609
8.024691,1606090843712
9.202455,1606090843815
9.756097,1606090843918
7.317073,1606090844021
7.9268293,1606090844124
9.876543,1606090844227
9.638554,1606090844330
0.6134969,1606090844433
2.4242423,1606090844536
1.2121211,1606090844639
1.2195121,1606090844742
1.2121211,1606090844845
2.4096384,1606090844948
1.2269938,1606090845051
1.8072288,1606090845155
1.2121211,1606090845257
1.8292682,1606090845361
2.4096384,1606090845464
1.2121211,1606090845568
1.2269938,1606090845671
3.6144576,1606090845774
3.0120482,1606090845877
1.8518518,1606090845980
1.2195121,1606090846083
1.2195121,1606090846186
3.0120482,1606090846289
0.6134969,1606090846392
1.8181818,1606090846496
1.2121211,1606090846599
1.2121211,1606090846702
1.2195121,1606090846805
2.4096384,1606090846908
1.8181818,1606090847012
1.8181818,1606090847115
1.8292682,1606090847218
2.4242423,1606090847321
1.2195121,1606090847424
1.8181818,1606090847527
5.4545455,1606090847630
3.6809816,1606090847733
2.4390242,1606090847836
1.2345679,1606090847939
4.819277,1606090848042
3.0674846,1606090848145
2.4390242,1606090848248
3.6809816,1606090848350
2.4390242,1606090848453
1.8404908,1606090848556
2.4539876,1606090848659
4.8780484,1606090848762
1.8404908,1606090848865
6.134969,1606090848967
3.6809816,1606090849070
1.8072288,1606090849173
1.8518518,1606090849276
4.2944784,1606090849379
3.7037036,1606090849482
1.8181818,1606090849585
1.8404908,1606090849688
2.4390242,1606090849791
2.4539876,1606090849894
2.4539876,1606090849997
3.0487804,1606090850100
3.5928144,1606090850203
3.0487804,1606090850306
2.484472,1606090850408
1.8292682,1606090850511
4.2944784,1606090850614
1.2195121,1606090850717
3.0487804,1606090850820
2.4390242,1606090850924
1.2345679,1606090851027
2.4539876,1606090851130
3.030303,1606090851232
3.6809816,1606090851335
3.030303,1606090851438
3.6363635,1606090851541
4.268293,1606090851644
4.2168674,1606090851747
3.0864198,1606090851850
1.2345679,1606090851953
3.0487804,1606090852056
1.8518518,1606090852159
3.030303,1606090852262
5.555556,1606090852365
8.588957,1606090852467
8.536586,1606090852571
11.585366,1606090852674
3.6585364,1606090852776
3.6809816,1606090852879
3.6144576,1606090852982
3.0487804,1606090853085
2.4242423,1606090853188
3.6809816,1606090853291
3.030303,1606090853394
4.2944784,1606090853497
2.4539876,1606090853600
9.580839,1606090853703
1.8404908,1606090853806
3.6585364,1606090853909
2.4390242,1606090854011
2.4539876,1606090854114
3.030303,1606090854217
3.7037036,1606090854320
9.638554,1606090854423
20.496895,1606090854526
6.7073174,1606090854630
12.121212,1606090854733
2.4691358,1606090854836
17.177914,1606090854939
3.0487804,1606090855041
1.8633541,1606090855144
3.6585364,1606090855247
4.347826,1606090855350
9.202455,1606090855453
11.515152,1606090855556
9.31677,1606090855659
4.9382715,1606090855762
11.7283945,1606090855865
2.484472,1606090855968
1.8633541,1606090856071
4.7904196,1606090856174
3.0864198,1606090856276
3.6144576,1606090856379
4.8780484,1606090856487
39.520958,1606090856591
11.445783,1606090856694
8.176101,1606090856797
5.555556,1606090856900
17.575758,1606090857002
4.8484845,1606090857105
21.604939,1606090857208
11.585366,1606090857311
10.240964,1606090857415
13.414635,1606090857517
10.240964,1606090857620
5.5214725,1606090857723
16.149067,1606090857826
4.375,1606090857929
12.865498,1606090858032
10.062893,1606090858134
11.445783,1606090858237
14.035088,1606090858340
7.4074073,1606090858443
26.38037,1606090858546
5.389221,1606090858649
16.463415,1606090858752
16.564417,1606090858855
19.135803,1606090858958
25.609756,1606090859061
18.125,1606090859164
16.049381,1606090859267
28.025478,1606090859370
21.686749,1606090859473
19.393938,1606090859576
19.512194,1606090859678
19.6319,1606090859781
19.277107,1606090859884
21.95122,1606090859987
23.780487,1606090860090
16.363636,1606090860193
21.604939,1606090860296
23.75,1606090860399
14.285715,1606090860502
26.708075,1606090860605
17.610064,1606090860709
25,1606090860813
21.212122,1606090860917
22.08589,1606090861021
22.360249,1606090861124
22.619047,1606090861227
22.424242,1606090861331
22.839506,1606090861434
22.08589,1606090861537
11.949685,1606090861640
24.096386,1606090861745
27.60736,1606090861848
13.664596,1606090861951
26.946106,1606090862054
15.000001,1606090862157
9.146341,1606090862260
19.10828,1606090862363
16.352201,1606090862466
10.240964,1606090862569
26.060604,1606090862674
21.472393,1606090862777
10.843374,1606090862880
23.780487,1606090862983
25,1606090863086
4.907975,1606090863189
24.223602,1606090863292
27.777779,1606090863395
4.9382715,1606090863497
18.63354,1606090863600
23.030304,1606090863703
21.052631,1606090863806
16.049381,1606090863909
21.518988,1606090864012
13.414635,1606090864115
25.76687,1606090864218
20.359282,1606090864322
22.75449,1606090864425
19.375,1606090864528
13.496932,1606090864632
23.809525,1606090864736
28.484848,1606090864839
14.634146,1606090864942
20.60606,1606090865045
24.375,1606090865148
16.770187,1606090865253
22.560974,1606090865356
20,1606090865459
8.536586,1606090865562
21.875,1606090865665
41.104298,1606090865768
9.696969,1606090865871
24.390244,1606090865975
27.710842,1606090866078
19.135803,1606090866182
23.92638,1606090866285
25.76687,1606090866388
17.391304,1606090866491
38.414635,1606090866594
17.79141,1606090866700
22.352942,1606090866803
40.4908,1606090866906
13.207547,1606090867009
17.682926,1606090867113
29.677418,1606090867216
25.76687,1606090867320
25.308641,1606090867423
29.374998,1606090867527
21.212122,1606090867631
38.036808,1606090867735
20.858896,1606090867838
10.240964,1606090867941
31.25,1606090868044
49.079754,1606090868148
15.662651,1606090868252
20.496895,1606090868355
28.313251,1606090868458
19.620253,1606090868561
33.962265,1606090868665
20.2454,1606090868770
24.550898,1606090868874
42.038216,1606090868977
28.834354,1606090869080
20.958084,1606090869184
30.81761,1606090869287
14.545454,1606090869391
38.125,1606090869494
45.18072,1606090869598
10.429448,1606090869701
32.27848,1606090869804
40,1606090869908
38.82353,1606090870011
30.81761,1606090870114
26.415094,1606090870217
29.761904,1606090870322
45.50898,1606090870425
19.018404,1606090870528
22.360249,1606090870631
39.240505,1606090870734
42.011833,1606090870839
30.909092,1606090870942
25.949368,1606090871045
22.64151,1606090871148
40,1606090871251
55.688625,1606090871355
16.766468,1606090871459
26.38037,1606090871563
32.5,1606090871667
33.939396,1606090871770
48.407642,1606090871874
21.472393,1606090871978
19.496855,1606090872081
44.04762,1606090872185
28.125,1606090872288
38.181816,1606090872391
38.650307,1606090872494
15.568863,1606090872598
27.564102,1606090872701
28.22086,1606090872805
32.335327,1606090872908
46.58385,1606090873011
55.49133,1606090873118
32.121212,1606090873222
35.757576,1606090873325
29.746836,1606090873429
36.645966,1606090873533
72.04969,1606090873636
25.609756,1606090873740
25.949368,1606090873844
40.99379,1606090873948
32.92683,1606090874051
59.7561,1606090874155
40.123455,1606090874258
23.92638,1606090874361
32.298134,1606090874464
39.751553,1606090874568
42.236023,1606090874671
70.12195,1606090874777
27.60736,1606090874880
31.48148,1606090874983
35.365852,1606090875086
25.477707,1606090875189
47.019867,1606090875292
32.727272,1606090875396
55.82822,1606090875501
43.209877,1606090875604
20,1606090875708
27.60736,1606090875811
56.024097,1606090875915
43.712574,1606090876018
72.5,1606090876121
43.75,1606090876225
22.5,1606090876328
30.188679,1606090876431
36.19632,1606090876536
41.104298,1606090876639
68.711655,1606090876743
49.382717,1606090876846
31.288343,1606090876949
33.540375,1606090877052
27.329191,1606090877156
48.125,1606090877260
44.025154,1606090877363
64.59627,1606090877466
42.857143,1606090877570
24.074074,1606090877673
27.160492,1606090877777
46.296295,1606090877881
42.592594,1606090877985
52.439022,1606090878093
62.345676,1606090878197
30.625,1606090878300
29.87805,1606090878403
28.75,1606090878506
40.60606,1606090878610
50.898205,1606090878713
50.625004,1606090878820
56.707317,1606090878924
52.727272,1606090879027
23.125,1606090879130
40.718563,1606090879234
47.468357,1606090879338
41.717793,1606090879441
65.08875,1606090879544
40.119762,1606090879647
23.780487,1606090879751
31.875,1606090879855
33.333336,1606090879958
29.813665,1606090880061
47.878788,1606090880164
29.62963,1606090880267
65.83851,1606090880370
57.14286,1606090880474
30.000002,1606090880577
30.06135,1606090880680
25,1606090880783
40.99379,1606090880886
46.153847,1606090880989
43.670887,1606090881093
57.5,1606090881198
58.433735,1606090881301
31.288343,1606090881405
27.329191,1606090881508
29.813665,1606090881611
45.73171,1606090881715
52.173912,1606090881819
56.962025,1606090881923
48.80952,1606090882026
36.024845,1606090882129
24.050634,1606090882233
26.086956,1606090882336
44.3038,1606090882439
39.240505,1606090882543
56.725143,1606090882653
62.352943,1606090882757
45.18072,1606090882860
30.434782,1606090882963
27.160492,1606090883066
33.128834,1606090883171
51.265823,1606090883273
37.037037,1606090883377
46.25,1606090883481
67.87879,1606090883585
40.4908,1606090883688
29.87805,1606090883791
30.674849,1606090883895
32.298134,1606090883998
48.765434,1606090884102
35.849056,1606090884206
56.25,1606090884309
68.9441,1606090884412
35.185184,1606090884515
29.62963,1606090884619
30.487806,1606090884723
39.102562,1606090884826
47.826088,1606090884929
44.09938,1606090885032
64.81481,1606090885136
47.058823,1606090885243
26.875002,1606090885346
22.64151,1606090885449
33.333336,1606090885552
46.58385,1606090885656
49.693253,1606090885761
74.850296,1606090885865
47.272728,1606090885969
35.714287,1606090886072
27.777779,1606090886176
21.875,1606090886279
41.935482,1606090886382
41.875,1606090886485
42.944786,1606090886588
66.87117,1606090886692
57.988167,1606090886798
42.307693,1606090886902
32.098763,1606090887005
24.390244,1606090887108
41.717793,1606090887211
47.530865,1606090887315
37.10692,1606090887419
66.25,1606090887523
45.12195,1606090887627
41.81818,1606090887731
39.634148,1606090887834
25,1606090887939
46.01227,1606090888042
42.767296,1606090888146
48.780487,1606090888250
65.68047,1606090888354
47.468357,1606090888457
29.012346,1606090888560
31.288343,1606090888663
38.271606,1606090888767
50,1606090888870
46.296295,1606090888974
72.32704,1606090889079
47.560974,1606090889183
30.538923,1606090889286
24.691359,1606090889391
26.54321,1606090889494
59.411766,1606090889598
48.765434,1606090889702
46.58385,1606090889805
70.30303,1606090889909
44.91018,1606090890012
31.707317,1606090890115
25.153374,1606090890219
30.06135,1606090890322
52.79503,1606090890425
43.82716,1606090890528
62.27545,1606090890632
65.83851,1606090890736
40.123455,1606090890839
34.969322,1606090890942
24.390244,1606090891046
41.463413,1606090891151
55.487804,1606090891254
46.745564,1606090891361
67.46988,1606090891464
44.17178,1606090891568
25.454544,1606090891671
33.333336,1606090891774
25.786165,1606090891878
45.962734,1606090891981
48.447205,1606090892084
49.685535,1606090892188
72.04969,1606090892292
52.12121,1606090892395
26.54321,1606090892498
32.098763,1606090892601
39.30636,1606090892710
50.303032,1606090892814
49.032257,1606090892917
75,1606090893021
46.58385,1606090893124
29.299364,1606090893228
24.390244,1606090893331
38.787876,1606090893435
50,1606090893538
40.50633,1606090893642
61.392403,1606090893745
55.6962,1606090893849
31.67702,1606090893952
29.62963,1606090894055
39.506172,1606090894158
46.913578,1606090894263
49.079754,1606090894370
61.96319,1606090894474
36.477985,1606090894577
26.415094,1606090894680
24.074074,1606090894784
31.707317,1606090894886
56.17284,1606090894990
45.859875,1606090895093
64.70589,1606090895219
52.51397,1606090895322
31.0559,1606090895426
29.746836,1606090895530
27.777779,1606090895634
53.892212,1606090895738
49.68153,1606090895841
63.372093,1606090895953
47.239265,1606090896058
31.90184,1606090896161
26.086956,1606090896264
31.21019,1606090896368
54.49102,1606090896472
39.8773,1606090896575
71.15385,1606090896678
48.214287,1606090896781
26.623377,1606090896884
31.288343,1606090896987
31.25,1606090897090
48.427673,1606090897194
41.566265,1606090897298
65.161285,1606090897401
45.73171,1606090897505
33.72781,1606090897608
28.484848,1606090897711
41.463413,1606090897814
49.382717,1606090897918
41.975307,1606090898021
68.15287,1606090898125
37.349396,1606090898228
27.329191,1606090898331
29.374998,1606090898435
42.767296,1606090898538
47.953217,1606090898641
62.424244,1606090898746
53.01205,1606090898850
36.144577,1606090898953
24.375,1606090899056
24.84472,1606090899159
55.90062,1606090899263
37.8882,1606090899367
77.30061,1606090899470
50.90909,1606090899573
25.316456,1606090899677
28.658537,1606090899780
35.625,1606090899883
52.14724,1606090899986
36.645966,1606090900090
24.698795,1606090900193
20.253164,1606090900296
26.086956,1606090900400
45.73171,1606090900504
78.18182,1606090900608
72.32704,1606090900711
38.181816,1606090900814
25.465837,1606090900917
24.050634,1606090901020
20.625,1606090901123
28.484848,1606090901226
23.456789,1606090901329
20.253164,1606090901433
26.54321,1606090901536
20.125786,1606090901639
25.153374,1606090901742
24.84472,1606090901846
19.375,1606090901950
29.012346,1606090902053
23.602484,1606090902156
25.153374,1606090902259
30.625,1606090902362
26.54321,1606090902466
42.948715,1606090902569
51.234566,1606090902672
63.84181,1606090902790
68.862274,1606090902893
47.90419,1606090902997
24.223602,1606090903100
31.927711,1606090903203
37.10692,1606090903307
45.18072,1606090903411
56.60377,1606090903515
65.408806,1606090903620
49.390244,1606090903724
40,1606090903827
26.993864,1606090903930
25.949368,1606090904033
44.242424,1606090904137
34.969322,1606090904240
44.09938,1606090904343
60.000004,1606090904458
63.414635,1606090904561
45.341614,1606090904664
27.60736,1606090904767
27.5,1606090904871
31.90184,1606090904974
38.8535,1606090905077
44.848484,1606090905180
40.123455,1606090905284
44.785275,1606090905388
69.27711,1606090905492
46.296295,1606090905596
30.246914,1606090905699
33.75796,1606090905802
27.878788,1606090905905
37.26708,1606090906008
40.243904,1606090906111
42.236023,1606090906215
48.407642,1606090906318
66.66667,1606090906422
60.25641,1606090906526
43.11377,1606090906630
27.60736,1606090906734
27.388535,1606090906837
29.746836,1606090906940
41.13924,1606090907044
42.331287,1606090907147
44.444447,1606090907250
58.441555,1606090907353
67.07317,1606090907458
45.454548,1606090907561
29.51807,1606090907664
30.864197,1606090907767
27.95031,1606090907871
48.17073,1606090907975
62.89308,1606090908080
50.602413,1606090908184
60.493828,1606090908289
57.575756,1606090908393
38.554214,1606090908497
29.012346,1606090908600
30.188679,1606090908703
31.48148,1606090908807
55.35714,1606090908912
44.720497,1606090909015
61.728394,1606090909119
72.89157,1606090909223
41.875,1606090909326
26.993864,1606090909430
32.27848,1606090909533
26.249998,1606090909637
44.31138,1606090909740
48.466255,1606090909844
41.25,1606090909948
61.25,1606090910051
61.490685,1606090910156
39.759037,1606090910260
31.21019,1606090910363
26.82927,1606090910466
36.53846,1606090910569
49.044586,1606090910673
44.242424,1606090910776
61.874996,1606090910879
66.455696,1606090910983
44.242424,1606090911087
33.125,1606090911190
25.925926,1606090911293
38.50932,1606090911397
56.25,1606090911500
38.88889,1606090911604
62.025314,1606090911707
64.417175,1606090911811
42.857143,1606090911914
30.246914,1606090912017
27.329191,1606090912120
28.395063,1606090912223
37.82051,1606090912327
48.484848,1606090912430
42.405064,1606090912533
66.26506,1606090912638
65.21739,1606090912742
43.125,1606090912845
30.625,1606090912948
29.192547,1606090913051
30.303032,1606090913154
43.396225,1606090913259
51.851852,1606090913363
36.875,1606090913467
61.11111,1606090913571
62.576687,1606090913675
43.11377,1606090913778
29.936304,1606090913881
29.012346,1606090913984
38.125,1606090914088
49.68944,1606090914193
40.243904,1606090914296
65.21739,1606090914400
59.87261,1606090914503
39.759037,1606090914607
28.125,1606090914710
28.57143,1606090914813
34.16149,1606090914918
50.595238,1606090915022
39.873417,1606090915125
53.125,1606090915229
64.417175,1606090915333
63.35404,1606090915437
33.75,1606090915541
33.536587,1606090915645
25.76687,1606090915749
44.230766,1606090915853
54.93827,1606090915957
47.30539,1606090916060
78.048775,1606090916164
50,1606090916268
38.414635,1606090916371
29.87805,1606090916474
28.484848,1606090916577
41.25,1606090916681
51.57233,1606090916785
45,1606090916889
81.25,1606090916993
57.228916,1606090917097
38.125,1606090917201
26.82927,1606090917304
29.62963,1606090917407
44.09938,1606090917510
48.75,1606090917613
39.8773,1606090917717
71.85629,1606090917822
57.83132,1606090917926
36.875,1606090918029
25.625,1606090918133
29.341316,1606090918237
33.540375,1606090918341
51.80723,1606090918444
45.454548,1606090918549
52.439022,1606090918653
72.289154,1606090918756
46.58385,1606090918859
26.54321,1606090918963
29.447853,1606090919066
26.58228,1606090919170
41.772152,1606090919273
56.287426,1606090919377
47.560974,1606090919482
76.02339,1606090919585
53.37423,1606090919688
31.25,1606090919792
29.62963,1606090919895
29.012346,1606090919998
47.204967,1606090920102
44.375,1606090920206
46.54088,1606090920311
68.6747,1606090920415
45.12195,1606090920518
28.395063,1606090920622
27.044025,1606090920725
36.477985,1606090920828
46.666668,1606090920932
46.060608,1606090921036
70.12195,1606090921140
48.765434,1606090921244
28.930819,1606090921348
24.390244,1606090921451
27.272728,1606090921555
35.403725,1606090921658
50.92025,1606090921763
42.857143,1606090921866
61.627907,1606090921978
61.445786,1606090922082
40,1606090922185
28.57143,1606090922289
26.666668,1606090922392
46.25,1606090922496
46.25,1606090922600
51.832462,1606090922718
62.26415,1606090922822
36.969696,1606090922927
24.375,1606090923029
33.75796,1606090923132
38.50932,1606090923236
49.06832,1606090923339
48.765434,1606090923442
69.81132,1606090923546
43.037975,1606090923650
29.447853,1606090923753
24.516129,1606090923856
41.25,1606090923960
53.98773,1606090924064
32.298134,1606090924167
59.5092,1606090924272
59.25926,1606090924375
36.024845,1606090924478
30.06135,1606090924583
28.994083,1606090924686
42.5,1606090924789
49.375,1606090924893
43.82716,1606090924998
71.00592,1606090925101
43.90244,1606090925204
32.727272,1606090925307
28.22086,1606090925410
40.74074,1606090925515
48.780487,1606090925618
51.898735,1606090925721
60.7362,1606090925824
37.579617,1606090925927
27.95031,1606090926030
28.484848,1606090926133
42.67516,1606090926236
45.28302,1606090926340
53.04878,1606090926445
62.96296,1606090926548
31.44654,1606090926651
32.098763,1606090926755
28.658537,1606090926858
45.398773,1606090926961
47.878788,1606090927065
54.08805,1606090927169
63.25301,1606090927272
37.8882,1606090927375
28.57143,1606090927479
29.51807,1606090927582
48.148148,1606090927685
46.625767,1606090927788
67.5,1606090927891
51.898735,1606090927994
32.704403,1606090928097
28.395063,1606090928201
32.911392,1606090928304
46.98795,1606090928408
45.12195,1606090928512
63.636364,1606090928615
41.975307,1606090928718
29.813665,1606090928823
26.219511,1606090928926
48.17073,1606090929029
45,1606090929133
65.03068,1606090929236
50.931675,1606090929341
30.487806,1606090929444
26.875002,1606090929547
31.25,1606090929651
51.234566,1606090929755
41.614906,1606090929859
75,1606090929962
59.880238,1606090930066
38.50932,1606090930169
25.76687,1606090930272
25.609756,1606090930376
45.454548,1606090930481
45.625,1606090930586
50.289017,1606090930694
64.33121,1606090930798
39.024387,1606090930902
28.481012,1606090931005
30.188679,1606090931109
50,1606090931213
31.707317,1606090931316
27.95031,1606090931420
25.316456,1606090931524
36.419754,1606090931627
66.66667,1606090931737
88.34356,1606090931841
49.079754,1606090931944
22.5,1606090932047
25.903616,1606090932151
24.848484,1606090932254
22.222223,1606090932358
24.84472,1606090932461
24.84472,1606090932564
27.439026,1606090932668
27.5,1606090932771
24.390244,1606090932874
22.64151,1606090932978
26.219511,1606090933081
22.981367,1606090933184
26.347307,1606090933288
24.539877,1606090933391
28.834354,1606090933495
28.658537,1606090933598
29.447853,1606090933701
36.25,1606090933805
53.614456,1606090933909
41.566265,1606090934014
75.757576,1606090934118
53.65854,1606090934222
38.650307,1606090934326
27.810652,1606090934430
27.5,1606090934533
41.772152,1606090934637
52.173912,1606090934740
41.614906,1606090934844
83.83234,1606090934948
54.601227,1606090935051
36.875,1606090935155
30.487806,1606090935258
26.54321,1606090935362
44.512196,1606090935465
49.044586,1606090935569
57.40741,1606090935674
73.93939,1606090935778
46.341465,1606090935881
34.33735,1606090935984
28.834354,1606090936087
29.374998,1606090936191
43.47826,1606090936294
56.707317,1606090936397
37.01299,1606090936502
73.96449,1606090936607
59.7561,1606090936715
43.604652,1606090936819
29.813665,1606090936922
28.57143,1606090937025
28.662418,1606090937128
50.955414,1606090937232
53.37423,1606090937335
44.936707,1606090937439
68.35443,1606090937542
50.303032,1606090937646
34.782608,1606090937750
30.538923,1606090937853
28.484848,1606090937957
34.730537,1606090938060
51.57233,1606090938164
42.682926,1606090938267
54.658382,1606090938372
66.87898,1606090938476
45.962734,1606090938579
32.51534,1606090938683
30.909092,1606090938786
28.301886,1606090938890
53.892212,1606090938993
53.16456,1606090939098
58.024693,1606090939201
76.073616,1606090939305
50.306747,1606090939408
34.394905,1606090939511
29.87805,1606090939615
26.875002,1606090939718
48.466255,1606090939823
52.173912,1606090939927
50.331127,1606090940031
67.92453,1606090940135
54.81928,1606090940238
32.704403,1606090940341
29.55975,1606090940445
26.708075,1606090940548
39.130436,1606090940651
54.320984,1606090940756
38.99371,1606090940859
70.588234,1606090940966
62.025314,1606090941070
41.40127,1606090941173
31.515152,1606090941277
31.707317,1606090941380
27.777779,1606090941483
39.506172,1606090941587
55.757576,1606090941690
40.76433,1606090941794
66.66667,1606090941898
61.11111,1606090942002
41.17647,1606090942105
26.708075,1606090942210
27.439026,1606090942313
29.012346,1606090942416
31.288343,1606090942519
54.140125,1606090942623
47.272728,1606090942726
47.7707,1606090942831
73.58491,1606090942935
46.341465,1606090943038
32.07547,1606090943142
29.090908,1606090943245
27.215189,1606090943348
39.873417,1606090943452
57.5,1606090943556
42.944786,1606090943659
46.625767,1606090943763
76.10063,1606090943866
51.25,1606090943970
31.0559,1606090944073
28.125,1606090944177
29.192547,1606090944281
40.880505,1606090944384
54.601227,1606090944488
48.125,1606090944592
69.27711,1606090944698
48.701298,1606090944801
36.585365,1606090944904
32.71605,1606090945007
29.55975,1606090945111
43.75,1606090945214
54.268295,1606090945318
46.20253,1606090945423
75.79618,1606090945527
50.931675,1606090945632
33.742332,1606090945735
31.707317,1606090945839
29.299364,1606090945942
41.317364,1606090946045
52.469135,1606090946152
43.55828,1606090946257
63.580246,1606090946362
68.711655,1606090946465
43.55828,1606090946569
31.09756,1606090946673
28.22086,1606090946777
32.919254,1606090946880
53.7037,1606090946984
50.617283,1606090947087
48.427673,1606090947191
81.097565,1606090947296
48.466255,1606090947400
32.5,1606090947504
28.395063,1606090947607
27.60736,1606090947711
41.317364,1606090947816
54.375,1606090947920
44.09938,1606090948023
58.024693,1606090948127
76.969696,1606090948230
43.47826,1606090948335
33.95062,1606090948438
24.223602,1606090948541
40.4908,1606090948644
58.282207,1606090948748
34.591194,1606090948851
74.545456,1606090948956
58.536583,1606090949061
38.414635,1606090949164
27.439026,1606090949267
29.62963,1606090949371
34.146343,1606090949479
52.662724,1606090949583
42.592594,1606090949686
43.88889,1606090949803
73.333336,1606090949908
47.272728,1606090950011
29.012346,1606090950114
33.333336,1606090950217
24.203821,1606090950320
50,1606090950424
51.875,1606090950528
53.125,1606090950632
70.25317,1606090950735
47.61905,1606090950838
29.374998,1606090950942
31.847134,1606090951045
27.439026,1606090951149
44.585987,1606090951252
54.601227,1606090951356
33.536587,1606090951460
67.2956,1606090951564
53.333336,1606090951667
30.864197,1606090951771
30.434782,1606090951874
26.415094,1606090951977
43.396225,1606090952081
55.82822,1606090952184
36.645966,1606090952287
79.74683,1606090952390
53.65854,1606090952495
31.012657,1606090952598
28.57143,1606090952702
28.658537,1606090952805
34.177216,1606090952908
53.750004,1606090953011
41.717793,1606090953115
58.08383,1606090953219
67.484665,1606090953322
40.25157,1606090953426
27.777779,1606090953529
29.299364,1606090953632
44.17178,1606090953735
51.57233,1606090953838
51.851852,1606090953943
66.025635,1606090954046
46.496815,1606090954149
28.22086,1606090954252
26.993864,1606090954355
35,1606090954460
47.560974,1606090954563
38.88889,1606090954666
63.25301,1606090954776
57.988167,1606090954880
35.185184,1606090954983
30.303032,1606090955086
25.477707,1606090955189
46.25,1606090955292
49.056606,1606090955395
44.65409,1606090955498
68.711655,1606090955603
40.127388,1606090955706
29.51807,1606090955809
30.000002,1606090955912
29.374998,1606090956016
49.375,1606090956119
42.857143,1606090956222
59.5092,1606090956327
76.397514,1606090956430
40.99379,1606090956533
25.625,1606090956636
30.81761,1606090956739
30.722893,1606090956843
48.734177,1606090956946
45.91195,1606090957050
65.85366,1606090957154
76.77419,1606090957257
39.8773,1606090957361
29.447853,1606090957465
34.33735,1606090957568
43.47826,1606090957672
50.617283,1606090957776
55.90062,1606090957880
65.06024,1606090957984
41.81818,1606090958087
27.60736,1606090958190
26.993864,1606090958294
46.98795,1606090958398
50.318474,1606090958501
49.375,1606090958605
72.560974,1606090958708
39.634148,1606090958812
29.268291,1606090958915
29.374998,1606090959018
28.22086,1606090959122
53.45912,1606090959225
40.4908,1606090959329
64.15094,1606090959432
62.650604,1606090959535
32.93413,1606090959639
26.708075,1606090959743
32.71605,1606090959846
48.780487,1606090959950
46.625767,1606090960053
74.09639,1606090960160
59.14634,1606090960264
38.21656,1606090960368
29.012346,1606090960471
28.57143,1606090960574
48.484848,1606090960677
46.25,1606090960781
55.06329,1606090960895
67.77778,1606090960999
32.704403,1606090961102
26.751593,1606090961206
32.121212,1606090961310
46.875,1606090961414
52.662724,1606090961517
55.34591,1606090961620
51.851852,1606090961724
36.024845,1606090961828
25.157234,1606090961932
43.292683,1606090962036
48.10127,1606090962140
58.285713,1606090962254
68.29269,1606090962357
36.746986,1606090962461
26.993864,1606090962565
30.379745,1606090962669
47.826088,1606090962772
29.746836,1606090962875
27.272728,1606090962978
30.322582,1606090963082
30.434782,1606090963186
47.79874,1606090963290
79.74683,1606090963394
81.92771,1606090963497
45.22293,1606090963600
24.84472,1606090963704
28.481012,1606090963807
26.708075,1606090963910
26.54321,1606090964013
28.301886,1606090964116
27.54491,1606090964219
26.58228,1606090964322
26.923079,1606090964426
24.848484,1606090964529
28.91566,1606090964632
25.157234,1606090964735
23.92638,1606090964838
28.476822,1606090964941
26.249998,1606090965044
26.708075,1606090965148
31.48148,1606090965251
29.813665,1606090965354
52.76074,1606090965458
43.396225,1606090965562
68.64865,1606090965686
54.651165,1606090965790
37.037037,1606090965893
24.840765,1606090965998
29.447853,1606090966101
53.98773,1606090966205
45.341614,1606090966308
60.606064,1606090966415
61.11111,1606090966518
44.785275,1606090966621
32.919254,1606090966724
26.875002,1606090966828
40.625,1606090966931
52.469135,1606090967035
44.17178,1606090967140
81.64557,1606090967244
55.151516,1606090967348
37.5,1606090967451
29.87805,1606090967554
26.58228,1606090967658
30.000002,1606090967766
58.235294,1606090967871
47.560974,1606090967974
40.74074,1606090968077
84.71338,1606090968181
58.385094,1606090968285
43.636364,1606090968388
28.125,1606090968491
28.57143,1606090968595
34.756096,1606090968699
55.279507,1606090968802
51.219513,1606090968906
52.866245,1606090969009
67.46988,1606090969113
52.14724,1606090969217
32.07547,1606090969321
29.192547,1606090969425
30.000002,1606090969529
46.01227,1606090969633
54.71698,1606090969736
34.5679,1606090969839
71.951225,1606090969944
74.23312,1606090970047
45.679012,1606090970151
31.0559,1606090970254
26.875002,1606090970357
32.484074,1606090970461
54.268295,1606090970565
48.780487,1606090970668
48.125,1606090970772
76.50603,1606090970875
50,1606090970978
34.545456,1606090971081
30.000002,1606090971184
27.5,1606090971288
43.11377,1606090971392
53.125,1606090971496
40.625,1606090971601
65.47619,1606090971708
67.68293,1606090971812
47.560974,1606090971917
27.5,1606090972020
31.875,1606090972123
34.375,1606090972228
43.11377,1606090972331
51.875,1606090972434
41.29032,1606090972537
69.07217,1606090972660
62.345676,1606090972764
41.104298,1606090972868
27.215189,1606090972971
29.62963,1606090973074
31.875,1606090973178
53.45912,1606090973282
47.530865,1606090973386
58.381504,1606090973495
70.625,1606090973598
45.341614,1606090973702
28.481012,1606090973805
31.645569,1606090973908
25.925926,1606090974011
44.09938,1606090974115
55.487804,1606090974219
41.81818,1606090974322
72.121216,1606090974430
55.34591,1606090974533
33.939396,1606090974637
29.192547,1606090974741
29.192547,1606090974844
30.487806,1606090974947
46.625767,1606090975050
50.31056,1606090975153
49.68153,1606090975257
74.69135,1606090975362
52.380955,1606090975465
40.625,1606090975568
30.864197,1606090975672
29.090908,1606090975775
39.873417,1606090975878
48.447205,1606090975982
42.580647,1606090976085
59.7561,1606090976189
64.63415,1606090976293
45.06173,1606090976396
29.192547,1606090976500
26.249998,1606090976603
39.2638,1606090976707
52.76074,1606090976811
46.625767,1606090976915
72.22222,1606090977020
62.576687,1606090977123
44.720497,1606090977226
33.536587,1606090977330
24.203821,1606090977433
31.875,1606090977536
49.693253,1606090977641
53.939396,1606090977744
53.41615,1606090977847
76.36363,1606090977951
49.06832,1606090978054
32.919254,1606090978157
26.086956,1606090978260
32.71605,1606090978363
30.864197,1606090978467
53.08642,1606090978570
54.93827,1606090978673
43.870968,1606090978778
70.731705,1606090978882
50,1606090978986
30.120483,1606090979089
27.8481,1606090979193
35,1606090979297
50.31056,1606090979401
49.68944,1606090979504
58.536583,1606090979608
64.417175,1606090979711
45.341614,1606090979814
27.60736,1606090979918
28.301886,1606090980022
29.746836,1606090980125
47.878788,1606090980229
52.439022,1606090980332
35.975613,1606090980436
72.90323,1606090980540
55.151516,1606090980643
31.09756,1606090980746
29.374998,1606090980850
29.62963,1606090980953
34.810127,1606090981057
56.44172,1606090981161
42.236023,1606090981265
72.45509,1606090981371
58.024693,1606090981474
35.58282,1606090981577
26.45161,1606090981680
30.674849,1606090981784
37.654324,1606090981887
49.375,1606090981990
35.294117,1606090982093
66.66667,1606090982211
54.268295,1606090982314
39.102562,1606090982417
29.51807,1606090982520
29.447853,1606090982623
42.767296,1606090982728
50,1606090982831
55.555557,1606090982935
65.625,1606090983039
44.17178,1606090983143
32.121212,1606090983247
26.086956,1606090983350
40.60606,1606090983453
51.57233,1606090983558
35.151516,1606090983662
77.35849,1606090983766
53.333336,1606090983869
31.44654,1606090983972
29.268291,1606090984075
27.777779,1606090984178
43.636364,1606090984282
52.12121,1606090984386
41.13924,1606090984490
66.455696,1606090984593
43.209877,1606090984696
29.696972,1606090984800
28.75,1606090984903
41.875,1606090985006
48.765434,1606090985109
43.225807,1606090985213
71.16564,1606090985317
46.060608,1606090985421
29.447853,1606090985524
27.878788,1606090985627
29.746836,1606090985730
46.54088,1606090985834
47.59036,1606090985938
44.375,1606090986041
70.06369,1606090986146
42.236023,1606090986249
28.395063,1606090986352
26.38037,1606090986456
40.123455,1606090986560
48.780487,1606090986663
50,1606090986766
65.605095,1606090986870
50.609756,1606090986974
29.936304,1606090987077
30.487806,1606090987181
26.219511,1606090987285
48.148148,1606090987389
45.78313,1606090987493
65.625,1606090987597
61.585365,1606090987701
38.181816,1606090987805
30.06135,1606090987908
30.909092,1606090988011
40.99379,1606090988114
51.552795,1606090988218
41.104298,1606090988321
75.48387,1606090988425
46.296295,1606090988529
27.95031,1606090988632
28.75,1606090988735
32.51534,1606090988839
50.617283,1606090988943
42.5,1606090989046
65.822784,1606090989150
59.281437,1606090989254
35.975613,1606090989357
28.395063,1606090989460
27.160492,1606090989565
47.058823,1606090989668
50,1606090989771
52.76074,1606090989875
70.37037,1606090989979
38.323357,1606090990082
28.846153,1606090990185
27.95031,1606090990289
42.07317,1606090990393
48.148148,1606090990496
53.7037,1606090990602
75.29412,1606090990705
38.607594,1606090990808
27.329191,1606090990911
27.439026,1606090991015
38.21656,1606090991120
48.125,1606090991223
47.85276,1606090991326
58.749996,1606090991431
50.609756,1606090991536
32.5,1606090991639
27.329191,1606090991743
37.423313,1606090991847
48.75,1606090991951
46.01227,1606090992055
65.83851,1606090992159
45.454548,1606090992262
27.95031,1606090992365
27.672955,1606090992468
26.086956,1606090992571
50.90909,1606090992675
48.71795,1606090992777
45.18072,1606090992885
76.68712,1606090992990
43.55828,1606090993093
28.22086,1606090993196
30.246914,1606090993299
26.415094,1606090993402
42.592594,1606090993506
49.342106,1606090993610
55,1606090993722
74.842766,1606090993825
46.25,1606090993929
28.395063,1606090994033
27.160492,1606090994137
36.526947,1606090994240
49.056606,1606090994344
37.654324,1606090994448
57.40741,1606090994552
62.345676,1606090994655
36.419754,1606090994758
29.62963,1606090994862
35.403725,1606090994966
57.926826,1606090995069
32.704403,1606090995174
28.484848,1606090995276
23.27044,1606090995380
22.78481,1606090995483
53.333336,1606090995591
91.92547,1606090995695
66.66667,1606090995798
28.301886,1606090995901
21.290323,1606090996004
24.528303,1606090996108
27.272728,1606090996211
24.390244,1606090996314
27.439026,1606090996417
24.223602,1606090996520
24.528303,1606090996624
25.308641,1606090996727
24.84472,1606090996830
27.439026,1606090996933
23.717949,1606090997036
25.625,1606090997139
27.439026,1606090997242
25.903616,1606090997345
28.301886,1606090997448
30.909092,1606090997551
25.465837,1606090997655
39.024387,1606090997759
53.750004,1606090997864
46.296295,1606090997967
69.69697,1606090998074
56.09756,1606090998179
37.423313,1606090998282
26.875002,1606090998385
26.415094,1606090998488
27.044025,1606090998592
51.25,1606090998696
49.079754,1606090998799
56.875004,1606090998903
70.80745,1606090999006
46.38554,1606090999110
28.930819,1606090999213
33.95062,1606090999316
28.125,1606090999419
52.727272,1606090999522
42.5,1606090999627
60.975613,1606090999731
69.375,1606090999835
47.204967,1606090999939
30.674849,1606091000041
30.81761,1606091000146
25.76687,1606091000250
38.88889,1606091000353
48.125,1606091000457
43.90244,1606091000561
44.375,1606091000665
78.75,1606091000769
49.696968,1606091000873
33.333336,1606091000976
28.834354,1606091001079
28.395063,1606091001183
36.19632,1606091001287
51.875,1606091001391
43.47826,1606091001495
63.030304,1606091001599
67.51592,1606091001702
43.292683,1606091001805
27.5,1606091001909
30.674849,1606091002013
29.447853,1606091002116
41.614906,1606091002219
55.82822,1606091002323
32.727272,1606091002426
58.59873,1606091002530
71.76471,1606091002635
45,1606091002738
31.09756,1606091002841
29.48718,1606091002945
28.658537,1606091003048
49.36709,1606091003151
53.45912,1606091003254
49.375,1606091003358
74.23312,1606091003462
47.239265,1606091003566
27.777779,1606091003669
32.71605,1606091003772
29.012346,1606091003876
51.53374,1606091003979
50.306747,1606091004083
58.235294,1606091004187
67.948715,1606091004290
47.85276,1606091004393
27.777779,1606091004497
32.92683,1606091004600
31.09756,1606091004703
45.73171,1606091004807
56.17284,1606091004910
44.375,1606091005014
74.375,1606091005118
50.306747,1606091005222
30.303032,1606091005327
30.864197,1606091005430
28.75,1606091005533
41.463413,1606091005636
53.125,1606091005740
42.592594,1606091005844
70.87912,1606091005954
61.96319,1606091006057
41.975307,1606091006160
38.46154,1606091006264
39.751553,1606091006367
28.834354,1606091006471
49.044586,1606091006574
50.617283,1606091006678
50,1606091006783
74.07407,1606091006887
47.85276,1606091006991
29.192547,1606091007094
32.71605,1606091007198
28.395063,1606091007301
50.609756,1606091007404
53.01205,1606091007508
47.239265,1606091007612
76.68712,1606091007716
50.609756,1606091007821
29.87805,1606091007924
36.969696,1606091008027
27.777779,1606091008130
52.12121,1606091008234
55.35714,1606091008338
46.496815,1606091008441
75.4717,1606091008545
46.875,1606091008648
31.515152,1606091008752
30.188679,1606091008855
24.683544,1606091008958
34.5679,1606091009062
56.875004,1606091009166
33.73494,1606091009270
63.80368,1606091009376
69.1358,1606091009480
42.682926,1606091009584
29.55975,1606091009687
28.301886,1606091009791
27.108435,1606091009895
45.12195,1606091009999
53.08642,1606091010103
32.727272,1606091010207
67.90124,1606091010311
59.25926,1606091010415
41.463413,1606091010518
28.125,1606091010622
27.5,1606091010725
30.487806,1606091010828
48.780487,1606091010931
51.234566,1606091011035
45.06173,1606091011138
69.03226,1606091011242
47.530865,1606091011345
35.44304,1606091011449
28.125,1606091011552
28.04878,1606091011655
46.25,1606091011758
52.469135,1606091011862
38.21656,1606091011965
77.01864,1606091012068
49.375,1606091012173
39.634148,1606091012276
26.086956,1606091012379
27.60736,1606091012482
33.128834,1606091012586
44.155846,1606091012689
49.375,1606091012792
43.55828,1606091012897
76.36363,1606091013001
54.93827,1606091013104
35.50296,1606091013207
26.708075,1606091013310
31.0559,1606091013413
31.21019,1606091013517
50.92025,1606091013620
40.74074,1606091013724
58.282207,1606091013829
67.92453,1606091013933
41.358025,1606091014036
28.658537,1606091014139
31.012657,1606091014242
23.89937,1606091014345
41.25,1606091014450
55.555557,1606091014553
28.834354,1606091014657
63.636364,1606091014765
62.576687,1606091014868
37.654324,1606091014973
28.313251,1606091015076
27.5,1606091015180
32.71605,1606091015283
56.962025,1606091015387
32.738094,1606091015490
31.21019,1606091015593
57.48503,1606091015697
57.317074,1606091015801
40,1606091015904
26.54321,1606091016008
22.222223,1606091016112
28.04878,1606091016215
24.691359,1606091016319
23.75,1606091016422
25.925926,1606091016525
22.5,1606091016628
53.7037,1606091016733
48.125,1606091016836
30.000002,1606091016939
29.696972,1606091017042
29.090908,1606091017146
27.672955,1606091017249
52.173912,1606091017353
46.296295,1606091017457
57.926826,1606091017560
68.711655,1606091017665
41.25,1606091017768
33.536587,1606091017871
30.000002,1606091017974
27.160492,1606091018078
41.717793,1606091018181
51.851852,1606091018284
39.024387,1606091018389
75,1606091018498
53.08642,1606091018602
40.361446,1606091018706
30.434782,1606091018809
26.993864,1606091018912
47.468357,1606091019015
49.390244,1606091019118
46.875,1606091019221
77.57575,1606091019325
48.79518,1606091019429
31.44654,1606091019534
30.538923,1606091019637
27.60736,1606091019742
55,1606091019846
47.560974,1606091019950
52.20126,1606091020053
71.951225,1606091020156
51.219513,1606091020260
31.0559,1606091020364
30.246914,1606091020468
25.465837,1606091020571
41.104298,1606091020675
59.1716,1606091020779
31.48148,1606091020882
68.09816,1606091020986
61.392403,1606091021089
43.47826,1606091021192
30.246914,1606091021296
33.75,1606091021400
29.012346,1606091021504
55.151516,1606091021608
45.625,1606091021712
61.728394,1606091021820
68.862274,1606091021923
38.271606,1606091022026
29.55975,1606091022129
29.299364,1606091022233
26.875002,1606091022337
46.54088,1606091022440
51.515152,1606091022543
27.5,1606091022648
66.037735,1606091022752
63.125004,1606091022855
45.73171,1606091022960
30.722893,1606091023063
29.012346,1606091023167
31.09756,1606091023271
50.617283,1606091023375
46.341465,1606091023478
58.552628,1606091023582
70,1606091023685
44.09938,1606091023788
30.379745,1606091023892
26.54321,1606091023995
32.727272,1606091024098
51.219513,1606091024203
45.398773,1606091024306
53.571426,1606091024410
70.37037,1606091024513
44.375,1606091024617
33.333336,1606091024720
27.95031,1606091024824
29.090908,1606091024927
48.734177,1606091025031
47.85276,1606091025134
38.36478,1606091025237
73.29193,1606091025340
49.390244,1606091025445
38.922153,1606091025548
28.834354,1606091025651
27.60736,1606091025754
46.625767,1606091025858
50,1606091025962
37.724552,1606091026066
69.620255,1606091026173
59.1716,1606091026276
40.243904,1606091026379
30.909092,1606091026483
29.341316,1606091026586
51.219513,1606091026690
39.74359,1606091026794
28.75,1606091026897
27.215189,1606091027000
27.60736,1606091027104
65,1606091027208
67.08075,1606091027312
74.84663,1606091027415
41.975307,1606091027518
23.312883,1606091027623
25.308641,1606091027726
28.846153,1606091027830
24.242424,1606091027933
23.41772,1606091028037
28.75,1606091028141
22.424242,1606091028245
27.5,1606091028348
25.465837,1606091028452
20.625,1606091028555
30.864197,1606091028658
22.5,1606091028761
27.60736,1606091028866
48.79518,1606091028970
26.415094,1606091029073
32.71605,1606091029177
43.396225,1606091029280
54.268295,1606091029384
46.625767,1606091029487
77.639755,1606091029592
52.499996,1606091029696
46.296295,1606091029800
26.190477,1606091029903
31.67702,1606091030006
41.104298,1606091030110
44.375,1606091030214
53.614456,1606091030318
73.17073,1606091030422
52.439022,1606091030525
46.01227,1606091030628
28.834354,1606091030731
27.95031,1606091030834
44.91018,1606091030940
48.484848,1606091031044
42.07317,1606091031147
73.17073,1606091031251
54.93827,1606091031355
45.398773,1606091031458
27.777779,1606091031562
23.89937,1606091031666
38.323357,1606091031770
54.375,1606091031875
46.01227,1606091031978
40.74074,1606091032082
75.92593,1606091032187
54.268295,1606091032290
34.756096,1606091032395
26.666668,1606091032498
31.48148,1606091032601
36.419754,1606091032706
49.696968,1606091032809
45.18072,1606091032912
47.826088,1606091033033
70.053474,1606091033137
53.125,1606091033240
26.993864,1606091033344
32.93413,1606091033447
29.113924,1606091033551
40.74074,1606091033655
57.055218,1606091033758
46.625767,1606091033862
69.1358,1606091033967
56.44172,1606091034070
36.25,1606091034173
25.308641,1606091034276
32.71605,1606091034379
27.160492,1606091034483
51.898735,1606091034586
56.969696,1606091034690
42.236023,1606091034794
80.8642,1606091034899
49.101795,1606091035003
31.0559,1606091035106
32.317074,1606091035209
23.225807,1606091035313
26.415094,1606091035416
58.641975,1606091035519
46.58385,1606091035623
52.499996,1606091035726
74.375,1606091035829
41.614906,1606091035933
35.365852,1606091036036
29.62963,1606091036140
23.602484,1606091036243
46.875,1606091036346
51.497005,1606091036449
44.025154,1606091036553
76.13636,1606091036664
55.757576,1606091036768
43.030304,1606091036871
28.930819,1606091036975
26.086956,1606091037078
34.16149,1606091037181
50.625004,1606091037285
43.82716,1606091037389
53.750004,1606091037492
75.60976,1606091037596
47.85276,1606091037700
34.969322,1606091037803
25.308641,1606091037907
30.81761,1606091038010
46.107784,1606091038113
50.955414,1606091038216
50.943398,1606091038320
66.26506,1606091038424
58.536583,1606091038528
41.614906,1606091038632
27.878788,1606091038735
31.736526,1606091038838
49.382717,1606091038942
50.303032,1606091039046
54.037266,1606091039150
75.29412,1606091039254
50.90909,1606091039357
37.73585,1606091039460
27.5,1606091039563
27.95031,1606091039666
40.963856,1606091039771
46.296295,1606091039875
46.58385,1606091039978
57.419353,1606091040082
77.57575,1606091040185
55.279507,1606091040288
35.58282,1606091040391
27.5,1606091040494
32.098763,1606091040597
37.654324,1606091040702
53.125,1606091040805
50.92025,1606091040909
65.625,1606091041013
62.1118,1606091041116
40.74074,1606091041220
25.153374,1606091041324
33.742332,1606091041427
29.447853,1606091041530
52.83019,1606091041633
54.320984,1606091041739
57.66871,1606091041843
77.639755,1606091041946
51.219513,1606091042050
30.246914,1606091042153
30.188679,1606091042256
27.5,1606091042359
32.704403,1606091042463
57.14286,1606091042566
37.423313,1606091042670
58.88889,1606091042782
70.80745,1606091042886
44.242424,1606091042989
29.113924,1606091043092
28.301886,1606091043196
28.658537,1606091043300
47.79874,1606091043404
51.552795,1606091043507
33.75,1606091043611
73.29193,1606091043714
57.14286,1606091043817
42.682926,1606091043920
30.434782,1606091044024
26.086956,1606091044127
32.919254,1606091044231
45.73171,1606091044335
50,1606091044438
38.50932,1606091044541
75.31645,1606091044645
53.7037,1606091044748
40.37267,1606091044852
26.54321,1606091044955
29.090908,1606091045058
45.962734,1606091045161
50.943398,1606091045265
50.92025,1606091045368
66.46342,1606091045473
46.38554,1606091045576
33.12102,1606091045680
23.92638,1606091045784
38.650307,1606091045888
53.65854,1606091045992
39.024387,1606091046095
63.92405,1606091046198
66.66667,1606091046304
33.536587,1606091046407
32.098763,1606091046511
25.903616,1606091046615
40.99379,1606091046719
52.79503,1606091046823
47.85276,1606091046927
69.375,1606091047030
46.58385,1606091047133
27.044025,1606091047236
29.192547,1606091047339
35.58282,1606091047443
54.87805,1606091047547
39.8773,1606091047650
78.65854,1606091047755
53.125,1606091047858
37.341774,1606091047962
26.219511,1606091048065
31.288343,1606091048169
46.296295,1606091048273
50,1606091048376
46.25,1606091048480
70.55215,1606091048584
43.90244,1606091048689
30.000002,1606091048792
26.38037,1606091048895
30.909092,1606091048998
53.08642,1606091049102
37.654324,1606091049205
68.874176,1606091049309
54.658382,1606091049412
31.48148,1606091049515
30.909092,1606091049619
26.54321,1606091049722
41.875,1606091049826
50,1606091049930
49.044586,1606091050034
64.28571,1606091050137
41.25,1606091050240
25.625,1606091050343
32.738094,1606091050446
40.74074,1606091050550
47.435898,1606091050653
53.333336,1606091050757
74.07407,1606091050860
48.765434,1606091050964
34.545456,1606091051068
25.925926,1606091051171
29.813665,1606091051276
50.625004,1606091051380
41.463413,1606091051483
61.728394,1606091051588
61.212124,1606091051692
31.0559,1606091051796
28.75,1606091051899
26.38037,1606091052004
42.5,1606091052107
48.427673,1606091052210
55.82822,1606091052314
60.389606,1606091052417
41.104298,1606091052521
24.096386,1606091052624
31.09756,1606091052727
37.037037,1606091052831
50.306747,1606091052934
42.944786,1606091053038
68.51852,1606091053144
56.213017,1606091053247
41.07143,1606091053351
25.925926,1606091053455
28.658537,1606091053558
49.693253,1606091053663
40.4908,1606091053766
67.07317,1606091053870
61.728394,1606091053973
34.177216,1606091054076
31.288343,1606091054179
29.012346,1606091054283
49.375,1606091054386
44.936707,1606091054489
61.392403,1606091054594
50,1606091054697
30.625,1606091054801
25.308641,1606091054904
39.506172,1606091055007
50,1606091055111
36.875,1606091055214
76.78571,1606091055318
56.329113,1606091055421
28.57143,1606091055524
30.434782,1606091055627
32.53012,1606091055731
53.846157,1606091055834
49.101795,1606091055939
71.69811,1606091056042
47.204967,1606091056146
25,1606091056249
28.481012,1606091056352
33.939396,1606091056456
52.173912,1606091056560
50.625004,1606091056664
70.70064,1606091056768
45.18072,1606091056871
31.44654,1606091056974
28.658537,1606091057077
43.312103,1606091057180
48.10127,1606091057288
61.212124,1606091057392
58.49057,1606091057495
31.0559,1606091057598
27.878788,1606091057702
33.939396,1606091057806
53.65854,1606091057910
35.58282,1606091058014
27.096775,1606091058117
28.834354,1606091058221
26.086956,1606091058325
65,1606091058429
85.625,1606091058533
65.454544,1606091058636
29.62963,1606091058740
23.89937,1606091058844
29.113924,1606091058947
24.528303,1606091059050
24.539877,1606091059153
26.751593,1606091059257
24.84472,1606091059361
28.125,1606091059464
27.777779,1606091059568
25.609756,1606091059671
26.249998,1606091059774
26.249998,1606091059877
25.76687,1606091059980
27.8481,1606091060084
27.160492,1606091060187
26.708075,1606091060290
31.288343,1606091060394
30.000002,1606091060497
52.79503,1606091060600
51.219513,1606091060704
75,1606091060808
63.975155,1606091060911
38.36478,1606091061014
24.375,1606091061117
32.53012,1606091061221
25.786165,1606091061324
40.963856,1606091061427
52.439022,1606091061531
60.000004,1606091061634
63.92405,1606091061737
48.10127,1606091061841
28.395063,1606091061944
29.87805,1606091062048
35.44304,1606091062153
50.31447,1606091062257
42.138367,1606091062360
77.77778,1606091062464
53.04878,1606091062568
42.514973,1606091062672
26.249998,1606091062775
29.012346,1606091062878
32.121212,1606091062983
52.14724,1606091063086
52.564102,1606091063189
37.26708,1606091063293
85.27607,1606091063397
66.66667,1606091063501
38.650307,1606091063604
31.325302,1606091063707
28.57143,1606091063810
30.538923,1606091063916
54.49102,1606091064019
49.696968,1606091064123
59.74843,1606091064227
69.27711,1606091064331
45.833336,1606091064434
27.672955,1606091064538
28.481012,1606091064641
28.04878,1606091064744
50,1606091064849
54.545456,1606091064952
47.826088,1606091065055
70.90909,1606091065159
52.14724,1606091065262
35.757576,1606091065365
30.000002,1606091065468
29.447853,1606091065571
41.717793,1606091065674
53.37423,1606091065777
38.75,1606091065881
64.63415,1606091065986
70.625,1606091066090
45.28302,1606091066193
34.16149,1606091066296
40.60606,1606091066399
28.481012,1606091066502
46.83544,1606091066605
50.32258,1606091066709
44.444447,1606091066812
67.92453,1606091066917
56.09756,1606091067021
37.423313,1606091067125
34.756096,1606091067228
26.249998,1606091067331
41.717793,1606091067436
52.469135,1606091067540
36.708862,1606091067644
64.59627,1606091067747
62.96296,1606091067850
45.06173,1606091067954
27.215189,1606091068057
30.434782,1606091068160
30.967743,1606091068263
44.37086,1606091068366
56.790127,1606091068469
32.53012,1606091068573
59.62733,1606091068677
69.1358,1606091068780
49.693253,1606091068883
29.813665,1606091068986
28.301886,1606091069090
29.87805,1606091069194
41.40127,1606091069297
56.969696,1606091069401
38.414635,1606091069506
71.42857,1606091069610
68.63905,1606091069713
41.55844,1606091069816
29.62963,1606091069920
31.48148,1606091070023
27.044025,1606091070127
34.782608,1606091070230
53.205128,1606091070334
40.625,1606091070438
61.1465,1606091070541
65.83851,1606091070646
46.70659,1606091070750
31.288343,1606091070853
31.0559,1606091070957
28.91566,1606091071061
46.794872,1606091071164
56.024097,1606091071268
35,1606091071371
77.639755,1606091071475
57.594936,1606091071579
37.8882,1606091071682
27.388535,1606091071786
30.246914,1606091071889
31.0559,1606091071992
45.91195,1606091072096
50.92025,1606091072200
42.682926,1606091072306
81.76101,1606091072411
54.545456,1606091072514
34.5679,1606091072617
29.268291,1606091072721
28.143713,1606091072824
43.125,1606091072927
53.125,1606091073030
40.4908,1606091073133
83.13253,1606091073239
57.594936,1606091073343
41.717793,1606091073446
26.114649,1606091073551
28.313251,1606091073654
29.374998,1606091073758
47.204967,1606091073861
55.151516,1606091073964
50.31056,1606091074068
75.30865,1606091074173
53.939396,1606091074276
35.625,1606091074379
29.090908,1606091074482
31.90184,1606091074586
32.298134,1606091074690
53.125,1606091074794
49.09091,1606091074898
60.1227,1606091075001
66.87898,1606091075104
43.55828,1606091075209
31.927711,1606091075312
32.92683,1606091075416
30.864197,1606091075519
48.75,1606091075623
51.57233,1606091075726
42.592594,1606091075830
72.611465,1606091075935
52.439022,1606091076038
33.742332,1606091076142
25.465837,1606091076246
28.125,1606091076350
32.121212,1606091076453
55.90062,1606091076557
45.962734,1606091076660
60.606064,1606091076767
76.969696,1606091076872
46.01227,1606091076975
30.000002,1606091077078
29.62963,1606091077181
30.379745,1606091077285
54.268295,1606091077388
48.17073,1606091077493
61.874996,1606091077600
59.62733,1606091077703
39.2638,1606091077806
26.875002,1606091077910
23.529411,1606091078013
29.447853,1606091078117
46.42857,1606091078221
59.14634,1606091078324
35.849056,1606091078428
75.94936,1606091078531
54.87805,1606091078635
32.5,1606091078738
26.751593,1606091078841
27.777779,1606091078945
42.771084,1606091079049
53.65854,1606091079152
40.123455,1606091079255
65.644165,1606091079360
56.329113,1606091079464
36.19632,1606091079568
29.696972,1606091079672
26.708075,1606091079775
48.447205,1606091079879
45.398773,1606091079983
55.279507,1606091080087
62.345676,1606091080191
39.751553,1606091080294
27.5,1606091080397
28.75,1606091080501
36.645966,1606091080604
53.333336,1606091080707
45.398773,1606091080814
69.51219,1606091080918
48.79518,1606091081021
28.22086,1606091081125
28.125,1606091081228
31.736526,1606091081331
40.123455,1606091081435
52.76074,1606091081538
50.318474,1606091081642
71.69811,1606091081747
45.398773,1606091081850
28.301886,1606091081953
28.57143,1606091082056
43.82716,1606091082160
48.466255,1606091082263
52.83019,1606091082367
64.912285,1606091082474
37.037037,1606091082578
27.5,1606091082681
30.303032,1606091082784
45.73171,1606091082888
47.239265,1606091082991
68.9441,1606091083096
61.585365,1606091083199
35.625,1606091083303
25.465837,1606091083408
28.834354,1606091083511
50.318474,1606091083620
45.454548,1606091083723
59.14634,1606091083826
59.375,1606091083929
33.75,1606091084033
30.487806,1606091084136
25,1606091084239
48.17073,1606091084343
49.390244,1606091084446
59.876545,1606091084552
61.728394,1606091084656
40.60606,1606091084759
26.38037,1606091084862
31.09756,1606091084966
49.390244,1606091085071
42.944786,1606091085175
72.22222,1606091085278
49.09091,1606091085382
29.62963,1606091085485
27.8481,1606091085588
34.93976,1606091085692
54.658382,1606091085796
38.607594,1606091085899
72.39264,1606091086003
50.609756,1606091086106
32.93413,1606091086210
28.834354,1606091086313
37.579617,1606091086416
48.17073,1606091086521
48.780487,1606091086624
67.701866,1606091086727
36.875,1606091086830
29.813665,1606091086933
32.07547,1606091087037
54.545456,1606091087140
48.780487,1606091087243
24.691359,1606091087347
56.54762,1606091087459
91.954025,1606091087563
56.969696,1606091087667
28.75,1606091087770
27.95031,1606091087873
23.75,1606091087976
27.777779,1606091088080
27.329191,1606091088183
29.113924,1606091088286
31.09756,1606091088389
28.930819,1606091088492
40.625,1606091088596
52.79503,1606091088701
51.219513,1606091088804
69.67742,1606091088907
48.466255,1606091089011
32.098763,1606091089115
29.447853,1606091089218
26.58228,1606091089321
43.037975,1606091089425
53.7037,1606091089529
47.468357,1606091089633
76.92308,1606091089737
48.466255,1606091089841
31.288343,1606091089945
29.192547,1606091090048
38.650307,1606091090152
55.029583,1606091090255
32.692307,1606091090359
25.76687,1606091090462
29.192547,1606091090565
48.125,1606091090675
74.30168,1606091090783
91.97531,1606091090886
56.886227,1606091090990
30.000002,1606091091093
27.95031,1606091091197
24.074074,1606091091300
31.515152,1606091091405
27.160492,1606091091508
24.691359,1606091091613
26.875002,1606091091716
25.308641,1606091091819
25.308641,1606091091922
29.87805,1606091092025
25.925926,1606091092129
25,1606091092232
25.477707,1606091092335
27.60736,1606091092439
31.25,1606091092542
30.81761,1606091092645
27.044025,1606091092748
47.16981,1606091092853
53.939396,1606091092957
50.609756,1606091093060
71.25,1606091093163
48.466255,1606091093267
33.128834,1606091093370
30.625,1606091093474
29.696972,1606091093579
46.913578,1606091093685
53.939396,1606091093789
33.742332,1606091093893
70.80745,1606091093997
60.493828,1606091094100
40.37267,1606091094204
32.51534,1606091094308
31.325302,1606091094411
29.696972,1606091094514
47.468357,1606091094619
54.037266,1606091094722
37.037037,1606091094825
80.769226,1606091094929
66.26506,1606091095032
43.209877,1606091095135
27.044025,1606091095238
26.708075,1606091095341
39.490448,1606091095446
46.794872,1606091095549
45.34884,1606091095661
67.07317,1606091095766
61.818184,1606091095870
40.243904,1606091095973
26.708075,1606091096076
29.87805,1606091096179
31.67702,1606091096283
51.25,1606091096386
49.68944,1606091096489
62.874252,1606091096603
67.06587,1606091096707
41.975307,1606091096810
27.215189,1606091096913
31.288343,1606091097016
28.125,1606091097119
50.609756,1606091097224
52.12121,1606091097327
48.780487,1606091097430
76.72956,1606091097533
46.58385,1606091097637
32.71605,1606091097741
28.57143,1606091097845
24.691359,1606091097949
30.246914,1606091098053
53.45912,1606091098156
49.390244,1606091098260
45.22293,1606091098392
75.242714,1606091098496
47.85276,1606091098599
32.727272,1606091098702
32.727272,1606091098806
28.930819,1606091098909
52.499996,1606091099013
51.53374,1606091099116
32.911392,1606091099220
68.902435,1606091099323
58.749996,1606091099428
39.39394,1606091099531
28.658537,1606091099634
28.930819,1606091099737
31.44654,1606091099841
54.430378,1606091099944
50.617283,1606091100048
49.36709,1606091100152
72.22222,1606091100255
46.25,1606091100358
30.81761,1606091100462
30.674849,1606091100565
26.58228,1606091100669
49.7006,1606091100773
53.37423,1606091100876
43.037975,1606091100980
72.121216,1606091101085
55.555557,1606091101189
38.650307,1606091101292
33.13253,1606091101396
35.757576,1606091101500
57.961784,1606091101603
59.03614,1606091101707
60.000004,1606091101811
79.012344,1606091101914
53.41615,1606091102017
41.717793,1606091102120
33.136093,1606091102232
31.288343,1606091102335
43.975906,1606091102439
49.382717,1606091102543
38.414635,1606091102646
64.53488,1606091102761
59.006214,1606091102864
40.123455,1606091102967
29.032257,1606091103070
28.658537,1606091103173
40,1606091103276
52.439022,1606091103379
40.99379,1606091103483
59.354836,1606091103586
64.15094,1606091103689
43.90244,1606091103795
28.658537,1606091103898
32.317074,1606091104001
27.777779,1606091104104
45.625,1606091104207
52.14724,1606091104310
35.625,1606091104415
70.25317,1606091104518
57.5,1606091104621
36.25,1606091104725
30.909092,1606091104828
30.864197,1606091104931
28.834354,1606091105034
45.679012,1606091105137
47.7707,1606091105241
37.654324,1606091105346
71.51515,1606091105449
62.874252,1606091105553
43.82716,1606091105656
28.125,1606091105760
31.325302,1606091105863
28.125,1606091105967
46.58385,1606091106071
52.12121,1606091106174
34.16149,1606091106277
68.15287,1606091106380
58.641975,1606091106484
37.97468,1606091106588
28.91566,1606091106691
29.268291,1606091106794
28.57143,1606091106898
53.16456,1606091107001
47.560974,1606091107105
48.9011,1606091107222
71.779144,1606091107325
46.951218,1606091107429
31.48148,1606091107532
30.246914,1606091107635
28.22086,1606091107738
49.06832,1606091107841
56.09756,1606091107945
36.708862,1606091108049
84.662575,1606091108152
53.571426,1606091108255
34.5679,1606091108359
30.000002,1606091108462
28.22086,1606091108565
40.243904,1606091108669
51.552795,1606091108772
36.419754,1606091108875
59.195404,1606091108986
65.605095,1606091109090
45.22293,1606091109194
32.92683,1606091109297
29.62963,1606091109401
26.415094,1606091109504
47.272728,1606091109607
50.31447,1606091109710
51.515152,1606091109814
75.31645,1606091109917
48.734177,1606091110020
36.645966,1606091110123
29.374998,1606091110227
27.439026,1606091110331
44.785275,1606091110435
55.624996,1606091110539
54.93827,1606091110642
71.951225,1606091110746
83.24608,1606091110869
74.69135,1606091110972
53.125,1606091111076
24.050634,1606091111179
23.125,1606091111282
26.54321,1606091111386
23.170732,1606091111490
30.487806,1606091111593
29.113924,1606091111697
25.308641,1606091111800
45.679012,1606091111903
51.875,1606091112008
41.40127,1606091112112
77.639755,1606091112217
50.90909,1606091112321
35.220127,1606091112424
31.288343,1606091112528
23.92638,1606091112631
39.751553,1606091112734
54.268295,1606091112839
37.654324,1606091112942
39.506172,1606091113046
80.606064,1606091113151
52.76074,1606091113254
36.25,1606091113357
27.60736,1606091113460
29.87805,1606091113563
34.394905,1606091113669
52.439022,1606091113773
39.285713,1606091113878
60.625,1606091113982
65.83851,1606091114086
43.125,1606091114190
26.58228,1606091114294
29.192547,1606091114397
29.62963,1606091114502
48.75,1606091114605
53.750004,1606091114708
46.70659,1606091114812
68.83117,1606091114916
48.765434,1606091115019
34.756096,1606091115122
28.658537,1606091115225
29.87805,1606091115328
42.236023,1606091115431
52.727272,1606091115534
48.10127,1606091115638
73.417725,1606091115744
54.545456,1606091115848
35.365852,1606091115951
27.95031,1606091116054
29.447853,1606091116158
41.29032,1606091116261
52.727272,1606091116365
34.16149,1606091116469
70.987656,1606091116574
54.166668,1606091116677
35.897438,1606091116780
29.192547,1606091116884
30.722893,1606091116987
37.654324,1606091117090
54.545456,1606091117193
51.282055,1606091117297
68.711655,1606091117401
47.239265,1606091117504
33.540375,1606091117608
28.395063,1606091117711
30.674849,1606091117815
48.780487,1606091117918
48.10127,1606091118021
54.21687,1606091118126
66.66667,1606091118229
32.704403,1606091118332
34.355827,1606091118435
28.395063,1606091118539
38.271606,1606091118643
56.09756,1606091118749
48.447205,1606091118858
72,1606091118961
52.439022,1606091119064
30.06135,1606091119168
30.06135,1606091119272
30.120483,1606091119376
45.12195,1606091119479
61.538464,1606091119583
41.104298,1606091119687
73.78049,1606091119790
45.962734,1606091119894
25.465837,1606091119997
25.625,1606091120100
31.325302,1606091120203
49.09091,1606091120307
42.948715,1606091120410
61.363636,1606091120522
59.876545,1606091120625
39.506172,1606091120729
26.54321,1606091120832
32.727272,1606091120935
56.875004,1606091121039
43.292683,1606091121142
23.75,1606091121246
23.56688,1606091121349
22.435898,1606091121452
38.88889,1606091121555
84.242424,1606091121660
77.707,1606091121763
43.55828,1606091121866
20.253164,1606091121970
23.89937,1606091122073
25.609756,1606091122177
23.75,1606091122281
28.22086,1606091122385
24.539877,1606091122488
24.84472,1606091122592
29.87805,1606091122695
22.360249,1606091122798
26.38037,1606091122902
27.160492,1606091123005
22.222223,1606091123108
22.929937,1606091123211
24.223602,1606091123314
28.301886,1606091123418
26.708075,1606091123521
27.272728,1606091123624
45.12195,1606091123728
55.555557,1606091123831
33.536587,1606091123935
78.26087,1606091124040
58.433735,1606091124143
37.423313,1606091124246
26.114649,1606091124349
31.875,1606091124452
32.53012,1606091124556
49.36709,1606091124659
44.720497,1606091124762
60.493828,1606091124868
66.46342,1606091124971
41.566265,1606091125074
32.727272,1606091125177
28.930819,1606091125281
38.50932,1606091125385
53.614456,1606091125488
37.8882,1606091125592
83.13253,1606091125696
55.90062,1606091125799
40.37267,1606091125902
26.060604,1606091126009
29.696972,1606091126112
28.75,1606091126215
54.268295,1606091126319
55.21472,1606091126424
64,1606091126534
65.625,1606091126638
46.296295,1606091126741
25.316456,1606091126844
28.57143,1606091126947
30.864197,1606091127050
51.25,1606091127155
51.515152,1606091127259
55.555557,1606091127366
76.073616,1606091127470
51.25,1606091127573
26.58228,1606091127676
29.012346,1606091127779
30.864197,1606091127883
41.358025,1606091127988
54.21687,1606091128090
38.181816,1606091128194
79.012344,1606091128299
55.555557,1606091128402
40.76433,1606091128505
28.125,1606091128608
33.333336,1606091128711
25.925926,1606091128815
39.240505,1606091128919
54.21687,1606091129022
47.878788,1606091129127
68.9441,1606091129231
53.65854,1606091129335
36.419754,1606091129438
31.288343,1606091129542
24.050634,1606091129645
27.777779,1606091129749
51.851852,1606091129852
47.468357,1606091129957
43.90244,1606091130060
79.012344,1606091130164
49.079754,1606091130269
38.75,1606091130372
26.875002,1606091130475
27.60736,1606091130578
31.90184,1606091130681
49.68153,1606091130785
47.85276,1606091130888
40.50633,1606091130992
76.82927,1606091131096
51.20482,1606091131199
33.75,1606091131302
27.878788,1606091131405
29.192547,1606091131508
42.236023,1606091131612
52.439022,1606091131715
48.765434,1606091131818
76.72956,1606091131923
56.790127,1606091132027
38.88889,1606091132130
26.086956,1606091132233
28.75,1606091132337
47.204967,1606091132441
49.693253,1606091132544
50.625004,1606091132648
73.17073,1606091132753
50.303032,1606091132856
35.625,1606091132960
23.780487,1606091133063
31.288343,1606091133166
39.506172,1606091133270
46.875,1606091133374
48.10127,1606091133478
69.87952,1606091133583
63.190186,1606091133686
42.236023,1606091133789
28.143713,1606091133893
30.674849,1606091133996
42.944786,1606091134099
50,1606091134203
47.878788,1606091134306
74.53416,1606091134410
52.79503,1606091134513
38.50932,1606091134616
25.925926,1606091134720
25.477707,1606091134824
32.51534,1606091134927
47.85276,1606091135030
52.469135,1606091135135
42.07317,1606091135241
68.02326,1606091135350
53.08642,1606091135455
33.536587,1606091135558
29.268291,1606091135661
25.157234,1606091135764
29.746836,1606091135868
53.98773,1606091135972
46.625767,1606091136075
58.181816,1606091136179
72.39264,1606091136282
46.296295,1606091136386
26.875002,1606091136490
30.303032,1606091136594
26.54321,1606091136698
43.712574,1606091136802
51.265823,1606091136905
43.55828,1606091137008
71.604935,1606091137112
56.707317,1606091137215
36.144577,1606091137320
33.92857,1606091137423
29.012346,1606091137527
41.104298,1606091137632
54.037266,1606091137736
39.8773,1606091137839
75.92593,1606091137943
58.895706,1606091138046
34.394905,1606091138149
29.090908,1606091138253
28.125,1606091138356
29.813665,1606091138460
56.44172,1606091138563
47.826088,1606091138666
55.621304,1606091138778
62.5,1606091138882
40.4908,1606091138985
27.329191,1606091139088
28.834354,1606091139193
33.540375,1606091139296
51.515152,1606091139401
43.90244,1606091139504
48.765434,1606091139609
70.12195,1606091139713
45.454548,1606091139816
27.272728,1606091139920
28.930819,1606091140023
33.532936,1606091140130
46.341465,1606091140233
42.948715,1606091140336
65.605095,1606091140441
62.650604,1606091140546
39.2638,1606091140649
27.160492,1606091140752
29.62963,1606091140855
47.468357,1606091140958
40.99379,1606091141062
52.486187,1606091141176
73.24841,1606091141280
37.8882,1606091141384
30.722893,1606091141488
28.395063,1606091141591
29.192547,1606091141695
54.93827,1606091141799
40.880505,1606091141902
69.75309,1606091142006
53.98773,1606091142110
30.722893,1606091142214
27.672955,1606091142317
28.395063,1606091142420
46.38554,1606091142523
50,1606091142626
52.76074,1606091142731
65.03068,1606091142836
36.477985,1606091142939
26.993864,1606091143042
24.683544,1606091143145
39.622643,1606091143248
52.469135,1606091143351
35.220127,1606091143455
78.85714,1606091143565
41.21212,1606091143668
28.75,1606091143772
25.465837,1606091143875
37.5,1606091143979
51.829266,1606091144083
46.25,1606091144187
68.9441,1606091144291
42.5,1606091144394
29.62963,1606091144498
25.316456,1606091144601
43.47826,1606091144704
47.826088,1606091144807
51.265823,1606091144911
75.4717,1606091145014
40.625,1606091145117
31.90184,1606091145220
24.84472,1606091145325
39.2638,1606091145429
52.439022,1606091145533
39.884396,1606091145645
61.818184,1606091145748
51.265823,1606091145852
31.515152,1606091145955
26.58228,1606091146059
26.666668,1606091146163
37.341774,1606091146266
50.63291,1606091146369
45.16129,1606091146473
69.375,1606091146576
44.720497,1606091146679
26.249998,1606091146782
30.303032,1606091146886
27.8481,1606091146989
49.382717,1606091147092
38.75,1606091147195
59.03614,1606091147302
56.707317,1606091147405
34.782608,1606091147508
26.219511,1606091147611
35.185184,1606091147717
51.53374,1606091147820
45.962734,1606091147924
70.55215,1606091148028
45.625,1606091148131
29.268291,1606091148235
27.95031,1606091148339
30.357143,1606091148448
48.502995,1606091148552
50.617283,1606091148655
56.44172,1606091148758
54.658382,1606091148862
31.48148,1606091148966
26.54321,1606091149069
42.261906,1606091149173
49.375,1606091149277
45.679012,1606091149380
70.12195,1606091149483
40.60606,1606091149586
33.540375,1606091149690
29.012346,1606091149794
27.54491,1606091149897
51.234566,1606091150000
42.767296,1606091150104
70.731705,1606091150208
50.898205,1606091150311
26.58228,1606091150414
28.75,1606091150517
37.8882,1606091150621
43.670887,1606091150725
52.83019,1606091150829
61.1465,1606091150933
36.875,1606091151036
29.62963,1606091151139
25,1606091151242
45.454548,1606091151345
47.239265,1606091151449
51.80723,1606091151553
66.46342,1606091151657
39.024387,1606091151763
31.137726,1606091151867
30.303032,1606091151970
50,1606091152075
52.173912,1606091152178
25,1606091152281
23.602484,1606091152385
23.717949,1606091152488
43.396225,1606091152591
83.22981,1606091152695
62.96296,1606091152799
23.41772,1606091152902
25.609756,1606091153005
38.271606,1606091153109
27.439026,1606091153213
26.249998,1606091153317
26.54321,1606091153420
40.99379,1606091153524
33.125,1606091153628
32.5,1606091153731
33.333336,1606091153835
35.365852,1606091153938
30.967743,1606091154041
30.625,1606091154144
36.419754,1606091154248
32.704403,1606091154353
35.185184,1606091154456
32.919254,1606091154560
39.2638,1606091154664
65.83851,1606091154767
55.555557,1606091154871
84.5679,1606091154977
63.80368,1606091155082
44.378696,1606091155185
35.625,1606091155288
37.575756,1606091155391
48.148148,1606091155495
62.732918,1606091155599
47.5,1606091155703
83.63636,1606091155808
59.354836,1606091155911
43.55828,1606091156014
33.742332,1606091156117
33.333336,1606091156221
44.17178,1606091156324
58.125,1606091156427
50,1606091156531
73.75,1606091156634
50.90909,1606091156737
32.911392,1606091156840
29.447853,1606091156944
24.539877,1606091157046
19.277107,1606091157149
21.472393,1606091157252
15.853659,1606091157355
43.45238,1606091157458
31.09756,1606091157561
10.97561,1606091157664
6.134969,1606091157767
6.6265063,1606091157870
19.512194,1606091157973
11.801242,1606091158076
29.090908,1606091158179
21.818182,1606091158282
36.875,1606091158385
11.515152,1606091158489
6.0240965,1606091158592
3.6585364,1606091158695
13.690476,1606091158798
6.097561,1606091158901
20,1606091159004
15.95092,1606091159108
7.228915,1606091159211
6.0240965,1606091159314
5.4545455,1606091159418
16.969698,1606091159521
9.090909,1606091159624
4.3209877,1606091159727
6.0240965,1606091159829
3.6809816,1606091159932
14.197532,1606091160035
24.848484,1606091160138
