1605883155401,"00000000":0
1605883159139,"00000000":1
1605883161586,"00000000":2
1605883164329,"00000000":3
1605883166570,"00000000":4
1605883168889,"00000000":5
1605883172631,"00000000":6,"00000000":7,"00000000":8,"00000000":9,"00000000":10
1605883175295,"6f2a22aa":0,"6f2a22aa":1,"6f2a22aa":2,"6f2a22aa":3,"6f2a22aa":4,"6f2a22aa":5,"6f2a22aa":6,"6f2a22aa":7,"6f2a22aa":8,"6f2a22aa":9,"6f2a22aa":10,"6f2a22aa":11,"6f2a22aa":12,"6f2a22aa":13,"6f2a22aa":14,"6f2a22aa":15,"6f2a22aa":16,"6f2a22aa":17,"6f2a22aa":18,"6f2a22aa":19,"518cd58d":0,"e04f8a72":0,"e04f8a72":1,"7a7f7db7":0,"7a7f7db7":1,"7a7f7db7":2,"7a7f7db7":3,"7a7f7db7":4,"7a7f7db7":5
1605883175604,"e04f8a72":2,"e04f8a72":3,"e04f8a72":4,"e04f8a72":5,"e04f8a72":6,"e04f8a72":7,"e04f8a72":8,"e04f8a72":9,"e04f8a72":10,"e04f8a72":11,"e04f8a72":12,"e04f8a72":13,"e04f8a72":14,"e04f8a72":15,"e04f8a72":16,"e04f8a72":17,"e04f8a72":18,"e04f8a72":19,"7a7f7db7":6,"7a7f7db7":7,"7a7f7db7":8,"7a7f7db7":9,"7a7f7db7":10,"7a7f7db7":11,"7a7f7db7":12,"7a7f7db7":13,"7a7f7db7":14,"7a7f7db7":15,"7a7f7db7":16,"7a7f7db7":17,"7a7f7db7":18,"7a7f7db7":19,"518cd58d":1,"518cd58d":2,"518cd58d":3,"518cd58d":4,"518cd58d":5,"518cd58d":6,"518cd58d":7,"518cd58d":8,"518cd58d":9,"518cd58d":10,"518cd58d":11,"518cd58d":12,"518cd58d":13,"518cd58d":14,"518cd58d":15,"518cd58d":16,"518cd58d":17,"518cd58d":18,"518cd58d":19
1605883177111,"6f2a22aa":20,"6f2a22aa":21,"6f2a22aa":22,"6f2a22aa":23
1605883177619,"e04f8a72":20,"e04f8a72":21,"e04f8a72":22,"e04f8a72":23,"7a7f7db7":20,"7a7f7db7":21,"7a7f7db7":22,"7a7f7db7":23
1605883178114,"518cd58d":20,"518cd58d":21,"518cd58d":22,"518cd58d":23
1605883179851,"f293dd5b":0,"f293dd5b":1,"f293dd5b":2,"f293dd5b":3,"f293dd5b":4,"f293dd5b":5,"f293dd5b":6,"f293dd5b":7,"f293dd5b":8,"f293dd5b":9,"f293dd5b":10,"f293dd5b":11,"f293dd5b":12,"f293dd5b":13,"f293dd5b":14,"f293dd5b":15,"f293dd5b":16,"f293dd5b":17,"f293dd5b":18,"f293dd5b":19
1605883182173,"f293dd5b":20,"f293dd5b":21,"f293dd5b":22,"f293dd5b":23
1605883188575,"9c033fbe":0,"bf9562cc":0,"55e34101":0,"214fe54e":0,"27de3225":0,"7b3a8bd4":0,"b3da54fb":0,"06e6abba":0,"8c8f3151":0,"a3a7f0b9":0,"0ad91f6c":0,"85287073":0,"52bb65f0":0,"5b41ab20":0,"8e83e235":0,"74576d5a":0,"6ab2cf6e":0,"adc3b5be":0,"9e6e0a42":0,"6fcdc62d":0,"67bb1522":0,"af954878":0,"9a179cd0":0,"e73559c4":0,"b5075d35":0,"59284d29":0,"5c61e86a":0,"7d5eae50":0,"9f1a87df":0,"851f46ad":0,"ee370f3f":0,"a7d846d3":0,"bb23ea68":0,"5787beef":0,"e2929307":0,"204e6ea2":0,"7148805c":0,"26f70e3d":0,"cb3d14e0":0,"d3dfc1c6":0,"d3847d78":0,"45529a2b":0,"8b19033e":0,"eac5a138":0,"85a5a991":0,"e0f73b95":0,"5305e03a":0,"47efa363":0,"214fe54e":1,"67bb1522":1,"9e6e0a42":1,"bb23ea68":1,"5305e03a":1,"d3dfc1c6":1,"29c14aac":0,"66ccdf1b":0,"3676a672":0,"7f9a5318":0,"2f762aa3":0,"ac8a26fd":0,"f05ffeaf":0,"1fbd6749":0,"6550664c":0,"a76c327e":0,"ffd890be":0,"ab0f904a":0,"7624175c":0,"fdc37183":0,"5f8be2a0":0,"5d325caa":0,"d863f70e":0,"6f53f173":0,"47772e4e":0,"3ca27b2d":0,"78573c52":0,"e3180631":0,"45a90631":0,"a0ab1d27":0,"90f55ba7":0,"ff4a30ad":0,"49d87347":0,"52ff89c3":0,"7c4bcfe2":0,"f5682647":0,"3f976948":0,"42506a82":0,"c66a74e7":0,"c824b8c1":0,"59776979":0
1605883188575,"7d9d206f":0,"043d15b4":0,"d1d65a7d":0,"fd4c374e":0,"3c295178":0,"c9c4c1b8":0,"46838e54":0,"1f2989a7":0,"e799aa34":0,"c9583312":0,"99dd4fe5":0,"c50d03c0":0,"b0c7ac47":0,"2ca6cc3a":0,"abd5a7b2":0,"aad09fc0":0,"5e4edf1b":0,"685e0708":0,"70328518":0,"d7f4a2df":0,"703279f9":0,"4f732e78":0,"26571530":0,"901a7930":0,"2f5aa476":0,"8b905406":0,"842ddd96":0,"588c0bad":0,"3d9fa89a":0,"0498a6a4":0,"11d09196":0,"b07858b9":0,"95501f25":0,"65ac70ef":0,"0089cf23":0,"3692b1da":0,"67431d12":0,"c50d03c0":1,"7d9d206f":1,"6550664c":1,"26571530":1,"842ddd96":1,"aad09fc0":1,"66ccdf1b":1,"6550664c":2,"ffd890be":1,"d7f4a2df":1,"2f5aa476":1,"67431d12":1,"d1d65a7d":1,"99dd4fe5":1,"46838e54":1,"65ac70ef":1,"aad09fc0":2,"0498a6a4":1,"47772e4e":1,"d863f70e":1,"52ff89c3":1,"c824b8c1":1,"c66a74e7":1,"ff4a30ad":1,"c9c4c1b8":1,"6550664c":3,"ac8a26fd":1,"842ddd96":2,"aad09fc0":3,"65ac70ef":2,"85a5a991":1,"bb23ea68":2,"d3dfc1c6":2,"c824b8c1":2,"6f53f173":1,"45a90631":1,"7b3a8bd4":1,"eac5a138":1,"5305e03a":2,"e799aa34":1,"043d15b4":1,"ffd890be":2,"65ac70ef":3,"842ddd96":3,"3d9fa89a":1,"49d87347":1,"e3180631":1,"d863f70e":2,"8b19033e":1,"cb3d14e0":1,"9f1a87df":1,"f05ffeaf":1,"66ccdf1b":2,"ffd890be":3,"842ddd96":4,"aad09fc0":4,"2f5aa476":2,"c824b8c1":3,"d863f70e":3,"c66a74e7":2,"b5075d35":1,"adc3b5be":1,"85287073":1,"8b19033e":2,"e2929307":1,"ee370f3f":1,"8e83e235":1,"67bb1522":2,"9a179cd0":1,"8c8f3151":1,"8e83e235":2,"214fe54e":2,"214fe54e":3,"5b41ab20":1,"e73559c4":1,"e799aa34":2,"6550664c":4,"ac8a26fd":2,"2f5aa476":3,"abd5a7b2":1,"0089cf23":1,"d3dfc1c6":3,"eac5a138":2,"9f1a87df":2,"47772e4e":2,"6f53f173":2,"7c4bcfe2":1,"52bb65f0":1,"e73559c4":2,"8c8f3151":2
1605883188575,"cb3d14e0":2,"d3dfc1c6":4,"85a5a991":2,"52bb65f0":2,"af954878":1,"8c8f3151":3,"47efa363":1,"e2929307":2,"e0f73b95":1,"6fcdc62d":1,"e73559c4":3,"8c8f3151":4,"c824b8c1":4,"c66a74e7":3,"ff4a30ad":2,"9f1a87df":3,"7d5eae50":1,"27de3225":1,"b5075d35":2,"55e34101":1,"5b41ab20":2,"47772e4e":3,"7c4bcfe2":2,"f5682647":1,"0089cf23":2,"abd5a7b2":2,"11d09196":1,"7d5eae50":2,"5305e03a":3,"5787beef":1,"9a179cd0":2,"55e34101":2,"59284d29":1,"c824b8c1":5,"7c4bcfe2":3,"7624175c":1,"0089cf23":3,"65ac70ef":4,"901a7930":1,"eac5a138":3,"b3da54fb":1,"6ab2cf6e":1,"06e6abba":1,"8b19033e":3,"043d15b4":2,"66ccdf1b":3,"7d9d206f":2,"9e6e0a42":2,"d863f70e":4,"90f55ba7":1,"5d325caa":1,"0089cf23":4,"3692b1da":1,"26571530":2,"6550664c":5,"b0c7ac47":1,"46838e54":2,"66ccdf1b":4,"7f9a5318":1,"3676a672":1,"26f70e3d":1,"eac5a138":4,"7148805c":1,"214fe54e":4,"af954878":2,"67bb1522":3
1605883188675,"70328518":1,"abd5a7b2":3,"2f5aa476":4,"7f9a5318":2,"a76c327e":1,"ac8a26fd":3,"70328518":2,"588c0bad":1,"901a7930":2,"d1d65a7d":2,"f05ffeaf":2,"3676a672":2,"3f976948":1,"59776979":1,"a0ab1d27":1,"8b905406":1,"685e0708":1,"842ddd96":5,"99dd4fe5":2,"2f762aa3":1,"c9583312":1,"6f53f173":3,"3ca27b2d":1,"3f976948":2,"8b905406":2,"842ddd96":6,"4f732e78":1,"2ca6cc3a":1,"11d09196":2,"0498a6a4":2,"6550664c":6,"a76c327e":2,"043d15b4":3,"2f762aa3":2,"c9583312":2,"fd4c374e":1,"78573c52":1,"7c4bcfe2":4,"5d325caa":2,"214fe54e":5,"59284d29":2,"55e34101":3,"47efa363":2,"a7d846d3":1,"5787beef":2,"aad09fc0":5,"26571530":3,"b07858b9":1,"0089cf23":5,"685e0708":2,"3692b1da":2
1605883191430,"66ccdf1b":5,"f05ffeaf":3,"7f9a5318":3,"d1d65a7d":3,"1fbd6749":1,"ac8a26fd":4,"45a90631":2,"c824b8c1":6,"47772e4e":4,"42506a82":1,"7624175c":2,"c66a74e7":4,"6ab2cf6e":2,"9a179cd0":3,"5b41ab20":3,"8e83e235":3,"8c8f3151":5,"55e34101":4,"26f70e3d":2,"eac5a138":5,"27de3225":2,"ee370f3f":2,"45529a2b":1,"5787beef":3,"d1d65a7d":4,"043d15b4":4,"3c295178":1,"e799aa34":3,"c9583312":3,"7d9d206f":3,"8b905406":3,"2f5aa476":5,"95501f25":1,"abd5a7b2":4,"588c0bad":2,"b07858b9":2,"45a90631":3,"ab0f904a":1,"e3180631":2,"52ff89c3":2,"59776979":2,"5f8be2a0":1,"52bb65f0":3,"9a179cd0":4,"bf9562cc":1,"af954878":3,"5b41ab20":4,"85287073":2,"5305e03a":4,"7d5eae50":3,"cb3d14e0":3,"9f1a87df":4,"5787beef":4,"7b3a8bd4":2,"e799aa34":4,"3c295178":2,"c50d03c0":2,"6550664c":7,"fd4c374e":2,"1fbd6749":2,"0089cf23":6,"2ca6cc3a":2,"3692b1da":3,"70328518":3,"842ddd96":7,"65ac70ef":5,"b3da54fb":2,"c824b8c1":7,"fdc37183":1,"59776979":3,"7624175c":3,"47772e4e":5,"c66a74e7":5,"9a179cd0":5,"6fcdc62d":2,"adc3b5be":2,"8e83e235":4,"74576d5a":1,"55e34101":5,"cb3d14e0":4,"5305e03a":5,"d3847d78":1,"e0f73b95":2,"7148805c":2,"d1d65a7d":5,"29c14aac":1,"a76c327e":3,"043d15b4":5,"46838e54":3,"7d9d206f":4,"aad09fc0":6,"67431d12":2,"901a7930":3,"588c0bad":3,"11d09196":3,"842ddd96":8,"7d5eae50":4,"b3da54fb":3,"8b19033e":4,"5305e03a":6,"ee370f3f":3,"47772e4e":6,"45a90631":4,"a0ab1d27":2,"5f8be2a0":2,"7c4bcfe2":5,"5d325caa":3,"9a179cd0":6,"6fcdc62d":3,"5b41ab20":5,"e73559c4":4,"67bb1522":4,"8e83e235":5,"7148805c":3
1605883196452,"45a90631":12,"ff4a30ad":10,"49d87347":7,"7c4bcfe2":11,"78573c52":11,"7624175c":9,"3f976948":11,"5d325caa":12,"c66a74e7":11,"b3da54fb":10,"26f70e3d":9,"a7d846d3":11,"d3847d78":6,"5787beef":10,"47efa363":9,"7b3a8bd4":9,"cb3d14e0":15,"e0f73b95":11,"59284d29":9,"5b41ab20":13,"214fe54e":13,"0ad91f6c":9,"67bb1522":11,"9a179cd0":17,"8e83e235":12,"55e34101":16,"9e6e0a42":12,"42506a82":7,"45a90631":13,"3f976948":12,"5f8be2a0":8,"3ca27b2d":12,"47772e4e":14,"7624175c":10,"5d325caa":13,"f5682647":12,"45529a2b":8,"e2929307":14,"a7d846d3":12,"7d5eae50":17,"7148805c":12,"cb3d14e0":16,"d3dfc1c6":16,"8b19033e":17,"47efa363":10,"59284d29":10,"5b41ab20":14,"214fe54e":14,"9a179cd0":18,"74576d5a":12,"52bb65f0":12,"af954878":13,"e73559c4":11,"a3a7f0b9":7,"45a90631":14,"ff4a30ad":11,"78573c52":12,"3ca27b2d":13,"3f976948":13,"47772e4e":15,"7624175c":11,"5d325caa":14,"f5682647":13,"b3da54fb":11,"9f1a87df":13,"a7d846d3":13,"e0f73b95":12,"2f762aa3":10,"043d15b4":13,"3676a672":10,"ac8a26fd":12,"67431d12":12,"2ca6cc3a":9,"abd5a7b2":14,"0498a6a4":7,"3d9fa89a":8,"70328518":10,"0089cf23":10,"2f5aa476":12,"2f5aa476":13,"685e0708":7,"685e0708":8,"3692b1da":10,"588c0bad":13,"5e4edf1b":5,"d7f4a2df":10,"8b905406":9,"8b905406":10,"95501f25":11,"0089cf23":11,"0089cf23":12,"588c0bad":14,"3692b1da":11,"3692b1da":12,"11d09196":10,"b07858b9":9,"26571530":12,"d7f4a2df":11,"d3847d78":7,"66ccdf1b":14,"99dd4fe5":10,"a76c327e":6,"a76c327e":7,"fd4c374e":12,"29c14aac":10,"29c14aac":11,"c50d03c0":11,"1f2989a7":3,"1f2989a7":4,"c9c4c1b8":8,"c9c4c1b8":9,"e799aa34":12,"e799aa34":13,"f05ffeaf":13,"f05ffeaf":14,"f05ffeaf":15,"ffd890be":10,"ffd890be":11,"ffd890be":12,"7d9d206f":11,"7d9d206f":12,"46838e54":11,"d3dfc1c6":17,"ee370f3f":15,"851f46ad":4,"bb23ea68":7,"bf9562cc":11,"6ab2cf6e":12,"9a179cd0":19,"5b41ab20":15,"b5075d35":13,"74576d5a":13,"9c033fbe":9,"9e6e0a42":13,"85287073":8,"043d15b4":14,"c9c4c1b8":10,"aad09fc0":15,"8b905406":11,"0089cf23":13,"65ac70ef":12,"fdc37183":11,"59776979":8,"3ca27b2d":14,"ab0f904a":8,"c824b8c1":14,"78573c52":13,"c66a74e7":12,"f5682647":14,"52ff89c3":6,"d1d65a7d":14,"7f9a5318":14,"e799aa34":14,"f05ffeaf":16,"ffd890be":13,"7d9d206f":13,"1fbd6749":5,"685e0708":9,"abd5a7b2":15,"0498a6a4":8,"11d09196":11,"901a7930":12,"b3da54fb":12,"9f1a87df":14,"85a5a991":8,"e0f73b95":13,"47efa363":11,"ee370f3f":16,"7b3a8bd4":10,"5787beef":11,"bb23ea68":8,"5b41ab20":16,"214fe54e":15,"59284d29":11,"6fcdc62d":7,"6ab2cf6e":13,"8c8f3151":13,"9c033fbe":10,"55e34101":17,"af954878":14,"66ccdf1b":15,"2f762aa3":11,"043d15b4":15,"c9c4c1b8":11,"6550664c":13,"aad09fc0":16,"70328518":11,"67431d12":13,"842ddd96":15,"2f5aa476":14,"3692b1da":13,"685e0708":10,"f05ffeaf":17,"3676a672":11,"46838e54":12,"c9583312":11,"703279f9":7,"d7f4a2df":12,"26f70e3d":10,"9f1a87df":15,"e2929307":15,"7d5eae50":18,"eac5a138":13,"27de3225":9,"d3847d78":8,"7b3a8bd4":11,"8b19033e":18,"5787beef":12,"bf9562cc":12,"b5075d35":14,"0ad91f6c":10,"5b41ab20":17,"67bb1522":12,"5c61e86a":5,"e73559c4":12,"55e34101":18,"8e83e235":13,"c9c4c1b8":12,"2f762aa3":12,"6550664c":14,"e799aa34":15,"7f9a5318":15,"043d15b4":16,"95501f25":12,"70328518":12,"67431d12":14,"2ca6cc3a":10,"3692b1da":14,"588c0bad":15,"0498a6a4":9,"11d09196":12,"901a7930":13,"c9583312":12,"7d9d206f":14,"ffd890be":14,"45529a2b":9,"85a5a991":9,"a7d846d3":14,"e2929307":16,"7d5eae50":19,"eac5a138":14,"d3dfc1c6":18,"bb23ea68":9,"7b3a8bd4":12,"8b19033e":19,"204e6ea2":6,"5787beef":13,"adc3b5be":11,"9a179cd0":20,"06e6abba":8,"0ad91f6c":11,"5c61e86a":6,"67bb1522":13,"59284d29":12,"6ab2cf6e":14,"9c033fbe":11,"e73559c4":13,"a3a7f0b9":8,"85287073":9,"c50d03c0":12,"b0c7ac47":7,"1f2989a7":5,"a76c327e":8,"7f9a5318":16,"3c295178":6,"3d9fa89a":9,"70328518":13,"8b905406":12,"2ca6cc3a":11,"b07858b9":10,"2f5aa476":15,"3692b1da":15,"703279f9":8,"901a7930":14,"c9583312":13,"fd4c374e":13,"ffd890be":15,"26f70e3d":11,"9f1a87df":16,"5305e03a":15,"45529a2b":10,"7d5eae50":20,"cb3d14e0":17,"e0f73b95":14,"eac5a138":15,"47efa363":12,"7b3a8bd4":13,"851f46ad":5,"5787beef":14,"5c61e86a":7,"59284d29":13,"0ad91f6c":12,"06e6abba":9,"6fcdc62d":8,"9a179cd0":21,"8c8f3151":14,"5b41ab20":18,"9c033fbe":12,"55e34101":19,"af954878":15,"85287073":10,"e799aa34":16,"2f762aa3":13,"1f2989a7":6,"a76c327e":9,"d1d65a7d":15,"99dd4fe5":11,"f05ffeaf":18,"043d15b4":17,"aad09fc0":17,"95501f25":13,"67431d12":15,"0498a6a4":10,"8b905406":13,"2ca6cc3a":12,"2f5aa476":16,"5e4edf1b":6,"65ac70ef":13,"d7f4a2df":13,"901a7930":15,"26571530":13,"46838e54":13,"ac8a26fd":13,"c9583312":14,"fd4c374e":14
1605883210297,"bf9562cc":51,"59284d29":54,"8c8f3151":55,"5b41ab20":60,"74576d5a":51,"adc3b5be":46,"67bb1522":51,"5c61e86a":44,"0ad91f6c":47,"52bb65f0":50,"6ab2cf6e":53,"6fcdc62d":44,"9a179cd0":61,"b5075d35":54,"9c033fbe":52,"55e34101":58,"a3a7f0b9":48,"85287073":45,"e73559c4":47,"9e6e0a42":55,"af954878":53,"b3da54fb":54,"9f1a87df":55,"a7d846d3":53,"e2929307":57,"7d5eae50":59,"26f70e3d":46,"47efa363":45,"45529a2b":47,"bb23ea68":50,"5305e03a":52,"204e6ea2":46,"cb3d14e0":56,"d3847d78":46,"eac5a138":51,"27de3225":47,"e0f73b95":54,"851f46ad":46,"5787beef":58,"7148805c":48,"d3dfc1c6":58,"8b19033e":50,"bf9562cc":52,"06e6abba":42,"59284d29":55,"5b41ab20":61,"74576d5a":52,"adc3b5be":47,"67bb1522":52,"214fe54e":57,"5c61e86a":45,"52bb65f0":51,"6ab2cf6e":54,"6fcdc62d":45,"9a179cd0":62,"b5075d35":55,"9c033fbe":53,"e73559c4":48,"a3a7f0b9":49,"85287073":46,"8e83e235":52,"9e6e0a42":56,"af954878":54,"ab0f904a":49,"5f8be2a0":54,"fdc37183":53,"47772e4e":49,"d863f70e":49,"3ca27b2d":59,"c824b8c1":49,"59776979":42,"90f55ba7":53,"ff4a30ad":61,"49d87347":47,"5305e03a":53,"9f1a87df":56,"a7d846d3":54,"e2929307":58,"7d5eae50":60,"26f70e3d":47,"ee370f3f":57,"47efa363":46,"45529a2b":48,"85a5a991":46,"204e6ea2":47,"cb3d14e0":57,"d3847d78":47,"eac5a138":52,"27de3225":48,"7b3a8bd4":50,"851f46ad":47,"e0f73b95":55,"7148805c":49,"d3dfc1c6":59,"8b19033e":51,"7c4bcfe2":53,"3f976948":57,"42506a82":42,"7624175c":52,"5d325caa":56,"6f53f173":51,"c66a74e7":53,"a0ab1d27":54,"52ff89c3":43,"f5682647":51,"bf9562cc":53,"06e6abba":43,"8c8f3151":56,"5b41ab20":62,"74576d5a":53,"adc3b5be":48,"67bb1522":53,"5c61e86a":46,"0ad91f6c":48,"52bb65f0":52,"6ab2cf6e":55,"6fcdc62d":46,"9a179cd0":63,"b5075d35":56,"9c033fbe":54,"e73559c4":49,"a3a7f0b9":50,"85287073":47,"8e83e235":53,"fdc37183":54,"ab0f904a":50,"d863f70e":50,"5f8be2a0":55,"3ca27b2d":60,"47772e4e":50,"45a90631":51,"78573c52":52,"9e6e0a42":57,"af954878":55,"5305e03a":54,"9f1a87df":57,"a7d846d3":55,"e2929307":59,"7d5eae50":61,"ee370f3f":58,"26f70e3d":48,"45529a2b":49,"bb23ea68":51,"204e6ea2":48,"85a5a991":47,"cb3d14e0":58,"d3847d78":48,"eac5a138":53,"27de3225":49,"7b3a8bd4":51,"851f46ad":48,"5787beef":59,"7148805c":50,"d3dfc1c6":60,"e0f73b95":56,"685e0708":46,"703279f9":44,"90f55ba7":54,"59776979":43,"7c4bcfe2":54,"49d87347":48,"42506a82":43,"3f976948":58,"7624175c":53,"5d325caa":57,"6f53f173":52,"e3180631":50,"a0ab1d27":55,"52ff89c3":44,"f5682647":52,"3676a672":54,"ac8a26fd":56,"1fbd6749":42,"ffd890be":51,"7d9d206f":56,"fd4c374e":49,"c9583312":55,"26571530":53,"2f5aa476":59,"65ac70ef":52,"11d09196":54,"abd5a7b2":64,"3692b1da":58,"d7f4a2df":51,"901a7930":51,"842ddd96":55,"0498a6a4":47,"b07858b9":49,"bf9562cc":54,"06e6abba":44,"59284d29":56,"5b41ab20":63,"74576d5a":54,"adc3b5be":49,"67bb1522":54,"214fe54e":58,"0ad91f6c":49,"52bb65f0":53,"6ab2cf6e":56,"6fcdc62d":47,"9a179cd0":64,"5c61e86a":47,"9c033fbe":55,"55e34101":59,"e73559c4":50,"85287073":48,"8e83e235":54,"ab0f904a":51,"fdc37183":55,"c824b8c1":50,"59776979":44,"47772e4e":51,"3ca27b2d":61,"78573c52":53,"45a90631":52,"9e6e0a42":58,"af954878":56,"66ccdf1b":56,"2f762aa3":53,"a76c327e":52,"d1d65a7d":55,"c9c4c1b8":53,"b0c7ac47":50,"c50d03c0":51,"29c14aac":45,"99dd4fe5":51,"f05ffeaf":60,"6550664c":58,"043d15b4":67,"3c295178":40,"1f2989a7":45,"b3da54fb":55,"9f1a87df":58,"a7d846d3":56,"e2929307":60,"7d5eae50":62,"26f70e3d":49,"ee370f3f":59,"5305e03a":55,"bb23ea68":52,"85a5a991":48,"204e6ea2":49,"47efa363":47,"d3847d78":49,"eac5a138":54,"27de3225":50,"7b3a8bd4":52,"851f46ad":49,"5787beef":60,"e0f73b95":57,"d3dfc1c6":61,"8b19033e":52,"aad09fc0":51,"70328518":56,"4f732e78":49,"67431d12":55,"3d9fa89a":55,"95501f25":59,"0089cf23":45,"2ca6cc3a":54,"65ac70ef":53,"703279f9":45,"26571530":54,"ff4a30ad":62,"90f55ba7":55,"7c4bcfe2":55,"49d87347":49,"42506a82":44,"3f976948":59,"7624175c":54,"5d325caa":58,"6f53f173":53,"e3180631":51,"a0ab1d27":56,"52ff89c3":45,"c66a74e7":54,"3676a672":55,"ac8a26fd":57,"1fbd6749":43,"ffd890be":52,"7d9d206f":57,"fd4c374e":50,"46838e54":54,"2f5aa476":60,"588c0bad":56,"11d09196":55,"abd5a7b2":65,"3692b1da":59,"d7f4a2df":52,"901a7930":52,"842ddd96":56,"0498a6a4":48,"b07858b9":50,"bf9562cc":55,"06e6abba":45,"8c8f3151":57,"5b41ab20":64,"59284d29":57,"adc3b5be":50,"67bb1522":55,"214fe54e":59,"0ad91f6c":50,"52bb65f0":54,"6ab2cf6e":57,"6fcdc62d":48,"9a179cd0":65,"5c61e86a":48,"9c033fbe":56,"55e34101":60,"a3a7f0b9":51,"e73559c4":51,"fdc37183":56,"ab0f904a":52,"d863f70e":51,"5f8be2a0":56,"3ca27b2d":62,"47772e4e":52,"59776979":45,"78573c52":54,"8e83e235":55,"9e6e0a42":59,"af954878":57,"66ccdf1b":57,"2f762aa3":54,"a76c327e":53,"d1d65a7d":56,"c9c4c1b8":54,"e799aa34":54,"c50d03c0":52,"29c14aac":46,"7f9a5318":58,"f05ffeaf":61,"6550664c":59,"043d15b4":68,"99dd4fe5":52,"1f2989a7":46,"b3da54fb":56,"9f1a87df":59,"a7d846d3":57,"e2929307":61,"7d5eae50":63,"5305e03a":56,"ee370f3f":60,"45529a2b":50,"bb23ea68":53,"85a5a991":49,"47efa363":48,"cb3d14e0":59,"d3847d78":50,"eac5a138":55,"27de3225":51,"7b3a8bd4":53,"851f46ad":50,"5787beef":61,"7148805c":51,"e0f73b95":58,"8b19033e":53,"aad09fc0":52,"70328518":57,"4f732e78":50,"67431d12":56,"3d9fa89a":56,"95501f25":60,"0089cf23":46,"2ca6cc3a":55,"685e0708":47,"703279f9":46,"26571530":55,"ff4a30ad":63,"90f55ba7":56,"7c4bcfe2":56,"49d87347":50,"42506a82":45,"c824b8c1":51,"7624175c":55,"5d325caa":59,"6f53f173":54,"e3180631":52,"c66a74e7":55,"52ff89c3":46,"f5682647":53,"3676a672":56,"ac8a26fd":58,"1fbd6749":44,"c9583312":56,"7d9d206f":58,"fd4c374e":51,"46838e54":55,"65ac70ef":54,"588c0bad":57,"11d09196":56,"abd5a7b2":66,"5e4edf1b":42,"3692b1da":60,"901a7930":53,"842ddd96":57,"0498a6a4":49,"b07858b9":51,"bf9562cc":56,"59284d29":58,"8c8f3151":58,"5b41ab20":65,"74576d5a":55,"adc3b5be":51,"67bb1522":56,"214fe54e":60,"0ad91f6c":51,"5c61e86a":49,"6ab2cf6e":58,"6fcdc62d":49,"9a179cd0":66,"b5075d35":57,"e73559c4":52,"55e34101":61,"59776979":46,"c824b8c1":52,"d863f70e":52,"5f8be2a0":57,"3ca27b2d":63,"47772e4e":53,"45a90631":53,"78573c52":55,"a3a7f0b9":52,"85287073":49,"8e83e235":56,"9e6e0a42":60,"66ccdf1b":58,"2f762aa3":55,"a76c327e":54,"d1d65a7d":57,"c9c4c1b8":55,"e799aa34":55,"c50d03c0":53,"29c14aac":47,"99dd4fe5":53,"f05ffeaf":62,"6550664c":60,"043d15b4":69,"3c295178":41,"1f2989a7":47,"af954878":58,"b3da54fb":57,"5305e03a":57,"a7d846d3":58,"e2929307":62,"7d5eae50":64,"26f70e3d":50,"47efa363":49,"bb23ea68":54,"45529a2b":51,"204e6ea2":50,"85a5a991":50,"cb3d14e0":60,"d3847d78":51,"eac5a138":56,"27de3225":52,"7b3a8bd4":54,"851f46ad":51,"5787beef":62,"7148805c":52,"d3dfc1c6":62,"e0f73b95":59
1605883210297,"3676a672":57,"ac8a26fd":59,"1fbd6749":45,"ffd890be":53,"7d9d206f":59,"aad09fc0":53,"70328518":58,"4f732e78":51,"67431d12":57,"3d9fa89a":57,"95501f25":61,"0089cf23":47,"2ca6cc3a":56,"685e0708":48,"fd4c374e":52,"c9583312":57,"703279f9":47,"26571530":56,"2f5aa476":61,"65ac70ef":55,"11d09196":57,"abd5a7b2":67,"3692b1da":61,"d7f4a2df":53,"901a7930":54,"842ddd96":58,"0498a6a4":50,"b07858b9":52,"66ccdf1b":59,"2f762aa3":56,"a76c327e":55,"b0c7ac47":51,"c9c4c1b8":56,"e799aa34":56,"c50d03c0":54,"29c14aac":48,"7f9a5318":59,"99dd4fe5":54,"6550664c":61,"043d15b4":70,"3c295178":42,"1f2989a7":48,"3676a672":58,"ac8a26fd":60,"1fbd6749":46,"ffd890be":54,"7d9d206f":60,"aad09fc0":54,"67431d12":58,"4f732e78":52,"8b905406":54,"3d9fa89a":58,"95501f25":62,"0089cf23":48,"2ca6cc3a":57,"685e0708":49,"703279f9":48,"c9583312":58,"46838e54":56,"65ac70ef":56,"2f5aa476":62,"588c0bad":58,"11d09196":58,"abd5a7b2":68,"5e4edf1b":43,"d7f4a2df":54,"3692b1da":62,"842ddd96":59,"0498a6a4":51,"b07858b9":53,"ff4a30ad":64,"90f55ba7":57,"7c4bcfe2":57,"49d87347":51,"42506a82":46,"3f976948":60,"7624175c":56,"5d325caa":60,"6f53f173":55,"e3180631":53,"a0ab1d27":57,"c66a74e7":56,"f5682647":54,"66ccdf1b":60,"b0c7ac47":52,"a76c327e":56,"d1d65a7d":58,"c9c4c1b8":57,"e799aa34":57,"c50d03c0":55,"99dd4fe5":55,"7f9a5318":60,"f05ffeaf":63,"6550664c":62,"043d15b4":71,"3c295178":43,"1f2989a7":49,"3676a672":59,"ac8a26fd":61,"1fbd6749":47,"ffd890be":55,"7d9d206f":61,"aad09fc0":55,"70328518":59,"4f732e78":53,"8b905406":55,"67431d12":59,"95501f25":63,"0089cf23":49,"2ca6cc3a":58,"65ac70ef":57,"c9583312":59,"46838e54":57,"703279f9":49,"26571530":57,"2f5aa476":63,"588c0bad":59,"11d09196":59,"abd5a7b2":69,"5e4edf1b":44,"d7f4a2df":55,"901a7930":55,"842ddd96":60,"0498a6a4":52,"3692b1da":63,"ab0f904a":53,"fdc37183":57,"d863f70e":53,"5f8be2a0":58,"59776979":47,"47772e4e":54,"c824b8c1":53,"45a90631":54,"ff4a30ad":65,"90f55ba7":58,"49d87347":52,"7c4bcfe2":58,"42506a82":47,"3f976948":61,"7624175c":57,"5d325caa":61,"c66a74e7":57,"e3180631":54,"a0ab1d27":58,"b0c7ac47":53,"2f762aa3":57,"a76c327e":57,"d1d65a7d":59,"c9c4c1b8":58,"e799aa34":58,"52ff89c3":47,"f5682647":55,"c50d03c0":56,"29c14aac":49,"99dd4fe5":56,"f05ffeaf":64,"6550664c":63,"043d15b4":72,"3c295178":44,"1f2989a7":50,"3676a672":60,"ac8a26fd":62,"1fbd6749":48,"ffd890be":56,"7d9d206f":62,"c9583312":60,"67431d12":60,"70328518":60,"4f732e78":54,"8b905406":56,"3d9fa89a":59,"95501f25":64,"0089cf23":50,"65ac70ef":58,"685e0708":50,"46838e54":58,"bf9562cc":57,"06e6abba":46,"8c8f3151":59,"5b41ab20":66,"74576d5a":56,"59284d29":59,"67bb1522":57,"703279f9":50,"26571530":58,"2f5aa476":64,"588c0bad":60,"11d09196":60,"abd5a7b2":70,"5e4edf1b":45,"d7f4a2df":56,"3692b1da":64,"842ddd96":61,"0498a6a4":53,"b07858b9":54,"214fe54e":61,"0ad91f6c":52,"5c61e86a":50,"6ab2cf6e":59,"6fcdc62d":50,"9a179cd0":67,"b5075d35":58,"9c033fbe":57,"e73559c4":53,"a3a7f0b9":53,"85287073":50,"fdc37183":58,"d863f70e":54,"ab0f904a":54,"3ca27b2d":64,"5f8be2a0":59,"45a90631":55,"47772e4e":55,"78573c52":56,"ff4a30ad":66,"90f55ba7":59,"59776979":48,"49d87347":53,"42506a82":48,"3f976948":62,"7624175c":58,"5d325caa":62,"6f53f173":56,"e3180631":55,"a0ab1d27":59,"c66a74e7":58,"f5682647":56,"b3da54fb":58,"5305e03a":58,"7d5eae50":65,"a7d846d3":59,"e2929307":63,"ee370f3f":61,"26f70e3d":51,"bb23ea68":55,"45529a2b":52,"204e6ea2":51,"47efa363":50,"85a5a991":51,"d3847d78":52,"eac5a138":57,"27de3225":53,"7b3a8bd4":55,"851f46ad":52,"5787beef":63,"7148805c":53,"e0f73b95":60,"8b19033e":54,"66ccdf1b":61,"2f762aa3":58,"a76c327e":58,"d1d65a7d":60,"c9c4c1b8":59,"b0c7ac47":54,"8e83e235":57,"9e6e0a42":61,"af954878":59,"c50d03c0":57,"29c14aac":50,"7f9a5318":61,"f05ffeaf":65,"6550664c":64,"043d15b4":73,"3c295178":45,"1f2989a7":51,"99dd4fe5":57,"3676a672":61,"ac8a26fd":63,"bf9562cc":58,"06e6abba":47,"59284d29":60,"5b41ab20":67,"74576d5a":57,"adc3b5be":52,"1fbd6749":49,"aad09fc0":56,"70328518":61,"4f732e78":55,"8b905406":57,"3d9fa89a":60,"95501f25":65,"0089cf23":51,"2ca6cc3a":59,"67431d12":61,"685e0708":51,"ffd890be":57,"7d9d206f":63,"fd4c374e":53,"46838e54":59,"c9583312":61,"67bb1522":58,"214fe54e":62,"0ad91f6c":53,"52bb65f0":55,"6ab2cf6e":60,"6fcdc62d":51,"9a179cd0":68,"5c61e86a":51,"9c033fbe":58,"55e34101":62,"a3a7f0b9":54,"703279f9":51,"26571530":59,"abd5a7b2":71,"2f5aa476":65,"5e4edf1b":46,"588c0bad":61,"d7f4a2df":57,"11d09196":61,"65ac70ef":59,"901a7930":56,"842ddd96":62,"0498a6a4":54,"b07858b9":55,"3692b1da":65,"fdc37183":59,"d863f70e":55,"ab0f904a":55,"3ca27b2d":65,"5f8be2a0":60,"47772e4e":56,"45a90631":56,"ff4a30ad":67,"78573c52":57,"7c4bcfe2":59,"90f55ba7":60,"c824b8c1":54,"59776979":49,"3f976948":63,"7624175c":59,"5d325caa":63,"6f53f173":57,"e3180631":56,"a0ab1d27":60,"c66a74e7":59,"f5682647":57,"b3da54fb":59,"9f1a87df":60,"a7d846d3":60,"e2929307":64,"7d5eae50":66,"26f70e3d":52,"47efa363":51,"45529a2b":53,"bb23ea68":56,"5305e03a":59,"204e6ea2":52,"cb3d14e0":61,"d3847d78":53,"27de3225":54,"eac5a138":58,"7b3a8bd4":56,"e0f73b95":61,"5787beef":64,"7148805c":54,"d3dfc1c6":63,"8b19033e":55,"66ccdf1b":62,"2f762aa3":59,"a76c327e":59,"d1d65a7d":61,"c9c4c1b8":60,"e799aa34":59,"85287073":51,"e73559c4":54,"9e6e0a42":62,"af954878":60,"c50d03c0":58,"b0c7ac47":55,"29c14aac":51,"7f9a5318":62,"f05ffeaf":66,"6550664c":65,"043d15b4":74,"3c295178":46,"1f2989a7":52,"99dd4fe5":58,"3676a672":62,"ac8a26fd":64,"1fbd6749":50,"bf9562cc":59,"06e6abba":48,"8c8f3151":60,"aad09fc0":57,"70328518":62,"4f732e78":56,"8b905406":58,"3d9fa89a":61,"95501f25":66,"0089cf23":52,"67431d12":62,"2ca6cc3a":60,"ffd890be":58,"7d9d206f":64,"fd4c374e":54,"46838e54":60,"c9583312":62,"59284d29":61,"74576d5a":58,"adc3b5be":53,"67bb1522":59,"214fe54e":63,"0ad91f6c":54,"52bb65f0":56,"6ab2cf6e":61,"6fcdc62d":52,"9a179cd0":69,"b5075d35":59,"5c61e86a":52,"685e0708":52,"703279f9":52,"26571530":60,"2f5aa476":66,"588c0bad":62,"11d09196":62,"abd5a7b2":72,"65ac70ef":60,"5e4edf1b":47,"d7f4a2df":58,"901a7930":57,"842ddd96":63,"0498a6a4":55,"b07858b9":56,"3692b1da":66,"fdc37183":60,"d863f70e":56,"ab0f904a":56,"3ca27b2d":66,"45a90631":57,"5f8be2a0":61,"47772e4e":57,"ff4a30ad":68,"7c4bcfe2":60,"78573c52":58,"90f55ba7":61,"42506a82":49,"49d87347":54,"59776979":50,"3f976948":64,"c824b8c1":55,"7624175c":60,"5d325caa":64,"6f53f173":58,"e3180631":57,"a0ab1d27":61,"52ff89c3":48,"b3da54fb":60,"7d5eae50":67,"9f1a87df":61,"ee370f3f":62,"a7d846d3":61,"bb23ea68":57,"e2929307":65,"26f70e3d":53,"204e6ea2":53,"cb3d14e0":62,"45529a2b":54,"27de3225":55,"d3847d78":54,"7b3a8bd4":57,"85a5a991":52,"5305e03a":60,"851f46ad":53,"eac5a138":59,"5787beef":65,"47efa363":52,"7148805c":55,"d3dfc1c6":64,"8b19033e":56,"e0f73b95":62
1605883210298,"9c033fbe":59,"55e34101":63,"a3a7f0b9":55,"85287073":52,"8e83e235":58,"9e6e0a42":63,"af954878":61,"e73559c4":55,"bf9562cc":60,"06e6abba":49,"8c8f3151":61,"5b41ab20":68,"74576d5a":59,"adc3b5be":54,"67bb1522":60,"59284d29":62,"214fe54e":64,"0ad91f6c":55,"52bb65f0":57,"6ab2cf6e":62,"6fcdc62d":53,"9a179cd0":70,"b5075d35":60,"5c61e86a":53,"9c033fbe":60,"55e34101":64,"a3a7f0b9":56,"85287073":53,"8e83e235":59,"9e6e0a42":64,"af954878":62,"e73559c4":56,"b3da54fb":61,"9f1a87df":62,"a7d846d3":62,"e2929307":66,"7d5eae50":68,"26f70e3d":54,"45529a2b":55,"ee370f3f":63,"85a5a991":53,"bb23ea68":58,"204e6ea2":54,"5305e03a":61,"cb3d14e0":63,"d3847d78":55,"27de3225":56,"eac5a138":60,"7b3a8bd4":58,"47efa363":53,"851f46ad":54,"5787beef":66,"7148805c":56,"d3dfc1c6":65,"8b19033e":57,"e0f73b95":63,"f5682647":58,"bf9562cc":61,"06e6abba":50,"8c8f3151":62,"5b41ab20":69,"c66a74e7":60,"74576d5a":60,"adc3b5be":55,"67bb1522":61,"59284d29":63,"214fe54e":65,"0ad91f6c":56,"52bb65f0":58,"6ab2cf6e":63,"6fcdc62d":54,"9a179cd0":71,"b5075d35":61,"5c61e86a":54,"fdc37183":61,"d863f70e":57,"3ca27b2d":67,"ab0f904a":57,"5f8be2a0":62,"45a90631":58,"9c033fbe":61,"55e34101":65,"a3a7f0b9":57,"85287073":54,"8e83e235":60,"9e6e0a42":65,"af954878":63,"e73559c4":57,"b3da54fb":62,"9f1a87df":63,"a7d846d3":63,"e2929307":67,"7d5eae50":69,"26f70e3d":55,"45529a2b":56,"ee370f3f":64,"85a5a991":54,"bb23ea68":59,"5305e03a":62,"204e6ea2":55,"cb3d14e0":64,"d3847d78":56,"27de3225":57,"7b3a8bd4":59,"eac5a138":61,"47efa363":54,"851f46ad":55,"5787beef":67,"7148805c":57,"d3dfc1c6":66,"8b19033e":58,"e0f73b95":64,"ff4a30ad":69,"47772e4e":58,"78573c52":59,"7c4bcfe2":61,"90f55ba7":62,"42506a82":50,"49d87347":55,"59776979":51,"3f976948":65,"c824b8c1":56,"7624175c":61,"5d325caa":65,"6f53f173":59,"e3180631":58,"a0ab1d27":62,"52ff89c3":49,"f5682647":59,"c66a74e7":61,"bf9562cc":62,"06e6abba":51,"8c8f3151":63,"5b41ab20":70,"74576d5a":61,"adc3b5be":56,"67bb1522":62,"59284d29":64,"214fe54e":66,"0ad91f6c":57,"52bb65f0":59,"6ab2cf6e":64,"6fcdc62d":55,"9a179cd0":72,"b5075d35":62,"5c61e86a":55,"fdc37183":62,"d863f70e":58,"ab0f904a":58,"3ca27b2d":68,"9c033fbe":62,"55e34101":66,"a3a7f0b9":58,"85287073":55,"66ccdf1b":63,"2f762aa3":60,"a76c327e":60,"d1d65a7d":62,"c9c4c1b8":61,"e799aa34":60,"c50d03c0":59,"b0c7ac47":56,"29c14aac":52,"7f9a5318":63,"f05ffeaf":67,"6550664c":66,"043d15b4":75,"3c295178":47,"1f2989a7":53,"99dd4fe5":59,"8e83e235":61,"9e6e0a42":66,"af954878":64,"e73559c4":58,"b3da54fb":63,"9f1a87df":64,"a7d846d3":64,"e2929307":68,"26f70e3d":56,"7d5eae50":70,"ee370f3f":65,"45529a2b":57,"bb23ea68":60,"85a5a991":55,"5305e03a":63,"204e6ea2":56,"cb3d14e0":65,"d3847d78":57,"27de3225":58,"eac5a138":62,"7b3a8bd4":60,"47efa363":55,"851f46ad":56,"5787beef":68,"7148805c":58,"d3dfc1c6":67,"8b19033e":59,"e0f73b95":65,"aad09fc0":58,"70328518":63,"4f732e78":57,"8b905406":59,"3d9fa89a":62,"95501f25":67,"5f8be2a0":63,"45a90631":59,"47772e4e":59,"ff4a30ad":70,"7c4bcfe2":62,"78573c52":60,"90f55ba7":63,"42506a82":51,"59776979":52,"49d87347":56,"3f976948":66,"c824b8c1":57,"7624175c":62,"5d325caa":66,"6f53f173":60,"e3180631":59,"a0ab1d27":63,"52ff89c3":50,"f5682647":60,"c66a74e7":62,"3676a672":63,"ac8a26fd":65,"1fbd6749":51,"ffd890be":59,"7d9d206f":65,"fd4c374e":55,"46838e54":61,"c9583312":63,"0089cf23":53,"67431d12":63,"2ca6cc3a":61,"685e0708":53,"703279f9":53,"26571530":61,"2f5aa476":67,"abd5a7b2":73,"588c0bad":63,"5e4edf1b":48,"11d09196":63,"d7f4a2df":59,"65ac70ef":61,"901a7930":58,"842ddd96":64,"0498a6a4":56,"b07858b9":57,"3692b1da":67,"bf9562cc":63,"06e6abba":52,"8c8f3151":64,"5b41ab20":71,"74576d5a":62,"adc3b5be":57,"67bb1522":63,"59284d29":65,"214fe54e":67,"0ad91f6c":58,"52bb65f0":60,"6ab2cf6e":65,"6fcdc62d":56,"9a179cd0":73,"b5075d35":63,"5c61e86a":56,"fdc37183":63,"ab0f904a":59,"d863f70e":59,"5f8be2a0":64,"9c033fbe":63,"66ccdf1b":64,"2f762aa3":61,"a76c327e":61,"d1d65a7d":63,"c9c4c1b8":62,"e799aa34":61,"c50d03c0":60,"b0c7ac47":57,"29c14aac":53,"7f9a5318":64,"f05ffeaf":68,"6550664c":67,"043d15b4":76,"3c295178":48,"1f2989a7":54,"99dd4fe5":60,"55e34101":67,"a3a7f0b9":59,"b3da54fb":64,"9f1a87df":65,"a7d846d3":65,"e2929307":69,"26f70e3d":57,"7d5eae50":71,"45529a2b":58,"ee370f3f":66,"85a5a991":56,"bb23ea68":61,"5305e03a":64,"27de3225":59,"204e6ea2":57,"cb3d14e0":66,"7b3a8bd4":61,"851f46ad":57,"d3847d78":58,"eac5a138":63,"5787beef":69,"7148805c":59,"47efa363":56,"d3dfc1c6":68,"8b19033e":60,"e0f73b95":66,"85287073":56,"8e83e235":62,"9e6e0a42":67,"af954878":65,"e73559c4":59,"aad09fc0":59,"70328518":64,"4f732e78":58,"8b905406":60,"3d9fa89a":63,"95501f25":68,"3ca27b2d":69,"47772e4e":60,"78573c52":61,"45a90631":60,"90f55ba7":64,"ff4a30ad":71,"7c4bcfe2":63,"49d87347":57,"42506a82":52,"3f976948":67,"59776979":53,"c824b8c1":58,"7624175c":63,"5d325caa":67,"6f53f173":61,"e3180631":60,"a0ab1d27":64,"52ff89c3":51,"f5682647":61,"c66a74e7":63,"3676a672":64,"ac8a26fd":66,"1fbd6749":52,"ffd890be":60,"7d9d206f":66,"fd4c374e":56,"46838e54":62,"c9583312":64,"0089cf23":54,"67431d12":64,"2ca6cc3a":62,"685e0708":54,"703279f9":54,"26571530":62,"2f5aa476":68,"abd5a7b2":74,"588c0bad":64,"5e4edf1b":49,"11d09196":64,"d7f4a2df":60,"901a7930":59,"65ac70ef":62,"842ddd96":65,"0498a6a4":57,"b07858b9":58,"3692b1da":68,"bf9562cc":64,"06e6abba":53,"8c8f3151":65,"5b41ab20":72,"74576d5a":63,"adc3b5be":58,"67bb1522":64,"59284d29":66,"214fe54e":68,"0ad91f6c":59,"52bb65f0":61,"6ab2cf6e":66,"6fcdc62d":57,"9a179cd0":74,"b5075d35":64,"5c61e86a":57,"fdc37183":64,"d863f70e":60,"ab0f904a":60,"9c033fbe":64,"55e34101":68,"a3a7f0b9":60,"66ccdf1b":65,"2f762aa3":62,"a76c327e":62,"d1d65a7d":64,"c9c4c1b8":63,"e799aa34":62,"c50d03c0":61,"b0c7ac47":58,"29c14aac":54,"7f9a5318":65,"f05ffeaf":69,"6550664c":68,"043d15b4":77,"3c295178":49,"1f2989a7":55,"99dd4fe5":61,"85287073":57,"8e83e235":63,"9e6e0a42":68,"af954878":66,"e73559c4":60,"b3da54fb":65,"9f1a87df":66,"a7d846d3":66,"e2929307":70,"7d5eae50":72,"26f70e3d":58,"45529a2b":59,"ee370f3f":67,"85a5a991":57,"bb23ea68":62,"204e6ea2":58,"5305e03a":65,"27de3225":60,"cb3d14e0":67,"7b3a8bd4":62,"d3847d78":59,"eac5a138":64,"851f46ad":58,"5787beef":70,"47efa363":57,"7148805c":60,"d3dfc1c6":69,"8b19033e":61,"e0f73b95":67,"aad09fc0":60,"70328518":65,"4f732e78":59,"8b905406":61,"3d9fa89a":64,"3ca27b2d":70,"5f8be2a0":65,"45a90631":61,"47772e4e":61,"ff4a30ad":72,"78573c52":62,"90f55ba7":65,"7c4bcfe2":64,"49d87347":58,"42506a82":53,"59776979":54,"3f976948":68,"c824b8c1":59,"7624175c":64,"5d325caa":68,"6f53f173":62,"3676a672":65,"ac8a26fd":67,"1fbd6749":53,"ffd890be":61,"7d9d206f":67,"fd4c374e":57,"46838e54":63,"c9583312":65,"95501f25":69,"0089cf23":55,"67431d12":65,"2ca6cc3a":63,"685e0708":55,"703279f9":55,"26571530":63,"2f5aa476":69,"abd5a7b2":75,"588c0bad":65,"5e4edf1b":50,"11d09196":65,"d7f4a2df":61,"901a7930":60,"65ac70ef":63,"842ddd96":66,"0498a6a4":58,"b07858b9":59,"3692b1da":69,"bf9562cc":65,"06e6abba":54,"e3180631":61,"a0ab1d27":65,"52ff89c3":52,"f5682647":62,"c66a74e7":64,"8c8f3151":66,"5b41ab20":73,"74576d5a":64,"adc3b5be":59,"67bb1522":65,"59284d29":67,"214fe54e":69,"0ad91f6c":60,"52bb65f0":62,"6ab2cf6e":67,"6fcdc62d":58,"9a179cd0":75,"b5075d35":65,"5c61e86a":58,"9c033fbe":65,"66ccdf1b":66,"2f762aa3":63,"a76c327e":63,"d1d65a7d":65,"c9c4c1b8":64,"e799aa34":63,"c50d03c0":62,"b0c7ac47":59,"29c14aac":55,"7f9a5318":66,"f05ffeaf":70,"6550664c":69,"043d15b4":78,"3c295178":50,"1f2989a7":56,"99dd4fe5":62,"55e34101":69,"a3a7f0b9":61,"85287073":58
1605883211338,"b3da54fb":66,"9f1a87df":67,"a7d846d3":67,"e2929307":71,"7d5eae50":73,"ee370f3f":68,"26f70e3d":59,"45529a2b":60,"bb23ea68":63,"204e6ea2":59,"85a5a991":58,"cb3d14e0":68,"5305e03a":66,"27de3225":61,"d3847d78":60,"7b3a8bd4":63,"851f46ad":59,"eac5a138":65,"47efa363":58,"5787beef":71,"7148805c":61,"d3dfc1c6":70,"8b19033e":62,"e0f73b95":68,"aad09fc0":61,"70328518":66,"4f732e78":60,"8b905406":62,"3d9fa89a":65,"8e83e235":64,"9e6e0a42":69,"af954878":67,"e73559c4":61,"3676a672":66,"ac8a26fd":68,"1fbd6749":54,"ffd890be":62,"7d9d206f":68,"fd4c374e":58,"46838e54":64,"c9583312":66,"ab0f904a":61,"fdc37183":65,"5f8be2a0":66,"d863f70e":61,"3ca27b2d":71,"47772e4e":62,"45a90631":62,"78573c52":63,"90f55ba7":66,"ff4a30ad":73,"49d87347":59,"7c4bcfe2":65,"3f976948":69,"42506a82":54,"c824b8c1":60,"59776979":55,"7624175c":65,"5d325caa":69,"6f53f173":63,"e3180631":62,"95501f25":70,"0089cf23":56,"67431d12":66,"2ca6cc3a":64,"685e0708":56,"703279f9":56,"26571530":64,"abd5a7b2":76,"5e4edf1b":51,"2f5aa476":70,"588c0bad":66,"d7f4a2df":62,"901a7930":61,"11d09196":66,"65ac70ef":64,"842ddd96":67,"0498a6a4":59,"b07858b9":60,"3692b1da":70,"bf9562cc":66,"06e6abba":55,"8c8f3151":67,"5b41ab20":74,"a0ab1d27":66,"52ff89c3":53,"f5682647":63,"c66a74e7":65,"b3da54fb":67,"9f1a87df":68,"a7d846d3":68,"e2929307":72,"26f70e3d":60,"45529a2b":61,"7d5eae50":74,"85a5a991":59,"ee370f3f":69,"5305e03a":67,"bb23ea68":64,"204e6ea2":60,"27de3225":62,"7b3a8bd4":64,"cb3d14e0":69,"851f46ad":60,"d3847d78":61,"5787beef":72,"eac5a138":66,"7148805c":62,"47efa363":59,"d3dfc1c6":71,"8b19033e":63,"e0f73b95":69,"74576d5a":65,"adc3b5be":60,"67bb1522":66,"59284d29":68,"214fe54e":70,"0ad91f6c":61,"52bb65f0":63,"6ab2cf6e":68,"6fcdc62d":59,"9a179cd0":76,"b5075d35":66,"5c61e86a":59,"66ccdf1b":67,"2f762aa3":64,"a76c327e":64,"d1d65a7d":66,"c9c4c1b8":65,"e799aa34":64,"c50d03c0":63,"b0c7ac47":60,"29c14aac":56,"7f9a5318":67,"f05ffeaf":71,"6550664c":70,"043d15b4":79,"3c295178":51,"1f2989a7":57,"99dd4fe5":63,"aad09fc0":62,"70328518":67,"4f732e78":61,"8b905406":63,"3d9fa89a":66,"95501f25":71,"9c033fbe":66,"55e34101":70,"a3a7f0b9":62,"85287073":59,"8e83e235":65,"9e6e0a42":70,"af954878":68,"e73559c4":62,"3676a672":67,"ac8a26fd":69,"1fbd6749":55,"ffd890be":63,"7d9d206f":69,"fd4c374e":59,"46838e54":65,"c9583312":67,"ab0f904a":62,"fdc37183":66,"5f8be2a0":67,"d863f70e":62,"47772e4e":63,"3ca27b2d":72,"45a90631":63,"78573c52":64,"90f55ba7":67,"ff4a30ad":74,"7c4bcfe2":66,"49d87347":60,"42506a82":55,"3f976948":70,"59776979":56,"c824b8c1":61,"7624175c":66,"5d325caa":70,"6f53f173":64,"e3180631":63,"0089cf23":57,"67431d12":67,"2ca6cc3a":65,"685e0708":57,"703279f9":57,"26571530":65,"2f5aa476":71,"abd5a7b2":77,"588c0bad":67,"5e4edf1b":52,"11d09196":67,"d7f4a2df":63,"65ac70ef":65,"901a7930":62,"842ddd96":68,"0498a6a4":60,"b07858b9":61,"3692b1da":71,"bf9562cc":67,"a0ab1d27":67,"52ff89c3":54,"f5682647":64,"c66a74e7":66,"b3da54fb":68,"9f1a87df":69,"a7d846d3":69,"e2929307":73,"26f70e3d":61,"45529a2b":62,"85a5a991":60,"5305e03a":68,"7d5eae50":75,"ee370f3f":70,"bb23ea68":65,"27de3225":63,"204e6ea2":61,"cb3d14e0":70,"7b3a8bd4":65,"851f46ad":61,"d3847d78":62,"5787beef":73,"eac5a138":67,"47efa363":60,"7148805c":63,"d3dfc1c6":72,"8b19033e":64,"06e6abba":56,"8c8f3151":68,"5b41ab20":75,"74576d5a":66,"adc3b5be":61,"67bb1522":67,"59284d29":69,"214fe54e":71,"0ad91f6c":62,"52bb65f0":64,"6ab2cf6e":69,"6fcdc62d":60,"9a179cd0":77,"b5075d35":67,"5c61e86a":60,"e0f73b95":70,"66ccdf1b":68,"2f762aa3":65,"a76c327e":65,"d1d65a7d":67,"c9c4c1b8":66,"e799aa34":65,"c50d03c0":64,"b0c7ac47":61,"29c14aac":57,"7f9a5318":68,"f05ffeaf":72,"6550664c":71,"043d15b4":80,"3c295178":52,"1f2989a7":58,"99dd4fe5":64,"aad09fc0":63,"70328518":68,"4f732e78":62,"8b905406":64,"3d9fa89a":67,"9c033fbe":67,"55e34101":71,"a3a7f0b9":63,"85287073":60,"8e83e235":66,"9e6e0a42":71,"af954878":69,"e73559c4":63,"3676a672":68,"ac8a26fd":70,"1fbd6749":56,"ffd890be":64,"7d9d206f":70,"fd4c374e":60,"46838e54":66,"c9583312":68,"fdc37183":67,"d863f70e":63,"3ca27b2d":73,"ab0f904a":63,"45a90631":64,"5f8be2a0":68,"ff4a30ad":75,"47772e4e":64,"78573c52":65,"7c4bcfe2":67,"90f55ba7":68,"42506a82":56,"59776979":57,"49d87347":61,"3f976948":71,"c824b8c1":62,"7624175c":67,"5d325caa":71,"95501f25":72,"0089cf23":58,"67431d12":68,"2ca6cc3a":66,"685e0708":58,"703279f9":58,"26571530":66,"2f5aa476":72,"588c0bad":68,"abd5a7b2":78,"5e4edf1b":53,"11d09196":68,"65ac70ef":66,"d7f4a2df":64,"901a7930":63,"842ddd96":69,"0498a6a4":61,"b07858b9":62,"3692b1da":72,"6f53f173":65,"e3180631":64,"a0ab1d27":68,"52ff89c3":55,"f5682647":65,"c66a74e7":67,"b3da54fb":69,"9f1a87df":70,"a7d846d3":70,"e2929307":74,"26f70e3d":62,"45529a2b":63,"85a5a991":61,"5305e03a":69,"7d5eae50":76,"ee370f3f":71,"bb23ea68":66,"27de3225":64,"204e6ea2":62,"7b3a8bd4":66,"851f46ad":62,"cb3d14e0":71,"bf9562cc":68,"06e6abba":57,"8c8f3151":69,"5b41ab20":76,"74576d5a":67,"adc3b5be":62,"67bb1522":68,"59284d29":70,"214fe54e":72,"0ad91f6c":63,"52bb65f0":65,"6ab2cf6e":70,"6fcdc62d":61,"9a179cd0":78,"b5075d35":68,"5c61e86a":61,"d3847d78":63,"5787beef":74,"7148805c":64,"eac5a138":68,"66ccdf1b":69,"2f762aa3":66,"a76c327e":66,"d1d65a7d":68,"c9c4c1b8":67,"e799aa34":66,"c50d03c0":65,"29c14aac":58,"7f9a5318":69,"b0c7ac47":62,"f05ffeaf":73,"6550664c":72,"043d15b4":81,"3c295178":53,"47efa363":61,"d3dfc1c6":73,"8b19033e":65,"e0f73b95":71,"aad09fc0":64,"70328518":69,"4f732e78":63,"8b905406":65,"3d9fa89a":68,"9c033fbe":68,"55e34101":72,"a3a7f0b9":64,"85287073":61,"8e83e235":67,"9e6e0a42":72,"af954878":70,"e73559c4":64,"fdc37183":68,"d863f70e":64,"ab0f904a":64,"3ca27b2d":74,"5f8be2a0":69,"45a90631":65,"47772e4e":65,"ff4a30ad":76,"78573c52":66,"7c4bcfe2":68,"90f55ba7":69,"42506a82":57,"59776979":58,"49d87347":62,"3f976948":72,"c824b8c1":63,"1f2989a7":59,"99dd4fe5":65,"3676a672":69,"ac8a26fd":71,"1fbd6749":57,"ffd890be":65,"7d9d206f":71,"fd4c374e":61,"46838e54":67,"c9583312":69,"95501f25":73,"0089cf23":59,"67431d12":69,"2ca6cc3a":67,"685e0708":59,"703279f9":59,"26571530":67,"2f5aa476":73,"588c0bad":69,"abd5a7b2":79,"11d09196":69,"5e4edf1b":54,"65ac70ef":67,"d7f4a2df":65,"901a7930":64,"842ddd96":70,"0498a6a4":62,"b07858b9":63,"3692b1da":73,"7624175c":68,"5d325caa":72,"6f53f173":66,"e3180631":65,"a0ab1d27":69,"52ff89c3":56,"f5682647":66,"c66a74e7":68,"b3da54fb":70,"9f1a87df":71,"a7d846d3":71,"e2929307":75,"26f70e3d":63,"45529a2b":64,"85a5a991":62,"5305e03a":70,"7d5eae50":77,"ee370f3f":72,"bb23ea68":67,"27de3225":65,"204e6ea2":63,"7b3a8bd4":67,"cb3d14e0":72,"851f46ad":63,"d3847d78":64,"5787beef":75,"eac5a138":69,"7148805c":65,"bf9562cc":69,"06e6abba":58,"8c8f3151":70,"5b41ab20":77,"74576d5a":68,"adc3b5be":63,"67bb1522":69,"59284d29":71,"214fe54e":73,"0ad91f6c":64,"52bb65f0":66,"6ab2cf6e":71,"6fcdc62d":62,"9a179cd0":79,"b5075d35":69,"5c61e86a":62,"47efa363":62,"d3dfc1c6":74,"8b19033e":66,"e0f73b95":72,"66ccdf1b":70,"2f762aa3":67,"a76c327e":67,"d1d65a7d":69,"c9c4c1b8":68,"e799aa34":67,"c50d03c0":66,"29c14aac":59,"b0c7ac47":63,"7f9a5318":70,"f05ffeaf":74,"6550664c":73,"043d15b4":82,"aad09fc0":65,"70328518":70,"4f732e78":64,"9c033fbe":69,"55e34101":73,"a3a7f0b9":65,"85287073":62,"8e83e235":68,"9e6e0a42":73,"af954878":71,"e73559c4":65,"fdc37183":69,"d863f70e":65,"ab0f904a":65,"5f8be2a0":70,"3ca27b2d":75,"45a90631":66,"47772e4e":66,"ff4a30ad":77,"78573c52":67,"90f55ba7":70,"7c4bcfe2":69,"42506a82":58,"49d87347":63,"59776979":59,"3f976948":73,"c824b8c1":64,"3c295178":54,"1f2989a7":60,"99dd4fe5":66,"3676a672":70,"ac8a26fd":72,"1fbd6749":58,"ffd890be":66,"7d9d206f":72,"fd4c374e":62,"46838e54":68,"c9583312":70,"8b905406":66,"3d9fa89a":69,"95501f25":74,"0089cf23":60,"67431d12":70,"2ca6cc3a":68,"685e0708":60,"703279f9":60,"26571530":68,"2f5aa476":74,"588c0bad":70,"11d09196":70,"abd5a7b2":80,"5e4edf1b":55,"65ac70ef":68,"d7f4a2df":66,"901a7930":65,"842ddd96":71,"0498a6a4":63,"b07858b9":64,"3692b1da":74,"7624175c":69,"5d325caa":73,"6f53f173":67,"e3180631":66,"a0ab1d27":70,"52ff89c3":57,"f5682647":67,"c66a74e7":69,"b3da54fb":71,"9f1a87df":72,"a7d846d3":72,"e2929307":76,"26f70e3d":64,"45529a2b":65,"85a5a991":63,"5305e03a":71,"7d5eae50":78,"ee370f3f":73,"bb23ea68":68,"204e6ea2":64,"27de3225":66,"cb3d14e0":73,"7b3a8bd4":68,"d3847d78":65,"eac5a138":70,"851f46ad":64,"bf9562cc":70,"06e6abba":59,"8c8f3151":71,"5b41ab20":78,"74576d5a":69,"adc3b5be":64,"67bb1522":70,"59284d29":72,"214fe54e":74,"0ad91f6c":65,"52bb65f0":67,"6ab2cf6e":72,"6fcdc62d":63,"9a179cd0":80,"b5075d35":70,"5c61e86a":63,"5787beef":76,"47efa363":63,"7148805c":66,"d3dfc1c6":75,"8b19033e":67,"66ccdf1b":71,"2f762aa3":68,"a76c327e":68,"d1d65a7d":70,"c9c4c1b8":69,"e799aa34":68,"c50d03c0":67,"b0c7ac47":64,"29c14aac":60,"7f9a5318":71,"f05ffeaf":75,"6550664c":74,"043d15b4":83,"e0f73b95":73,"aad09fc0":66,"70328518":71,"4f732e78":65,"9c033fbe":70,"55e34101":74,"a3a7f0b9":66,"85287073":63,"8e83e235":69,"9e6e0a42":74,"af954878":72,"e73559c4":66,"fdc37183":70,"d863f70e":66,"ab0f904a":66,"5f8be2a0":71,"3ca27b2d":76,"45a90631":67,"47772e4e":67,"ff4a30ad":78,"78573c52":68,"90f55ba7":71,"7c4bcfe2":70,"42506a82":59,"49d87347":64,"59776979":60,"3f976948":74,"c824b8c1":65,"3c295178":55,"1f2989a7":61,"99dd4fe5":67,"3676a672":71,"ac8a26fd":73,"1fbd6749":59,"ffd890be":67,"7d9d206f":73,"fd4c374e":63,"46838e54":69,"c9583312":71,"8b905406":67,"3d9fa89a":70,"95501f25":75,"0089cf23":61,"67431d12":71,"2ca6cc3a":69,"685e0708":61,"703279f9":61,"26571530":69,"2f5aa476":75,"588c0bad":71,"11d09196":71,"65ac70ef":69,"abd5a7b2":81,"5e4edf1b":56,"d7f4a2df":67,"901a7930":66,"842ddd96":72,"0498a6a4":64,"b07858b9":65,"3692b1da":75,"7624175c":70,"5d325caa":74,"6f53f173":68,"e3180631":67,"a0ab1d27":71,"52ff89c3":58,"f5682647":68,"c66a74e7":70
